design,P1 6–12k,driver band 7–10.5k,high 10.5–12.5k
fixed 168 mm,-4.72,-8.22,4.99
fixed 208 mm,-2.25,-5.8,7.16
fixed 248 mm,-0.71,-3.5,7.88
fixed 328 mm,0.0,0.0,0.0
fixed 298 mm,0.11,-0.58,1.83
fixed 268 mm,0.19,-2.32,7.15
fixed 368 mm,1.02,-0.72,4.17
fixed 488 mm,1.38,6.02,-20.81
fixed 448 mm,2.14,2.91,-7.91
fixed 408 mm,2.22,0.52,3.86
VRLI 188–288,2.45,-0.07,9.05
VRLI 228–328,3.71,1.62,8.6
VRLI 268–368,4.57,2.93,7.73
VRLI 308–408,5.34,4.24,7.45
VRLI 343–443,6.41,5.7,8.21
VRLI 268–443,6.73,6.03,8.25
VRLI 388–488,9.17,8.35,7.79
