V,stroke,lo,retracted,extended,P1 6-12k,driver 7-10.5k,josh_0426,josh_0426 shift4,ld416_ax,ld416_ax shift4,ld416_optshift,ld416_optshift shift4,ld419_endu,ld419_endu shift4,worst,duty_mean,mass_kg,plenum_h_mm,tipin_t90_ms
1.44,0,0,248.1,248.1,0.0,0.0,0.0,0.0,0.0,0.0,0.0,0.0,0.0,0.0,0.0,0.0,0.0,120.0,105.15
1.44,5,0,248.1,253.1,0.42,0.27,0.37,0.34,0.51,0.43,0.46,0.39,0.26,0.33,0.26,0.4,0.36,120.0,105.15
1.44,10,0,248.1,258.1,0.84,0.54,0.73,0.69,1.02,0.86,0.92,0.77,0.52,0.65,0.52,0.8,0.4,120.0,105.15
1.44,15,0,248.1,263.1,1.13,0.71,0.93,0.9,1.26,1.07,1.16,0.98,0.72,0.93,0.71,1.02,0.44,120.0,105.15
1.44,20,0,248.1,268.1,1.45,0.93,1.17,1.14,1.52,1.29,1.42,1.22,0.96,1.25,0.93,1.27,0.48,120.0,105.15
1.44,25,0,248.1,273.1,1.77,1.15,1.4,1.39,1.79,1.52,1.7,1.46,1.2,1.56,1.15,1.52,0.52,120.0,105.15
1.44,30,0,248.1,278.1,2.1,1.37,1.64,1.63,2.05,1.76,1.97,1.7,1.44,1.88,1.37,1.78,0.56,120.0,105.15
1.44,35,0,248.1,283.1,2.42,1.59,1.88,1.88,2.33,1.99,2.25,1.95,1.68,2.2,1.59,2.03,0.59,120.0,105.15
1.44,40,0,248.1,288.1,2.53,1.75,1.95,1.96,2.38,2.04,2.32,2.02,1.77,2.31,1.75,2.1,0.63,120.0,105.15
1.44,45,0,248.1,293.1,2.66,1.93,2.07,2.09,2.52,2.19,2.47,2.16,1.9,2.45,1.9,2.24,0.66,120.0,105.15
1.44,50,0,248.1,298.1,2.79,2.11,2.26,2.29,2.8,2.46,2.69,2.37,2.06,2.62,2.06,2.45,0.69,120.0,105.15
1.44,55,0,248.1,303.1,2.92,2.29,2.45,2.48,3.07,2.74,2.92,2.56,2.22,2.78,2.22,2.66,0.73,120.0,105.15
1.44,60,0,248.1,308.1,3.05,2.47,2.63,2.68,3.34,3.01,3.15,2.77,2.38,2.95,2.38,2.87,0.76,120.0,105.15
1.44,65,0,248.1,313.1,3.14,2.62,2.7,2.76,3.39,3.06,3.22,2.84,2.48,3.05,2.48,2.95,0.79,120.0,105.15
1.44,70,-15,233.1,303.1,3.04,2.62,2.77,2.87,3.38,3.11,3.21,2.85,2.66,3.17,2.62,3.01,0.83,120.0,105.15
1.44,75,-15,233.1,308.1,3.16,2.81,2.93,3.03,3.57,3.29,3.39,3.02,2.81,3.32,2.81,3.17,0.86,120.0,105.15
1.44,80,-15,233.1,313.1,3.25,2.96,3.0,3.1,3.62,3.35,3.46,3.09,2.91,3.42,2.91,3.25,0.89,120.0,105.15
1.44,85,-15,233.1,318.1,3.34,3.11,3.06,3.17,3.68,3.4,3.54,3.16,3.01,3.51,3.01,3.32,0.92,125.0,105.15
1.44,90,-20,228.1,318.1,3.36,3.11,3.09,3.21,3.69,3.42,3.57,3.18,3.07,3.58,3.07,3.35,0.96,130.0,105.15
1.44,95,0,248.1,343.1,3.73,3.77,3.3,3.4,3.83,3.62,3.76,3.41,3.27,3.79,3.27,3.54,0.99,135.0,105.15
1.44,100,0,248.1,348.1,3.9,3.98,3.48,3.58,3.98,3.81,3.91,3.57,3.46,3.95,3.46,3.71,1.02,140.0,105.15
1.44,105,0,248.1,353.1,4.07,4.2,3.66,3.76,4.14,4.01,4.06,3.74,3.66,4.12,3.66,3.88,1.05,145.0,105.15
1.44,110,0,248.1,358.1,4.27,4.41,3.8,3.91,4.21,4.1,4.18,3.89,3.88,4.3,3.8,4.02,1.08,150.0,105.15
1.44,115,0,248.1,363.1,4.43,4.47,3.95,4.05,4.34,4.28,4.34,4.06,4.02,4.41,3.95,4.16,1.11,155.0,105.15
1.44,120,0,248.1,368.1,4.6,4.54,4.11,4.19,4.49,4.46,4.49,4.23,4.16,4.52,4.11,4.31,1.14,160.0,105.15
1.44,125,0,248.1,373.1,4.76,4.6,4.26,4.34,4.64,4.63,4.65,4.39,4.31,4.63,4.26,4.46,1.18,165.0,105.15
1.44,130,0,248.1,378.1,4.92,4.66,4.41,4.48,4.79,4.8,4.8,4.55,4.45,4.74,4.41,4.61,1.21,170.0,105.15
1.44,135,0,248.1,383.1,5.08,4.72,4.56,4.63,4.93,4.97,4.97,4.73,4.59,4.85,4.56,4.76,1.24,175.0,105.15
1.44,140,0,248.1,388.1,5.16,4.75,4.65,4.71,5.01,5.06,5.06,4.82,4.66,4.9,4.65,4.84,1.27,180.0,105.15
1.44,145,0,248.1,393.1,5.24,4.78,4.76,4.82,5.14,5.27,5.18,4.94,4.73,4.96,4.73,4.95,1.3,185.0,105.15
1.44,150,-5,243.1,393.1,5.28,4.9,4.81,4.88,5.14,5.29,5.2,4.98,4.83,5.01,4.81,5.0,1.33,190.0,105.15
2.0,0,-10,238.1,238.1,0.37,0.11,0.36,0.5,0.25,0.3,0.23,0.22,0.59,0.75,0.11,0.36,0.0,120.0,123.95
2.0,5,0,248.1,253.1,0.72,0.7,0.59,0.57,0.51,0.43,0.68,0.57,0.59,0.62,0.43,0.59,0.36,120.0,123.95
2.0,10,0,248.1,258.1,1.18,1.05,1.0,0.95,1.06,0.9,1.19,1.0,0.89,0.99,0.89,1.04,0.4,120.0,123.95
2.0,15,-5,243.1,258.1,1.48,1.17,1.28,1.29,1.37,1.22,1.42,1.25,1.24,1.42,1.17,1.32,0.44,120.0,123.95
2.0,20,-5,243.1,263.1,1.66,1.31,1.42,1.43,1.56,1.38,1.58,1.4,1.35,1.56,1.31,1.48,0.48,120.0,123.95
2.0,25,-5,243.1,268.1,1.92,1.53,1.61,1.63,1.79,1.58,1.79,1.6,1.54,1.8,1.53,1.68,0.52,120.0,123.95
2.0,30,-5,243.1,273.1,2.23,1.74,1.82,1.86,2.02,1.79,2.03,1.82,1.77,2.11,1.74,1.91,0.56,120.0,123.95
2.0,35,-5,243.1,278.1,2.54,1.96,2.04,2.09,2.25,1.99,2.28,2.05,2.01,2.42,1.96,2.14,0.59,120.0,123.95
2.0,40,-5,243.1,283.1,2.75,2.17,2.17,2.23,2.38,2.1,2.46,2.21,2.14,2.59,2.1,2.29,0.63,120.0,123.95
2.0,45,-10,238.1,283.1,2.8,2.26,2.29,2.37,2.56,2.3,2.56,2.29,2.28,2.65,2.26,2.42,0.66,120.0,123.95
2.0,50,0,248.1,298.1,3.07,2.6,2.43,2.48,2.66,2.37,2.84,2.53,2.39,2.91,2.37,2.58,0.69,120.0,123.95
2.0,55,0,248.1,303.1,3.21,2.79,2.64,2.69,2.95,2.66,3.09,2.76,2.56,3.08,2.56,2.81,0.73,120.0,123.95
2.0,60,0,248.1,308.1,3.34,2.97,2.84,2.9,3.25,2.95,3.34,2.99,2.73,3.25,2.73,3.04,0.76,120.0,123.95
2.0,65,-5,243.1,308.1,3.39,3.06,2.93,3.02,3.36,3.08,3.41,3.07,2.86,3.34,2.86,3.14,0.79,120.0,123.95
2.0,70,-10,238.1,308.1,3.44,3.16,3.02,3.13,3.47,3.2,3.47,3.15,2.98,3.43,2.98,3.24,0.83,120.0,123.95
2.0,75,-15,233.1,308.1,3.47,3.25,3.12,3.28,3.49,3.24,3.56,3.21,3.24,3.68,3.12,3.35,0.86,120.0,123.95
2.0,80,-15,233.1,313.1,3.57,3.41,3.19,3.36,3.55,3.3,3.64,3.29,3.35,3.78,3.19,3.43,0.89,120.0,123.95
2.0,85,-15,233.1,318.1,3.67,3.57,3.27,3.44,3.61,3.36,3.72,3.36,3.46,3.89,3.27,3.51,0.92,125.0,123.95
2.0,90,0,248.1,338.1,3.94,4.18,3.4,3.52,3.59,3.41,3.83,3.51,3.52,4.0,3.4,3.59,0.96,130.0,123.95
2.0,95,0,248.1,343.1,4.09,4.36,3.62,3.73,3.85,3.7,4.03,3.71,3.71,4.17,3.62,3.8,0.99,135.0,123.95
2.0,100,0,248.1,348.1,4.24,4.54,3.78,3.89,4.0,3.89,4.17,3.86,3.89,4.31,3.78,3.96,1.02,140.0,123.95
2.0,105,0,248.1,353.1,4.39,4.72,3.94,4.05,4.15,4.07,4.31,4.01,4.08,4.47,3.94,4.12,1.05,145.0,123.95
2.0,110,0,248.1,358.1,4.6,4.9,4.09,4.21,4.2,4.15,4.43,4.17,4.27,4.63,4.09,4.25,1.08,150.0,123.95
2.0,115,0,248.1,363.1,4.76,4.95,4.24,4.35,4.37,4.37,4.59,4.34,4.41,4.74,4.24,4.4,1.11,155.0,123.95
2.0,120,0,248.1,368.1,4.93,5.01,4.4,4.49,4.52,4.55,4.75,4.51,4.55,4.84,4.4,4.56,1.14,160.0,123.95
2.0,125,0,248.1,373.1,5.09,5.06,4.54,4.63,4.65,4.71,4.89,4.66,4.69,4.95,4.54,4.69,1.18,165.0,123.95
2.0,130,0,248.1,378.1,5.25,5.12,4.68,4.76,4.79,4.87,5.03,4.81,4.83,5.05,4.68,4.83,1.21,170.0,123.95
2.0,135,0,248.1,383.1,5.41,5.18,4.83,4.9,4.92,5.03,5.19,4.98,4.97,5.16,4.83,4.98,1.24,175.0,123.95
2.0,140,0,248.1,388.1,5.48,5.2,4.91,4.99,4.98,5.16,5.28,5.07,5.03,5.2,4.91,5.05,1.27,180.0,123.95
2.0,145,0,248.1,393.1,5.55,5.22,5.03,5.09,5.19,5.37,5.39,5.17,5.1,5.26,5.03,5.18,1.3,185.0,123.95
2.0,150,0,248.1,398.1,5.61,5.22,5.1,5.16,5.3,5.48,5.47,5.25,5.14,5.29,5.1,5.25,1.33,190.0,123.95
2.75,0,-15,233.1,233.1,0.64,0.32,0.54,0.75,0.22,0.32,0.37,0.39,1.01,1.16,0.22,0.54,0.0,120.0,148.55
2.75,5,0,248.1,253.1,0.98,1.14,0.8,0.76,0.55,0.47,0.93,0.75,0.83,0.87,0.47,0.78,0.36,120.0,148.55
2.75,10,0,248.1,258.1,1.45,1.52,1.24,1.16,1.13,0.96,1.44,1.2,1.15,1.26,0.96,1.24,0.4,120.0,148.55
2.75,15,-5,243.1,258.1,1.79,1.67,1.53,1.52,1.41,1.26,1.67,1.46,1.53,1.72,1.26,1.54,0.44,120.0,148.55
2.75,20,-10,238.1,258.1,2.12,1.83,1.81,1.89,1.7,1.57,1.9,1.73,1.92,2.19,1.57,1.83,0.48,120.0,148.55
2.75,25,-15,233.1,258.1,2.45,1.98,2.1,2.25,1.99,1.87,2.13,1.99,2.3,2.66,1.87,2.13,0.52,120.0,148.55
2.75,30,-15,233.1,263.1,2.64,2.12,2.23,2.38,2.15,2.01,2.28,2.13,2.41,2.81,2.01,2.27,0.56,120.0,148.55
2.75,35,-15,233.1,268.1,2.91,2.42,2.44,2.59,2.36,2.21,2.51,2.36,2.65,3.05,2.21,2.49,0.59,120.0,148.55
2.75,40,-15,233.1,273.1,3.08,2.68,2.57,2.72,2.49,2.32,2.69,2.53,2.81,3.21,2.32,2.64,0.63,120.0,148.55
2.75,45,-15,233.1,278.1,3.24,2.94,2.71,2.85,2.61,2.43,2.86,2.69,2.98,3.37,2.43,2.79,0.66,120.0,148.55
2.75,50,-15,233.1,283.1,3.41,3.19,2.84,2.98,2.73,2.53,3.04,2.85,3.14,3.53,2.53,2.94,0.69,120.0,148.55
2.75,55,0,248.1,303.1,3.71,3.7,3.05,3.08,2.99,2.74,3.53,3.22,3.14,3.57,2.74,3.18,0.73,120.0,148.55
2.75,60,0,248.1,308.1,3.86,3.91,3.28,3.31,3.3,3.06,3.81,3.47,3.34,3.79,3.06,3.43,0.76,120.0,148.55
2.75,65,-5,243.1,308.1,3.93,4.01,3.38,3.44,3.43,3.19,3.88,3.56,3.49,3.91,3.19,3.55,0.79,120.0,148.55
2.75,70,-10,238.1,308.1,4.0,4.11,3.49,3.57,3.55,3.31,3.94,3.64,3.65,4.02,3.31,3.66,0.83,120.0,148.55
2.75,75,-10,238.1,313.1,4.09,4.27,3.56,3.65,3.61,3.37,4.02,3.72,3.77,4.15,3.37,3.74,0.86,120.0,148.55
2.75,80,-10,238.1,318.1,4.19,4.43,3.63,3.73,3.66,3.43,4.1,3.79,3.89,4.27,3.43,3.82,0.89,120.0,148.55
2.75,85,-10,238.1,323.1,4.28,4.87,3.7,3.82,3.69,3.45,4.13,3.82,4.04,4.4,3.45,3.89,0.92,125.0,148.55
2.75,90,0,248.1,338.1,4.56,5.22,3.96,4.04,3.78,3.67,4.42,4.11,4.22,4.61,3.67,4.1,0.96,130.0,148.55
2.75,95,0,248.1,343.1,4.7,5.38,4.17,4.24,4.04,3.95,4.61,4.3,4.42,4.77,3.95,4.31,0.99,135.0,148.55
2.75,100,0,248.1,348.1,4.84,5.54,4.32,4.39,4.17,4.13,4.74,4.44,4.6,4.92,4.13,4.46,1.02,140.0,148.55
2.75,105,0,248.1,353.1,5.05,5.7,4.5,4.57,4.31,4.3,4.87,4.59,4.77,5.06,4.3,4.61,1.05,145.0,148.55
2.75,110,0,248.1,358.1,5.22,5.86,4.65,4.72,4.41,4.46,5.02,4.78,4.95,5.21,4.41,4.76,1.08,150.0,148.55
2.75,115,0,248.1,363.1,5.38,5.91,4.8,4.86,4.57,4.64,5.18,4.94,5.08,5.31,4.57,4.91,1.11,155.0,148.55
2.75,120,0,248.1,368.1,5.55,5.95,4.95,5.0,4.73,4.82,5.34,5.11,5.22,5.41,4.73,5.06,1.14,160.0,148.55
2.75,125,0,248.1,373.1,5.69,5.99,5.07,5.12,4.84,4.96,5.47,5.25,5.34,5.5,4.84,5.18,1.18,165.0,148.55
2.75,130,0,248.1,378.1,5.83,6.03,5.2,5.23,4.96,5.1,5.59,5.38,5.46,5.59,4.96,5.3,1.21,170.0,148.55
2.75,135,0,248.1,383.1,5.97,6.07,5.32,5.35,5.07,5.25,5.72,5.52,5.58,5.68,5.07,5.42,1.24,175.0,148.55
2.75,140,0,248.1,388.1,6.05,6.09,5.42,5.45,5.2,5.43,5.81,5.61,5.64,5.73,5.2,5.52,1.27,180.0,148.55
2.75,145,0,248.1,393.1,6.13,6.12,5.56,5.57,5.43,5.64,5.94,5.73,5.72,5.79,5.43,5.66,1.3,185.0,148.55
2.75,150,0,248.1,398.1,6.22,6.15,5.65,5.65,5.56,5.76,6.05,5.82,5.79,5.85,5.56,5.76,1.33,190.0,148.55
3.5,0,-25,223.1,223.1,0.95,0.13,0.45,0.77,0.11,0.14,0.16,0.23,0.97,1.52,0.11,0.42,0.0,120.0,173.34
3.5,5,0,248.1,253.1,1.13,1.4,0.91,0.85,0.62,0.52,1.09,0.85,0.94,1.0,0.52,0.89,0.36,120.0,173.34
3.5,10,0,248.1,258.1,1.59,1.77,1.35,1.25,1.19,1.01,1.58,1.29,1.24,1.39,1.01,1.34,0.4,120.0,173.34
3.5,15,-5,243.1,258.1,1.93,1.94,1.64,1.61,1.46,1.3,1.81,1.56,1.64,1.86,1.3,1.64,0.44,120.0,173.34
3.5,20,-10,238.1,258.1,2.27,2.11,1.92,1.98,1.72,1.58,2.04,1.83,2.04,2.33,1.58,1.93,0.48,120.0,173.34
3.5,25,-15,233.1,258.1,2.61,2.29,2.21,2.34,1.98,1.87,2.28,2.1,2.44,2.8,1.87,2.23,0.52,120.0,173.34
3.5,30,-20,228.1,258.1,2.78,2.3,2.34,2.5,2.13,2.03,2.4,2.22,2.58,3.03,2.03,2.36,0.56,120.0,173.34
3.5,35,-25,223.1,258.1,3.05,2.36,2.51,2.72,2.3,2.22,2.55,2.4,2.78,3.34,2.22,2.53,0.59,120.0,173.34
3.5,40,-30,218.1,258.1,3.32,2.37,2.65,2.91,2.4,2.35,2.68,2.56,2.95,3.64,2.35,2.67,0.63,120.0,173.34
3.5,45,-25,223.1,268.1,3.35,2.82,2.77,2.97,2.55,2.45,2.88,2.72,3.09,3.63,2.45,2.82,0.66,120.0,173.34
3.5,50,-25,223.1,273.1,3.52,3.11,2.92,3.12,2.68,2.57,3.07,2.9,3.28,3.8,2.57,2.99,0.69,120.0,173.34
3.5,55,0,248.1,303.1,4.02,4.28,3.29,3.3,3.02,2.81,3.82,3.5,3.5,3.9,2.81,3.41,0.73,120.0,173.34
3.5,60,0,248.1,308.1,4.19,4.51,3.54,3.55,3.36,3.15,4.13,3.77,3.75,4.13,3.15,3.7,0.76,120.0,173.34
3.5,65,-5,243.1,308.1,4.27,4.63,3.65,3.69,3.49,3.27,4.2,3.87,3.92,4.27,3.27,3.82,0.79,120.0,173.34
3.5,70,-10,238.1,308.1,4.35,4.75,3.77,3.84,3.61,3.4,4.27,3.96,4.09,4.41,3.4,3.94,0.83,120.0,173.34
3.5,75,-10,238.1,313.1,4.43,5.13,3.83,3.92,3.65,3.44,4.33,4.02,4.21,4.53,3.44,4.01,0.86,120.0,173.34
3.5,80,-10,238.1,318.1,4.55,5.32,3.92,4.01,3.7,3.48,4.4,4.08,4.34,4.65,3.48,4.09,0.89,120.0,173.34
3.5,85,0,248.1,333.1,4.8,5.65,4.1,4.15,3.67,3.59,4.62,4.31,4.45,4.81,3.59,4.21,0.92,125.0,173.34
3.5,90,0,248.1,338.1,4.93,5.8,4.29,4.34,3.91,3.86,4.8,4.49,4.64,4.97,3.86,4.41,0.96,130.0,173.34
3.5,95,0,248.1,343.1,5.13,5.95,4.51,4.56,4.15,4.13,4.98,4.67,4.83,5.12,4.13,4.62,0.99,135.0,173.34
3.5,100,0,248.1,348.1,5.29,6.1,4.68,4.72,4.28,4.3,5.13,4.86,5.01,5.26,4.28,4.77,1.02,140.0,173.34
3.5,105,0,248.1,353.1,5.46,6.26,4.84,4.89,4.44,4.53,5.28,5.02,5.18,5.41,4.44,4.94,1.05,145.0,173.34
3.5,110,0,248.1,358.1,5.62,6.41,5.0,5.05,4.56,4.71,5.43,5.18,5.35,5.55,4.56,5.09,1.08,150.0,173.34
3.5,115,0,248.1,363.1,5.8,6.47,5.16,5.2,4.73,4.9,5.61,5.36,5.49,5.66,4.73,5.25,1.11,155.0,173.34
3.5,120,0,248.1,368.1,5.97,6.52,5.32,5.35,4.9,5.09,5.78,5.54,5.64,5.77,4.9,5.41,1.14,160.0,173.34
3.5,125,0,248.1,373.1,6.11,6.55,5.45,5.46,5.02,5.24,5.91,5.68,5.76,5.86,5.02,5.53,1.18,165.0,173.34
3.5,130,0,248.1,378.1,6.26,6.58,5.57,5.58,5.13,5.38,6.03,5.81,5.88,5.94,5.13,5.65,1.21,170.0,173.34
3.5,135,0,248.1,383.1,6.4,6.61,5.71,5.71,5.3,5.57,6.17,5.96,6.0,6.03,5.3,5.8,1.24,175.0,173.34
3.5,140,0,248.1,388.1,6.48,6.64,5.81,5.8,5.47,5.72,6.25,6.03,6.06,6.08,5.47,5.89,1.27,180.0,173.34
3.5,145,0,248.1,393.1,6.57,6.67,5.95,5.91,5.69,5.92,6.39,6.16,6.14,6.15,5.69,6.04,1.3,185.0,173.34
3.5,150,0,248.1,398.1,6.66,6.7,6.05,6.0,5.83,6.06,6.51,6.26,6.22,6.2,5.83,6.15,1.33,190.0,173.34
