case,n,rms_Nm,bias_Nm,scale,shape_rms_Nm,shape_rms_pct,peak_rpm,peak_Nm,peak_power_kW,rms_5p5k_up,scale_5p5k_up,shape_rms_5p5k_up,peak_rpm_8_10k,rms_4p5_7k,rms_7_10k,rms_10_12p5k
model,33,4.0914,2.2045,0.9501,3.4829,9.9046,9000.0,48.4386,49.047,2.627,0.9702,2.2881,9000.0,6.3232,1.9599,2.5786
plenum,33,4.0155,2.1961,0.9504,3.4005,9.6931,9000.0,48.2371,48.9523,2.5675,0.97,2.2159,9000.0,6.2214,1.8794,2.5287
intake,33,4.0959,2.1692,0.9509,3.51,9.9798,9000.0,47.878,47.8765,2.5585,0.9714,2.2403,9000.0,6.3754,2.0346,2.3843
exh,33,4.276,2.197,0.9511,3.7254,10.224,9000.0,46.5252,50.7252,2.8964,0.9737,2.6661,9000.0,6.2688,2.0493,3.4745
all,33,4.208,2.123,0.953,3.6929,10.1092,9000.0,46.2254,49.5906,2.8666,0.9749,2.6549,9000.0,6.1747,2.1306,3.3238
all_sharp,33,4.1809,1.891,0.9582,3.7809,10.3698,6500.0,45.6473,49.2997,2.8074,0.9812,2.6901,8750.0,6.1565,2.2924,3.112
all_mid,33,4.1362,2.1967,0.9513,3.5687,9.8765,8750.0,47.0364,49.5431,2.7042,0.9734,2.4485,8750.0,6.1996,1.8271,3.1896
all_big,33,3.9427,2.1834,0.9518,3.3548,9.3719,8500.0,47.7628,49.2449,2.503,0.973,2.2151,8500.0,5.9637,1.586,3.026
model_dump,33,3.8821,1.7688,0.9596,3.4806,9.9345,9000.0,47.555,48.2419,2.4068,0.9802,2.2533,9000.0,6.1323,1.7945,2.1223
all_dump,33,4.1073,1.7485,0.9611,3.7594,10.3621,9000.0,45.7518,49.1682,2.6742,0.9847,2.5937,9000.0,6.1779,2.2467,2.7623
all_port100,33,4.0553,2.2794,0.9498,3.4317,9.622,8750.0,47.3204,51.3277,2.6988,0.971,2.3906,8750.0,5.8017,1.7525,3.6822
all_port120,33,4.1905,2.4519,0.9457,3.4706,9.6765,8500.0,48.5475,52.2824,3.1179,0.9644,2.705,8500.0,5.3472,2.2899,4.4949
all_hotexh,33,4.2376,2.2799,0.9493,3.6324,10.0544,8750.0,47.0477,49.7583,2.8363,0.9709,2.5414,8750.0,6.3336,1.908,3.2808
all_adiabexh,33,4.2348,2.25,0.95,3.6481,10.084,8750.0,46.9383,49.7067,2.8198,0.972,2.5476,8750.0,6.3279,1.9024,3.285
