ext_mm,runner_mm,rpm,ve,brake_torque_Nm,brake_power_kW,imep_bar,ve_spread,converged
-200,128.1,4000,0.85750,43.4555,18.2026,10.2017,0.00039,true
-200,128.1,4250,0.78161,43.4206,19.3247,10.2330,0.00029,true
-200,128.1,4500,0.84497,44.7145,21.0712,10.5430,0.00214,true
-200,128.1,4750,0.82103,45.1279,22.4475,10.6685,0.00195,true
-200,128.1,5000,0.81551,45.3865,23.7643,10.7618,0.00029,true
-200,128.1,5250,0.83442,46.6634,25.6545,11.0688,0.00065,true
-200,128.1,5500,0.83339,45.7730,26.3634,10.9216,0.00101,true
-200,128.1,5750,0.86674,45.3516,27.3079,10.8729,0.00032,true
-200,128.1,6000,0.89659,45.9490,28.8706,11.0380,0.00161,true
-200,128.1,6250,0.90426,45.9794,30.0934,11.0844,0.00042,true
-200,128.1,6500,0.90480,46.1609,31.4207,11.1626,0.00042,true
-200,128.1,6750,0.91142,46.3965,32.7958,11.2525,0.00038,true
-200,128.1,7000,0.91010,46.1992,33.8658,11.2517,0.00016,true
-200,128.1,7250,0.90258,45.5084,34.5508,11.1476,0.00067,true
-200,128.1,7500,0.90536,45.4647,35.7079,11.1794,0.00032,true
-200,128.1,7750,0.93162,46.5671,37.7929,11.4517,0.02559,false
-200,128.1,8000,0.89773,45.9133,38.4642,11.3560,0.00034,true
-200,128.1,8250,0.87315,45.7754,39.5471,11.3686,0.00040,true
-200,128.1,8500,0.88973,45.8378,40.8011,11.4234,0.00172,true
-200,128.1,8750,0.91069,45.9700,42.1222,11.4930,0.00030,true
-200,128.1,9000,0.90555,45.4265,42.8135,11.4212,0.00016,true
-200,128.1,9250,0.88821,44.3492,42.9592,11.2376,0.00034,true
-200,128.1,9500,0.86729,43.2652,43.0419,11.0528,0.00019,true
-200,128.1,9750,0.85002,42.2440,43.1319,10.8813,0.00056,true
-200,128.1,10000,0.83550,41.1378,43.0794,10.6923,0.00031,true
-200,128.1,10250,0.82183,40.6112,43.5911,10.6249,0.00027,true
-200,128.1,10500,0.81778,40.5057,44.5384,10.6460,0.00011,true
-200,128.1,10750,0.80738,39.9026,44.9198,10.5629,0.00023,true
-200,128.1,11000,0.80770,39.5138,45.5166,10.5250,0.00013,true
-200,128.1,11250,0.80805,39.3181,46.3205,10.5278,0.00031,true
-200,128.1,11500,0.81541,39.5497,47.6289,10.6203,0.00026,true
-200,128.1,11750,0.81584,39.9185,49.1180,10.7418,0.00021,true
-200,128.1,12000,0.81552,39.9549,50.2088,10.7938,0.00000,true
-200,128.1,12250,0.81302,39.6635,50.8810,10.7773,0.00007,true
-200,128.1,12500,0.80619,39.0092,51.0629,10.6848,0.00016,true
-190,138.1,4000,0.86327,44.0527,18.4527,10.3270,0.00051,true
-190,138.1,4250,0.77413,43.0132,19.1434,10.1475,0.00041,true
-190,138.1,4500,0.83832,44.8680,21.1435,10.5751,0.00222,true
-190,138.1,4750,0.83984,45.7457,22.7548,10.7981,0.00137,true
-190,138.1,5000,0.83409,46.4156,24.3032,10.9776,0.00060,true
-190,138.1,5250,0.81107,45.5334,25.0333,10.8319,0.00199,true
-190,138.1,5500,0.83153,45.5545,26.2375,10.8758,0.00097,true
-190,138.1,5750,0.86924,45.5695,27.4391,10.9186,0.00023,true
-190,138.1,6000,0.89726,46.0639,28.9428,11.0621,0.00129,true
-190,138.1,6250,0.91452,46.4599,30.4079,11.1851,0.00041,true
-190,138.1,6500,0.91311,46.3179,31.5276,11.1956,0.00039,true
-190,138.1,6750,0.90486,45.8263,32.3927,11.1329,0.00019,true
-190,138.1,7000,0.90169,45.9008,33.6471,11.1891,0.00043,true
-190,138.1,7250,0.91458,46.8427,35.5638,11.4274,0.00024,true
-190,138.1,7500,0.90886,45.7768,35.9530,11.2449,0.00026,true
-190,138.1,7750,0.89751,45.2697,36.7399,11.1797,0.00289,true
-190,138.1,8000,0.89956,46.2517,38.7477,11.4269,0.00054,true
-190,138.1,8250,0.89411,47.0643,40.6607,11.6388,0.00041,true
-190,138.1,8500,0.91389,46.6854,41.5555,11.6011,0.00146,true
-190,138.1,8750,0.90830,45.6968,41.8718,11.4357,0.00233,true
-190,138.1,9000,0.89338,44.2396,41.6949,11.1723,0.00016,true
-190,138.1,9250,0.87862,43.2969,41.9399,11.0170,0.00103,true
-190,138.1,9500,0.85981,42.5475,42.3278,10.9023,0.00033,true
-190,138.1,9750,0.84620,42.0859,42.9705,10.8482,0.00036,true
-190,138.1,10000,0.83130,41.4838,43.4417,10.7648,0.00047,true
-190,138.1,10250,0.81795,40.3724,43.3349,10.5748,0.00072,true
-190,138.1,10500,0.81463,39.9026,43.8752,10.5195,0.00024,true
-190,138.1,10750,0.82027,40.1706,45.2215,10.6191,0.00028,true
-190,138.1,11000,0.83339,40.8602,47.0676,10.8073,0.00017,true
-190,138.1,11250,0.82947,40.9915,48.2920,10.8787,0.00035,true
-190,138.1,11500,0.82247,40.5797,48.8693,10.8363,0.00021,true
-190,138.1,11750,0.81226,40.0948,49.3350,10.7788,0.00024,true
-190,138.1,12000,0.80883,39.6286,49.7988,10.7254,0.00007,true
-190,138.1,12250,0.80901,39.2887,50.4002,10.6987,0.00003,true
-190,138.1,12500,0.80926,38.8940,50.9121,10.6606,0.00019,true
-180,148.1,4000,0.86627,44.1194,18.4807,10.3410,0.00079,true
-180,148.1,4250,0.78082,43.4707,19.3470,10.2435,0.00051,true
-180,148.1,4500,0.83778,44.7023,21.0655,10.5404,0.00339,true
-180,148.1,4750,0.85744,46.6929,23.2259,10.9966,0.00043,true
-180,148.1,5000,0.82386,45.9995,24.0853,10.8903,0.00064,true
-180,148.1,5250,0.79987,44.8962,24.6830,10.6983,0.00122,true
-180,148.1,5500,0.82139,44.9944,25.9149,10.7584,0.00003,true
-180,148.1,5750,0.87250,45.8083,27.5829,10.9686,0.00021,true
-180,148.1,6000,0.90905,46.6885,29.3353,11.1930,0.00063,true
-180,148.1,6250,0.91660,46.2780,30.2889,11.1470,0.00025,true
-180,148.1,6500,0.90173,45.6861,31.0975,11.0631,0.00031,true
-180,148.1,6750,0.90912,46.5962,32.9369,11.2943,0.00039,true
-180,148.1,7000,0.91214,46.6007,34.1601,11.3359,0.00018,true
-180,148.1,7250,0.90050,45.4505,34.5069,11.1355,0.00031,true
-180,148.1,7500,0.90518,45.5337,35.7621,11.1939,0.00037,true
-180,148.1,7750,0.92107,47.0613,38.1939,11.5553,0.00101,true
-180,148.1,8000,0.91845,47.5451,39.8313,11.6981,0.00036,true
-180,148.1,8250,0.89837,46.7046,40.3498,11.5634,0.00061,true
-180,148.1,8500,0.90401,45.7316,40.7065,11.4011,0.00155,true
-180,148.1,8750,0.89829,44.7585,41.0121,11.2390,0.00031,true
-180,148.1,9000,0.88790,43.5946,41.0869,11.0371,0.00030,true
-180,148.1,9250,0.88148,43.4341,42.0727,11.0457,0.00046,true
-180,148.1,9500,0.86094,42.8471,42.6260,10.9651,0.00023,true
-180,148.1,9750,0.84672,41.7461,42.6236,10.7770,0.00036,true
-180,148.1,10000,0.84170,40.9830,42.9173,10.6598,0.00042,true
-180,148.1,10250,0.83970,41.2778,44.3067,10.7646,0.00011,true
-180,148.1,10500,0.84108,41.7013,45.8530,10.8967,0.00000,true
-180,148.1,10750,0.83278,41.5350,46.7575,10.9052,0.00015,true
-180,148.1,11000,0.82881,41.0987,47.3423,10.8573,0.00032,true
-180,148.1,11250,0.82138,40.5899,47.8188,10.7944,0.00021,true
-180,148.1,11500,0.81719,40.1288,48.3262,10.7418,0.00021,true
-180,148.1,11750,0.81385,39.9421,49.1470,10.7468,0.00011,true
-180,148.1,12000,0.81853,39.8177,50.0364,10.7650,0.00018,true
-180,148.1,12250,0.82925,39.9293,51.2220,10.8330,0.00022,true
-180,148.1,12500,0.83146,39.7809,52.0731,10.8466,0.00017,true
-170,158.1,4000,0.86445,44.2054,18.5167,10.3590,0.00256,true
-170,158.1,4250,0.78739,43.8880,19.5327,10.3310,0.00030,true
-170,158.1,4500,0.85868,45.4203,21.4038,10.6909,0.00120,true
-170,158.1,4750,0.84613,46.2162,22.9888,10.8967,0.00057,true
-170,158.1,5000,0.81982,45.4588,23.8022,10.7770,0.00246,true
-170,158.1,5250,0.78510,44.0142,24.1981,10.5134,0.00048,true
-170,158.1,5500,0.82665,45.2074,26.0376,10.8030,0.00061,true
-170,158.1,5750,0.88773,46.6251,28.0748,11.1399,0.00034,true
-170,158.1,6000,0.89963,46.3875,29.1461,11.1299,0.00188,true
-170,158.1,6250,0.90485,46.0281,30.1253,11.0946,0.00081,true
-170,158.1,6500,0.91269,46.7779,31.8407,11.2920,0.00010,true
-170,158.1,6750,0.90361,45.8521,32.4109,11.1383,0.00077,true
-170,158.1,7000,0.89750,45.6024,33.4283,11.1266,0.00034,true
-170,158.1,7250,0.91286,46.6290,35.4016,11.3826,0.00149,true
-170,158.1,7500,0.93384,47.6815,37.4489,11.6442,0.00032,true
-170,158.1,7750,0.96122,48.2322,39.1442,11.8008,0.00061,true
-170,158.1,8000,0.90700,46.5819,39.0243,11.4961,0.00002,true
-170,158.1,8250,0.88113,45.7150,39.4949,11.3559,0.00091,true
-170,158.1,8500,0.89749,45.0603,40.1090,11.2604,0.00125,true
-170,158.1,8750,0.90296,44.7891,41.0401,11.2454,0.00353,true
-170,158.1,9000,0.89124,44.0807,41.5451,11.1390,0.00023,true
-170,158.1,9250,0.87567,42.8250,41.4828,10.9180,0.00026,true
-170,158.1,9500,0.86438,42.3720,42.1533,10.8655,0.00034,true
-170,158.1,9750,0.86302,42.5794,43.4743,10.9516,0.00340,true
-170,158.1,10000,0.85579,42.9216,44.9474,11.0663,0.00084,true
-170,158.1,10250,0.84334,42.1733,45.2679,10.9524,0.00015,true
-170,158.1,10500,0.83151,41.4193,45.5429,10.8375,0.00024,true
-170,158.1,10750,0.82419,40.9651,46.1159,10.7857,0.00021,true
-170,158.1,11000,0.82676,40.7990,46.9970,10.7945,0.00012,true
-170,158.1,11250,0.82730,40.6091,47.8414,10.7985,0.00021,true
-170,158.1,11500,0.83483,40.8606,49.2074,10.8952,0.00024,true
-170,158.1,11750,0.84047,41.1349,50.6147,10.9968,0.00013,true
-170,158.1,12000,0.84486,41.2559,51.8437,11.0666,0.00033,true
-170,158.1,12250,0.84536,41.1562,52.7958,11.0902,0.00008,true
-170,158.1,12500,0.83550,40.5942,53.1377,11.0171,0.00018,true
-160,168.1,4000,0.85555,43.4205,18.1880,10.1944,0.00053,true
-160,168.1,4250,0.81022,45.3181,20.1692,10.6308,0.00111,true
-160,168.1,4500,0.84702,45.3558,21.3734,10.6774,0.00192,true
-160,168.1,4750,0.84466,46.0454,22.9038,10.8609,0.00078,true
-160,168.1,5000,0.80462,44.7093,23.4097,10.6198,0.00260,true
-160,168.1,5250,0.78283,43.7969,24.0786,10.4678,0.00152,true
-160,168.1,5500,0.84385,45.9654,26.4742,10.9619,0.00000,true
-160,168.1,5750,0.88358,46.3443,27.9057,11.0810,0.00039,true
-160,168.1,6000,0.90203,46.5307,29.2361,11.1600,0.00161,true
-160,168.1,6250,0.91647,46.6232,30.5148,11.2194,0.00041,true
-160,168.1,6500,0.89663,45.3897,30.8958,11.0010,0.00034,true
-160,168.1,6750,0.89984,45.8804,32.4309,11.1442,0.00012,true
-160,168.1,7000,0.91990,47.4555,34.7867,11.5151,0.00015,true
-160,168.1,7250,0.93422,48.3100,36.6778,11.7350,0.00092,true
-160,168.1,7500,0.93171,47.5138,37.3172,11.6090,0.00011,true
-160,168.1,7750,0.91856,46.7248,37.9208,11.4848,0.01456,true
-160,168.1,8000,0.89808,45.7336,38.3137,11.3183,0.00052,true
-160,168.1,8250,0.87344,45.3073,39.1427,11.2705,0.00107,true
-160,168.1,8500,0.90063,45.5316,40.5285,11.3592,0.00322,true
-160,168.1,8750,0.89710,44.3945,40.6786,11.1627,0.00365,true
-160,168.1,9000,0.89314,43.5520,41.0468,11.0282,0.00018,true
-160,168.1,9250,0.89268,43.9688,42.5907,11.1578,0.00023,true
-160,168.1,9500,0.87347,44.0333,43.8060,11.2138,0.00034,true
-160,168.1,9750,0.85576,43.1498,44.0567,11.0713,0.00034,true
-160,168.1,10000,0.84241,42.3167,44.3140,10.9394,0.00021,true
-160,168.1,10250,0.83602,41.6574,44.7142,10.8442,0.00037,true
-160,168.1,10500,0.83123,41.1942,45.2954,10.7903,0.00026,true
-160,168.1,10750,0.83474,41.1881,46.3669,10.8325,0.00008,true
-160,168.1,11000,0.85423,41.9408,48.3123,11.0339,0.00000,true
-160,168.1,11250,0.86017,42.3012,49.8349,11.1532,0.00021,true
-160,168.1,11500,0.85960,42.5977,51.2994,11.2594,0.00016,true
-160,168.1,11750,0.85100,42.2507,51.9877,11.2308,0.00025,true
-160,168.1,12000,0.84257,41.7119,52.4167,11.1622,0.00025,true
-160,168.1,12250,0.83761,41.1530,52.7917,11.0895,0.00019,true
-160,168.1,12500,0.83020,40.4633,52.9663,10.9897,0.00006,true
-150,178.1,4000,0.85893,43.5853,18.2570,10.2290,0.00078,true
-150,178.1,4250,0.80624,45.1534,20.0959,10.5963,0.00204,true
-150,178.1,4500,0.87102,45.7781,21.5724,10.7660,0.00325,true
-150,178.1,4750,0.82117,45.0647,22.4161,10.6553,0.00447,true
-150,178.1,5000,0.79871,44.4061,23.2510,10.5563,0.00216,true
-150,178.1,5250,0.79128,44.2532,24.3294,10.5635,0.00042,true
-150,178.1,5500,0.84197,45.8211,26.3911,10.9317,0.00046,true
-150,178.1,5750,0.89056,46.9462,28.2681,11.2072,0.00020,true
-150,178.1,6000,0.90729,46.5634,29.2566,11.1668,0.00077,true
-150,178.1,6250,0.89730,45.4085,29.7198,10.9647,0.00035,true
-150,178.1,6500,0.89910,45.8255,31.1924,11.0923,0.00021,true
-150,178.1,6750,0.92550,47.9244,33.8758,11.5728,0.00049,true
-150,178.1,7000,0.93234,48.3952,35.4756,11.7121,0.00000,true
-150,178.1,7250,0.92581,47.6463,36.1739,11.5959,0.00088,true
-150,178.1,7500,0.91978,46.5928,36.5939,11.4159,0.00049,true
-150,178.1,7750,0.90781,46.0045,37.3362,11.3337,0.00186,true
-150,178.1,8000,0.89889,45.7359,38.3156,11.3188,0.00021,true
-150,178.1,8250,0.87028,44.9364,38.8222,11.1927,0.00129,true
-150,178.1,8500,0.89778,44.9151,39.9797,11.2299,0.00159,true
-150,178.1,8750,0.91933,45.5867,41.7710,11.4127,0.00049,true
-150,178.1,9000,0.90675,45.4663,42.8509,11.4295,0.00018,true
-150,178.1,9250,0.88146,44.2821,42.8942,11.2235,0.00003,true
-150,178.1,9500,0.85827,43.3264,43.1027,11.0656,0.00036,true
-150,178.1,9750,0.85064,42.7317,43.6298,10.9836,0.00028,true
-150,178.1,10000,0.84418,42.1850,44.1760,10.9118,0.00059,true
-150,178.1,10250,0.84964,41.9807,45.0611,10.9120,0.00031,true
-150,178.1,10500,0.86321,42.6335,46.8780,11.0921,0.00000,true
-150,178.1,10750,0.87151,43.2360,48.6724,11.2618,0.00026,true
-150,178.1,11000,0.87737,43.5880,50.2098,11.3793,0.00003,true
-150,178.1,11250,0.86488,43.1712,50.8598,11.3356,0.00018,true
-150,178.1,11500,0.85291,42.6524,51.3653,11.2709,0.00075,true
-150,178.1,11750,0.84262,42.0579,51.7504,11.1904,0.00020,true
-150,178.1,12000,0.83792,41.5253,52.1822,11.1231,0.00027,true
-150,178.1,12250,0.83597,41.0491,52.6585,11.0678,0.00011,true
-150,178.1,12500,0.83117,40.4390,52.9345,10.9846,0.00003,true
-140,188.1,4000,0.85164,43.3245,18.1477,10.1743,0.00046,true
-140,188.1,4250,0.81813,45.7893,20.3790,10.7296,0.00087,true
-140,188.1,4500,0.85789,45.5072,21.4448,10.7092,0.00252,true
-140,188.1,4750,0.81762,44.9173,22.3427,10.6244,0.00388,true
-140,188.1,5000,0.79965,44.4358,23.2665,10.5625,0.00165,true
-140,188.1,5250,0.79771,44.6135,24.5275,10.6390,0.00072,true
-140,188.1,5500,0.85844,46.6393,26.8623,11.1032,0.00028,true
-140,188.1,5750,0.89082,46.7463,28.1477,11.1653,0.00029,true
-140,188.1,6000,0.88748,45.7196,28.7265,10.9899,0.00179,true
-140,188.1,6250,0.90107,45.9666,30.0851,11.0817,0.00095,true
-140,188.1,6500,0.92445,47.8244,32.5530,11.5114,0.00014,true
-140,188.1,6750,0.93382,48.4052,34.2156,11.6736,0.00020,true
-140,188.1,7000,0.92323,47.6517,34.9305,11.5562,0.00017,true
-140,188.1,7250,0.91518,46.7481,35.4920,11.4075,0.00037,true
-140,188.1,7500,0.91585,46.2407,36.3173,11.3421,0.00057,true
-140,188.1,7750,0.91130,46.2020,37.4965,11.3752,0.00175,true
-140,188.1,8000,0.89161,45.1144,37.7949,11.1885,0.00040,true
-140,188.1,8250,0.87208,44.8654,38.7609,11.1778,0.00081,true
-140,188.1,8500,0.91389,46.9603,41.8002,11.6587,0.00177,true
-140,188.1,8750,0.91720,46.4908,42.5994,11.6022,0.00024,true
-140,188.1,9000,0.89636,44.7693,42.1941,11.2834,0.00027,true
-140,188.1,9250,0.88246,43.9009,42.5250,11.1436,0.00019,true
-140,188.1,9500,0.86886,43.3529,43.1291,11.0712,0.00018,true
-140,188.1,9750,0.87111,43.1478,44.0546,11.0708,0.00020,true
-140,188.1,10000,0.88560,43.4902,45.5428,11.1855,0.00004,true
-140,188.1,10250,0.88849,44.0255,47.2560,11.3407,0.00019,true
-140,188.1,10500,0.88629,44.3054,48.7164,11.4426,0.00011,true
-140,188.1,10750,0.87417,43.9706,49.4993,11.4159,0.00020,true
-140,188.1,11000,0.86763,43.5245,50.1366,11.3659,0.00000,true
-140,188.1,11250,0.85549,42.8447,50.4752,11.2672,0.00016,true
-140,188.1,11500,0.84895,42.4348,51.1032,11.2252,0.00062,true
-140,188.1,11750,0.84269,42.0186,51.7020,11.1821,0.00011,true
-140,188.1,12000,0.83962,41.5428,52.2042,11.1267,0.00014,true
-140,188.1,12250,0.83850,41.0858,52.7055,11.0755,0.00015,true
-140,188.1,12500,0.83506,40.5059,53.0221,10.9986,0.00020,true
-130,198.1,4000,0.88212,44.8452,18.7847,10.4931,0.00095,true
-130,198.1,4250,0.79566,44.3900,19.7562,10.4362,0.00058,true
-130,198.1,4500,0.84227,45.0383,21.2238,10.6108,0.00351,true
-130,198.1,4750,0.81418,44.7112,22.2402,10.5812,0.00342,true
-130,198.1,5000,0.79621,44.3112,23.2013,10.5364,0.00103,true
-130,198.1,5250,0.81357,45.4226,24.9724,10.8087,0.00213,true
-130,198.1,5500,0.86453,46.8249,26.9692,11.1421,0.00038,true
-130,198.1,5750,0.87712,46.1940,27.8152,11.0495,0.00027,true
-130,198.1,6000,0.89317,46.4238,29.1689,11.1375,0.00126,true
-130,198.1,6250,0.92708,47.9601,31.3898,11.4997,0.00016,true
-130,198.1,6500,0.93013,48.1546,32.7778,11.5807,0.00028,true
-130,198.1,6750,0.92378,47.6658,33.6930,11.5186,0.00037,true
-130,198.1,7000,0.91330,46.7947,34.3023,11.3765,0.00023,true
-130,198.1,7250,0.91401,46.5036,35.3064,11.3563,0.00066,true
-130,198.1,7500,0.91945,46.3719,36.4204,11.3696,0.00058,true
-130,198.1,7750,0.90979,45.7787,37.1530,11.2864,0.00245,true
-130,198.1,8000,0.91424,46.6506,39.0819,11.5106,0.00100,true
-130,198.1,8250,0.88611,46.5986,40.2583,11.5412,0.00104,true
-130,198.1,8500,0.90158,46.6255,41.5022,11.5886,0.00034,true
-130,198.1,8750,0.90558,45.5779,41.7630,11.4108,0.00028,true
-130,198.1,9000,0.89131,44.2418,41.6969,11.1728,0.00024,true
-130,198.1,9250,0.89055,43.8373,42.4633,11.1303,0.00057,true
-130,198.1,9500,0.90369,44.5610,44.3310,11.3245,0.00040,true
-130,198.1,9750,0.91426,45.0241,45.9704,11.4642,0.00014,true
-130,198.1,10000,0.90330,45.1249,47.2547,11.5282,0.00109,true
-130,198.1,10250,0.89144,44.8762,48.1691,11.5191,0.00025,true
-130,198.1,10500,0.87591,44.1919,48.5916,11.4189,0.00000,true
-130,198.1,10750,0.86362,43.5734,49.0523,11.3326,0.00022,true
-130,198.1,11000,0.86279,43.2735,49.8475,11.3133,0.00012,true
-130,198.1,11250,0.85557,42.8275,50.4550,11.2636,0.00023,true
-130,198.1,11500,0.85144,42.5215,51.2076,11.2434,0.00069,true
-130,198.1,11750,0.84592,42.1312,51.8407,11.2058,0.00000,true
-130,198.1,12000,0.84433,41.6777,52.3737,11.1550,0.00006,true
-130,198.1,12250,0.84435,41.1932,52.8433,11.0980,0.00020,true
-130,198.1,12500,0.84085,40.5398,53.0665,11.0057,0.00025,true
-120,208.1,4000,0.88089,45.0157,18.8562,10.5289,0.00049,true
-120,208.1,4250,0.78503,43.7883,19.4884,10.3100,0.00033,true
-120,208.1,4500,0.83861,45.2505,21.3238,10.6553,0.00162,true
-120,208.1,4750,0.81691,44.6601,22.2148,10.5704,0.00244,true
-120,208.1,5000,0.80405,44.7469,23.4294,10.6277,0.00124,true
-120,208.1,5250,0.83326,46.5205,25.5760,11.0389,0.00059,true
-120,208.1,5500,0.84685,46.1141,26.5598,10.9931,0.00034,true
-120,208.1,5750,0.88217,46.7387,28.1432,11.1637,0.00065,true
-120,208.1,6000,0.91986,48.0770,30.2077,11.4842,0.00240,true
-120,208.1,6250,0.93360,48.2558,31.5833,11.5617,0.00034,true
-120,208.1,6500,0.92082,47.3830,32.2526,11.4189,0.00023,true
-120,208.1,6750,0.91451,46.8441,33.1121,11.3463,0.00012,true
-120,208.1,7000,0.91042,46.4369,34.0400,11.3015,0.00045,true
-120,208.1,7250,0.91344,46.3516,35.1910,11.3244,0.00255,true
-120,208.1,7500,0.92630,46.4721,36.4991,11.3906,0.00019,true
-120,208.1,7750,0.93873,48.3897,39.2720,11.8338,0.00068,true
-120,208.1,8000,0.91697,47.4654,39.7645,11.6814,0.00016,true
-120,208.1,8250,0.87294,45.7563,39.5306,11.3646,0.00077,true
-120,208.1,8500,0.90124,46.0604,40.9992,11.4701,0.00084,true
-120,208.1,8750,0.90409,45.0429,41.2727,11.2986,0.00377,true
-120,208.1,9000,0.91371,44.7769,42.2012,11.2850,0.00022,true
-120,208.1,9250,0.92989,45.7553,44.3212,11.5324,0.00056,true
-120,208.1,9500,0.92483,46.4426,46.2029,11.7190,0.00037,true
-120,208.1,9750,0.90969,45.9954,46.9621,11.6679,0.00195,true
-120,208.1,10000,0.89220,45.3768,47.5184,11.5810,0.00024,true
-120,208.1,10250,0.87988,44.4770,47.7406,11.4354,0.00022,true
-120,208.1,10500,0.86938,43.8613,48.2281,11.3495,0.00000,true
-120,208.1,10750,0.86311,43.5151,48.9866,11.3204,0.00020,true
-120,208.1,11000,0.86482,43.3604,49.9476,11.3315,0.00013,true
-120,208.1,11250,0.85958,43.0188,50.6803,11.3037,0.00002,true
-120,208.1,11500,0.85662,42.7288,51.4573,11.2869,0.00014,true
-120,208.1,11750,0.85303,42.3404,52.0980,11.2496,0.00013,true
-120,208.1,12000,0.85175,41.8590,52.6015,11.1930,0.00019,true
-120,208.1,12250,0.85179,41.3564,53.0527,11.1322,0.00023,true
-120,208.1,12500,0.84626,40.5533,53.0841,11.0085,0.00027,true
-110,218.1,4000,0.87591,44.8730,18.7964,10.4989,0.00020,true
-110,218.1,4250,0.77987,43.5270,19.3721,10.2553,0.00037,true
-110,218.1,4500,0.83599,45.4397,21.4129,10.6950,0.00120,true
-110,218.1,4750,0.83131,45.0461,22.4068,10.6514,0.00066,true
-110,218.1,5000,0.83592,46.3757,24.2823,10.9692,0.00030,true
-110,218.1,5250,0.81534,45.5801,25.0590,10.8417,0.00038,true
-110,218.1,5500,0.85745,46.9608,27.0475,11.1706,0.00046,true
-110,218.1,5750,0.90325,47.9997,28.9025,11.4281,0.00039,true
-110,218.1,6000,0.92889,48.2881,30.3403,11.5284,0.00141,true
-110,218.1,6250,0.92576,47.5243,31.1046,11.4083,0.00074,true
-110,218.1,6500,0.91250,46.7335,31.8105,11.2827,0.00041,true
-110,218.1,6750,0.91072,46.4123,32.8069,11.2558,0.00078,true
-110,218.1,7000,0.90719,46.1375,33.8205,11.2387,0.00016,true
-110,218.1,7250,0.93033,47.1039,35.7621,11.4821,0.00031,true
-110,218.1,7500,0.95702,49.2440,38.6761,11.9718,0.00239,true
-110,218.1,7750,0.93249,48.1862,39.1069,11.7912,0.00017,true
-110,218.1,8000,0.90301,46.4933,38.9502,11.4776,0.00066,true
-110,218.1,8250,0.87670,45.5892,39.3862,11.3296,0.00139,true
-110,218.1,8500,0.91082,45.7186,40.6949,11.3984,0.00111,true
-110,218.1,8750,0.93501,46.3288,42.4509,11.5682,0.00030,true
-110,218.1,9000,0.94969,47.0036,44.2999,11.7518,0.00028,true
-110,218.1,9250,0.93419,47.0168,45.5431,11.7969,0.00038,true
-110,218.1,9500,0.91031,46.5473,46.3070,11.7409,0.00040,true
-110,218.1,9750,0.89433,45.6647,46.6245,11.5985,0.00020,true
-110,218.1,10000,0.88388,45.0337,47.1592,11.5091,0.00012,true
-110,218.1,10250,0.87666,44.2972,47.5476,11.3977,0.00014,true
-110,218.1,10500,0.87047,43.9057,48.2768,11.3588,0.00015,true
-110,218.1,10750,0.86696,43.7300,49.2285,11.3654,0.00028,true
-110,218.1,11000,0.87036,43.6327,50.2612,11.3886,0.00027,true
-110,218.1,11250,0.86672,43.2874,50.9968,11.3600,0.00019,true
-110,218.1,11500,0.86492,43.0128,51.7993,11.3464,0.00085,true
-110,218.1,11750,0.86232,42.6553,52.4856,11.3156,0.00011,true
-110,218.1,12000,0.85942,42.0411,52.8304,11.2312,0.00023,true
-110,218.1,12250,0.85500,41.2373,52.8999,11.1072,0.00031,true
-110,218.1,12500,0.84431,40.0850,52.4712,10.9104,0.00000,true
-100,228.1,4000,0.87164,44.7318,18.7372,10.4694,0.00060,true
-100,228.1,4250,0.77221,42.9971,19.1363,10.1442,0.00080,true
-100,228.1,4500,0.84265,45.1283,21.2662,10.6297,0.00569,true
-100,228.1,4750,0.84962,46.1078,22.9349,10.8740,0.00108,true
-100,228.1,5000,0.81395,45.3818,23.7618,10.7608,0.00045,true
-100,228.1,5250,0.82957,46.4029,25.5113,11.0142,0.00068,true
-100,228.1,5500,0.87895,48.0925,27.6993,11.4079,0.00031,true
-100,228.1,5750,0.90728,48.0497,28.9326,11.4386,0.00012,true
-100,228.1,6000,0.92013,47.5972,29.9062,11.3836,0.00069,true
-100,228.1,6250,0.91762,46.8721,30.6777,11.2715,0.00060,true
-100,228.1,6500,0.90710,46.2061,31.4515,11.1721,0.00035,true
-100,228.1,6750,0.90692,46.0811,32.5728,11.1863,0.00105,true
-100,228.1,7000,0.93150,47.3429,34.7041,11.4915,0.00023,true
-100,228.1,7250,0.95751,49.6652,37.7067,12.0192,0.00081,true
-100,228.1,7500,0.94303,48.2822,37.9208,11.7702,0.00033,true
-100,228.1,7750,0.93944,46.8546,38.0262,11.5120,0.00134,true
-100,228.1,8000,0.89569,45.7562,38.3326,11.3230,0.00010,true
-100,228.1,8250,0.90336,46.1495,39.8703,11.4470,0.00226,true
-100,228.1,8500,0.95015,47.6082,42.3769,11.7946,0.00033,true
-100,228.1,8750,0.96308,48.3457,44.2991,11.9911,0.00021,true
-100,228.1,9000,0.94108,47.5295,44.7955,11.8621,0.00023,true
-100,228.1,9250,0.91742,46.7005,45.2368,11.7306,0.00029,true
-100,228.1,9500,0.89792,46.0409,45.8033,11.6348,0.00019,true
-100,228.1,9750,0.88869,45.3819,46.3358,11.5392,0.00025,true
-100,228.1,10000,0.88252,44.9327,47.0534,11.4879,0.00033,true
-100,228.1,10250,0.88013,44.5131,47.7794,11.4430,0.00024,true
-100,228.1,10500,0.87708,44.2858,48.6948,11.4385,0.00128,true
-100,228.1,10750,0.87406,44.0236,49.5590,11.4270,0.00007,true
-100,228.1,11000,0.87903,43.9588,50.6369,11.4570,0.00049,true
-100,228.1,11250,0.87767,43.7302,51.5184,11.4529,0.00026,true
-100,228.1,11500,0.87516,43.3736,52.2339,11.4221,0.00000,true
-100,228.1,11750,0.86783,42.6963,52.5359,11.3242,0.00017,true
-100,228.1,12000,0.86069,41.7524,52.4676,11.1707,0.00017,true
-100,228.1,12250,0.85221,40.7466,52.2705,11.0043,0.00040,true
-100,228.1,12500,0.83803,39.6983,51.9649,10.8293,0.00049,true
-90,238.1,4000,0.87481,45.1292,18.9037,10.5527,0.00041,true
-90,238.1,4250,0.76656,42.6484,18.9811,10.0711,0.00069,true
-90,238.1,4500,0.85941,45.5476,21.4638,10.7176,0.00193,true
-90,238.1,4750,0.82566,45.4776,22.6214,10.7418,0.00049,true
-90,238.1,5000,0.81592,45.6215,23.8873,10.8111,0.00027,true
-90,238.1,5250,0.85349,47.6934,26.2208,11.2848,0.00050,true
-90,238.1,5500,0.88399,48.1538,27.7346,11.4208,0.00032,true
-90,238.1,5750,0.89867,47.4318,28.5605,11.3090,0.00036,true
-90,238.1,6000,0.91025,46.9419,29.4945,11.2462,0.00064,true
-90,238.1,6250,0.91094,46.2747,30.2867,11.1463,0.00020,true
-90,238.1,6500,0.90303,45.8174,31.1869,11.0906,0.00087,true
-90,238.1,6750,0.93201,47.4459,33.5375,11.4725,0.00032,true
-90,238.1,7000,0.95552,49.7062,36.4366,11.9870,0.00019,true
-90,238.1,7250,0.93972,48.5359,36.8493,11.7824,0.00153,true
-90,238.1,7500,0.92301,47.1060,36.9970,11.5236,0.00017,true
-90,238.1,7750,0.92394,46.3174,37.5902,11.3994,0.02487,false
-90,238.1,8000,0.91615,46.3585,38.8372,11.4493,0.00037,true
-90,238.1,8250,0.94786,48.5030,41.9036,11.9405,0.00054,true
-90,238.1,8500,0.96286,49.2843,43.8689,12.1460,0.00215,true
-90,238.1,8750,0.94960,48.3925,44.3419,12.0009,0.00019,true
-90,238.1,9000,0.92507,47.0271,44.3220,11.7568,0.00022,true
-90,238.1,9250,0.90780,46.2809,44.8304,11.6426,0.00043,true
-90,238.1,9500,0.89327,45.7946,45.5582,11.5831,0.00023,true
-90,238.1,9750,0.88966,45.4705,46.4262,11.5578,0.00045,true
-90,238.1,10000,0.88878,45.3433,47.4834,11.5740,0.00022,true
-90,238.1,10250,0.88660,44.8198,48.1086,11.5073,0.00021,true
-90,238.1,10500,0.88603,44.6717,49.1190,11.5194,0.00067,true
-90,238.1,10750,0.88537,44.5233,50.1216,11.5317,0.00000,true
-90,238.1,11000,0.89072,44.4543,51.2077,11.5609,0.00017,true
-90,238.1,11250,0.88644,43.9812,51.8141,11.5055,0.00015,true
-90,238.1,11500,0.87937,43.3928,52.2570,11.4261,0.00025,true
-90,238.1,11750,0.86776,42.3434,52.1017,11.2502,0.00000,true
-90,238.1,12000,0.85572,41.3630,51.9783,11.0890,0.00027,true
-90,238.1,12250,0.84631,40.4490,51.8887,10.9419,0.00013,true
-90,238.1,12500,0.83337,39.6145,51.8553,10.8117,0.00055,true
-80,248.1,4000,0.88207,45.4696,19.0463,10.6240,0.00053,true
-80,248.1,4250,0.76335,42.4183,18.8786,10.0228,0.00070,true
-80,248.1,4500,0.85478,46.0525,21.7017,10.8235,0.00192,true
-80,248.1,4750,0.81756,45.1170,22.4421,10.6662,0.00103,true
-80,248.1,5000,0.83246,46.6980,24.4510,11.0368,0.00044,true
-80,248.1,5250,0.87199,48.5131,26.6715,11.4566,0.00061,true
-80,248.1,5500,0.86774,47.1269,27.1432,11.2055,0.00026,true
-80,248.1,5750,0.88914,46.9260,28.2559,11.2030,0.00011,true
-80,248.1,6000,0.90077,46.1690,29.0088,11.0841,0.00092,true
-80,248.1,6250,0.90566,45.8116,29.9836,11.0492,0.00054,true
-80,248.1,6500,0.92650,47.1000,32.0600,11.3596,0.00072,true
-80,248.1,6750,0.95640,49.7798,35.1873,11.9618,0.00026,true
-80,248.1,7000,0.93398,48.4510,35.5164,11.7238,0.00034,true
-80,248.1,7250,0.91984,47.3561,35.9536,11.5350,0.00114,true
-80,248.1,7500,0.91685,46.3093,36.3712,11.3565,0.00054,true
-80,248.1,7750,0.94644,47.1413,38.2589,11.5721,0.01377,true
-80,248.1,8000,0.95536,48.8834,40.9524,11.9787,0.00052,true
-80,248.1,8250,0.94011,49.6022,42.8532,12.1709,0.00018,true
-80,248.1,8500,0.93921,48.9583,43.5787,12.0777,0.00061,true
-80,248.1,8750,0.93499,47.8703,43.8634,11.8914,0.00019,true
-80,248.1,9000,0.91600,46.7049,44.0183,11.6892,0.00038,true
-80,248.1,9250,0.90221,46.1122,44.6669,11.6072,0.00025,true
-80,248.1,9500,0.89774,46.1165,45.8784,11.6506,0.00039,true
-80,248.1,9750,0.89601,45.8630,46.8269,11.6401,0.00016,true
-80,248.1,10000,0.89425,45.5759,47.7270,11.6228,0.00011,true
-80,248.1,10250,0.89647,45.2764,48.5987,11.6030,0.00008,true
-80,248.1,10500,0.89781,45.1871,49.6858,11.6275,0.00003,true
-80,248.1,10750,0.89676,44.9827,50.6387,11.6281,0.00006,true
-80,248.1,11000,0.89893,44.6445,51.4268,11.6008,0.00048,true
-80,248.1,11250,0.89093,43.8532,51.6633,11.4786,0.00025,true
-80,248.1,11500,0.87802,43.1021,51.9069,11.3651,0.00025,true
-80,248.1,11750,0.86230,42.0010,51.6805,11.1785,0.00014,true
-80,248.1,12000,0.85011,41.1117,51.6625,11.0363,0.00059,true
-80,248.1,12250,0.84309,40.4894,51.9405,10.9504,0.00037,true
-80,248.1,12500,0.83293,39.8312,52.1389,10.8571,0.00005,true
-70,258.1,4000,0.87441,44.8903,18.8036,10.5026,0.00025,true
-70,258.1,4250,0.78558,43.5576,19.3857,10.2617,0.00068,true
-70,258.1,4500,0.83514,45.4061,21.3971,10.6879,0.00315,true
-70,258.1,4750,0.83505,45.8677,22.8154,10.8236,0.00072,true
-70,258.1,5000,0.85985,48.3100,25.2950,11.3748,0.00094,true
-70,258.1,5250,0.85566,47.4892,26.1086,11.2420,0.00057,true
-70,258.1,5500,0.85286,46.2562,26.6417,11.0229,0.00021,true
-70,258.1,5750,0.87519,45.8844,27.6288,10.9846,0.00045,true
-70,258.1,6000,0.89225,45.5122,28.5961,10.9464,0.00048,true
-70,258.1,6250,0.92587,46.7787,30.6166,11.2520,0.00022,true
-70,258.1,6500,0.95724,49.7854,33.8878,11.9226,0.00020,true
-70,258.1,6750,0.93643,48.5669,34.3299,11.7075,0.00022,true
-70,258.1,7000,0.91671,47.3627,34.7187,11.4956,0.00015,true
-70,258.1,7250,0.91208,46.5309,35.3271,11.3620,0.00086,true
-70,258.1,7500,0.95661,47.3963,37.2249,11.5844,0.01536,true
-70,258.1,7750,0.97140,49.7599,40.3840,12.1211,0.00024,true
-70,258.1,8000,0.95897,49.7956,41.7167,12.1700,0.00018,true
-70,258.1,8250,0.92117,48.9143,42.2590,12.0267,0.00021,true
-70,258.1,8500,0.92563,48.4951,43.1663,11.9805,0.00104,true
-70,258.1,8750,0.92730,47.6068,43.6220,11.8362,0.00043,true
-70,258.1,9000,0.91471,46.5534,43.8756,11.6574,0.00023,true
-70,258.1,9250,0.91106,46.6254,45.1640,11.7148,0.00036,true
-70,258.1,9500,0.90237,46.3681,46.1287,11.7033,0.00075,true
-70,258.1,9750,0.90192,46.1248,47.0942,11.6950,0.00026,true
-70,258.1,10000,0.90687,46.2365,48.4187,11.7613,0.00027,true
-70,258.1,10250,0.91090,45.9576,49.3298,11.7458,0.00030,true
-70,258.1,10500,0.90836,45.5710,50.1079,11.7080,0.00038,true
-70,258.1,10750,0.90450,45.1040,50.7753,11.6535,0.00003,true
-70,258.1,11000,0.90287,44.5068,51.2682,11.5719,0.00006,true
-70,258.1,11250,0.88795,43.5860,51.3485,11.4226,0.00037,true
-70,258.1,11500,0.87299,42.7447,51.4765,11.2902,0.00038,true
-70,258.1,11750,0.85769,41.8654,51.5136,11.1500,0.00044,true
-70,258.1,12000,0.84814,41.2325,51.8143,11.0617,0.00027,true
-70,258.1,12250,0.84141,40.6154,52.1021,10.9768,0.00075,true
-70,258.1,12500,0.83005,39.6930,51.9581,10.8282,0.00000,true
-60,268.1,4000,0.86986,44.7069,18.7268,10.4641,0.00147,true
-60,268.1,4250,0.79531,44.2544,19.6958,10.4078,0.00035,true
-60,268.1,4500,0.82815,45.1752,21.2883,10.6395,0.00357,true
-60,268.1,4750,0.85870,47.0607,23.4089,11.0738,0.00014,true
-60,268.1,5000,0.87224,48.6940,25.4961,11.4553,0.00066,true
-60,268.1,5250,0.82716,45.8726,25.2198,10.9030,0.00146,true
-60,268.1,5500,0.84213,45.6292,26.2805,10.8914,0.00042,true
-60,268.1,5750,0.86433,45.1666,27.1966,10.8341,0.00058,true
-60,268.1,6000,0.89963,45.8227,28.7913,11.0115,0.00064,true
-60,268.1,6250,0.96205,49.8597,32.6331,11.8979,0.00030,true
-60,268.1,6500,0.93790,48.6668,33.1265,11.6881,0.00036,true
-60,268.1,6750,0.91865,47.5193,33.5894,11.4879,0.00118,true
-60,268.1,7000,0.90726,46.4625,34.0588,11.3069,0.00109,true
-60,268.1,7250,0.93736,47.4796,36.0474,11.5609,0.00497,true
-60,268.1,7500,0.98323,50.0515,39.3104,12.1411,0.00020,true
-60,268.1,7750,0.97117,50.3693,40.8786,12.2489,0.00078,true
-60,268.1,8000,0.94092,49.0760,41.1138,12.0191,0.00022,true
-60,268.1,8250,0.91107,48.4629,41.8689,11.9321,0.00015,true
-60,268.1,8500,0.91871,48.2308,42.9311,11.9251,0.00083,true
-60,268.1,8750,0.92941,47.5348,43.5560,11.8211,0.00044,true
-60,268.1,9000,0.92301,47.0087,44.3046,11.7529,0.00029,true
-60,268.1,9250,0.91443,46.6947,45.2312,11.7293,0.00046,true
-60,268.1,9500,0.91010,46.7779,46.5364,11.7893,0.00026,true
-60,268.1,9750,0.91692,46.9546,47.9415,11.8690,0.00042,true
-60,268.1,10000,0.92095,46.8984,49.1119,11.9000,0.00023,true
-60,268.1,10250,0.92140,46.3310,49.7307,11.8241,0.00035,true
-60,268.1,10500,0.91811,45.7569,50.3123,11.7470,0.00028,true
-60,268.1,10750,0.90762,45.0734,50.7408,11.6471,0.00032,true
-60,268.1,11000,0.90071,44.2496,50.9719,11.5180,0.00094,true
-60,268.1,11250,0.88317,43.2970,51.0081,11.3620,0.00009,true
-60,268.1,11500,0.86902,42.7062,51.4301,11.2821,0.00026,true
-60,268.1,11750,0.85606,42.0051,51.6855,11.1793,0.00022,true
-60,268.1,12000,0.84584,41.2358,51.8185,11.0624,0.00036,true
-60,268.1,12250,0.83436,40.0958,51.4355,10.8679,0.00024,true
-60,268.1,12500,0.81245,38.2009,50.0049,10.5153,0.00045,true
-50,278.1,4000,0.87677,45.3184,18.9829,10.5923,0.00071,true
-50,278.1,4250,0.78333,43.6462,19.4251,10.2802,0.00118,true
-50,278.1,4500,0.84242,45.6229,21.4993,10.7334,0.00098,true
-50,278.1,4750,0.88516,48.3656,24.0580,11.3474,0.00033,true
-50,278.1,5000,0.85739,47.4634,24.8518,11.1973,0.00049,true
-50,278.1,5250,0.80316,44.5149,24.4734,10.6184,0.00169,true
-50,278.1,5500,0.83341,44.9858,25.9100,10.7566,0.00082,true
-50,278.1,5750,0.85487,44.4637,26.7733,10.6867,0.00055,true
-50,278.1,6000,0.92894,48.5969,30.5344,11.5932,0.00136,true
-50,278.1,6250,0.94701,49.1155,32.1460,11.7419,0.00035,true
-50,278.1,6500,0.92074,47.6022,32.4018,11.4648,0.00075,true
-50,278.1,6750,0.90654,46.4973,32.8670,11.2736,0.00036,true
-50,278.1,7000,0.92690,47.1415,34.5565,11.4492,0.00037,true
-50,278.1,7250,0.98339,50.3233,38.2064,12.1571,0.00088,true
-50,278.1,7500,0.98113,50.5263,39.6832,12.2406,0.00038,true
-50,278.1,7750,0.94791,49.5553,40.2180,12.0782,0.00000,true
-50,278.1,8000,0.93251,48.6346,40.7440,11.9265,0.00045,true
-50,278.1,8250,0.90415,48.0909,41.5476,11.8541,0.00000,true
-50,278.1,8500,0.91857,48.2469,42.9455,11.9285,0.00144,true
-50,278.1,8750,0.93469,47.8922,43.8835,11.8960,0.00024,true
-50,278.1,9000,0.92372,47.0553,44.3485,11.7627,0.00005,true
-50,278.1,9250,0.92209,47.1750,45.6965,11.8301,0.00024,true
-50,278.1,9500,0.92621,47.6905,47.4443,11.9806,0.00035,true
-50,278.1,9750,0.93028,47.5603,48.5599,11.9960,0.00033,true
-50,278.1,10000,0.93252,47.3032,49.5358,11.9849,0.00026,true
-50,278.1,10250,0.93212,46.5540,49.9700,11.8709,0.00024,true
-50,278.1,10500,0.92019,45.7529,50.3079,11.7461,0.00000,true
-50,278.1,10750,0.90592,44.7514,50.3783,11.5796,0.00037,true
-50,278.1,11000,0.89551,44.0000,50.6844,11.4656,0.00006,true
-50,278.1,11250,0.87954,43.2552,50.9589,11.3533,0.00017,true
-50,278.1,11500,0.86701,42.7999,51.5430,11.3018,0.00028,true
-50,278.1,11750,0.85271,41.8390,51.4811,11.1445,0.00038,true
-50,278.1,12000,0.83435,40.2405,50.5677,10.8537,0.00022,true
-50,278.1,12250,0.80858,38.0383,48.7962,10.4365,0.00038,true
-50,278.1,12500,0.78040,35.8401,46.9146,10.0204,0.00021,true
-40,288.1,4000,0.87173,45.0332,18.8635,10.5325,0.00070,true
-40,288.1,4250,0.78506,43.8646,19.5223,10.3260,0.00080,true
-40,288.1,4500,0.86153,46.5924,21.9562,10.9367,0.00112,true
-40,288.1,4750,0.89170,48.4485,24.0992,11.3647,0.00061,true
-40,288.1,5000,0.83525,46.0960,24.1358,10.9106,0.00097,true
-40,288.1,5250,0.79806,44.2325,24.3181,10.5591,0.00165,true
-40,288.1,5500,0.81460,43.8479,25.2546,10.5180,0.00150,true
-40,288.1,5750,0.88326,46.3679,27.9199,11.0860,0.00064,true
-40,288.1,6000,0.92728,49.0112,30.7947,11.6800,0.00051,true
-40,288.1,6250,0.92891,48.0741,31.4644,11.5236,0.00070,true
-40,288.1,6500,0.90629,46.4174,31.5954,11.2164,0.00002,true
-40,288.1,6750,0.91947,46.7478,33.0441,11.3261,0.00054,true
-40,288.1,7000,0.97596,50.0160,36.6636,12.0519,0.00020,true
-40,288.1,7250,0.98366,50.9150,38.6556,12.2812,0.00151,true
-40,288.1,7500,0.96199,49.7668,39.0868,12.0814,0.00167,true
-40,288.1,7750,0.94173,49.1647,39.9010,11.9963,0.00174,true
-40,288.1,8000,0.92835,48.2970,40.4612,11.8558,0.00036,true
-40,288.1,8250,0.90548,48.1870,41.6305,11.8742,0.00044,true
-40,288.1,8500,0.92423,48.6048,43.2640,12.0035,0.00057,true
-40,288.1,8750,0.93393,47.9056,43.8958,11.8988,0.00023,true
-40,288.1,9000,0.93234,47.6101,44.8715,11.8790,0.00027,true
-40,288.1,9250,0.94090,48.1966,46.6860,12.0442,0.00096,true
-40,288.1,9500,0.93878,48.2228,47.9738,12.0922,0.00013,true
-40,288.1,9750,0.94362,48.0390,49.0487,12.0963,0.00038,true
-40,288.1,10000,0.94460,47.6276,49.8755,12.0529,0.00032,true
-40,288.1,10250,0.93499,46.5608,49.9773,11.8723,0.00043,true
-40,288.1,10500,0.91975,45.4416,49.9656,11.6809,0.00039,true
-40,288.1,10750,0.90141,44.5861,50.1922,11.5449,0.00030,true
-40,288.1,11000,0.89243,44.0128,50.6990,11.4683,0.00096,true
-40,288.1,11250,0.87760,43.3410,51.0599,11.3712,0.00023,true
-40,288.1,11500,0.86186,42.3206,50.9658,11.2013,0.00037,true
-40,288.1,11750,0.83419,40.2697,49.5502,10.8155,0.00001,true
-40,288.1,12000,0.80242,37.8570,47.5725,10.3539,0.00043,true
-40,288.1,12250,0.78035,36.2291,46.4754,10.0572,0.00064,true
-40,288.1,12500,0.76784,35.1307,45.9859,9.8716,0.00052,true
-30,298.1,4000,0.86701,44.7560,18.7474,10.4744,0.00052,true
-30,298.1,4250,0.79550,44.5436,19.8245,10.4684,0.00116,true
-30,298.1,4500,0.89237,47.8566,22.5519,11.2017,0.00045,true
-30,298.1,4750,0.87506,47.2858,23.5208,11.1210,0.00052,true
-30,298.1,5000,0.81506,44.8857,23.5021,10.6568,0.00142,true
-30,298.1,5250,0.79544,44.0654,24.2262,10.5241,0.00200,true
-30,298.1,5500,0.80791,43.4830,25.0444,10.4415,0.00055,true
-30,298.1,5750,0.91061,48.5439,29.2301,11.5422,0.00027,true
-30,298.1,6000,0.92116,48.3348,30.3696,11.5382,0.00212,true
-30,298.1,6250,0.91171,46.7295,30.5844,11.2417,0.00088,true
-30,298.1,6500,0.90911,46.2737,31.4975,11.1863,0.00039,true
-30,298.1,6750,0.96576,49.3800,34.9047,11.8780,0.00033,true
-30,298.1,7000,0.98531,51.1034,37.4608,12.2799,0.00033,true
-30,298.1,7250,0.96280,50.0991,38.0362,12.1101,0.00085,true
-30,298.1,7500,0.95607,49.3428,38.7538,11.9925,0.00205,true
-30,298.1,7750,0.93855,48.8462,39.6425,11.9296,0.00074,true
-30,298.1,8000,0.92697,48.3441,40.5006,11.8656,0.00028,true
-30,298.1,8250,0.91316,48.6680,42.0461,11.9751,0.00003,true
-30,298.1,8500,0.92409,48.6219,43.2792,12.0071,0.00020,true
-30,298.1,8750,0.94213,48.3121,44.2683,11.9841,0.00044,true
-30,298.1,9000,0.95438,48.6003,45.8047,12.0866,0.00026,true
-30,298.1,9250,0.95607,48.6622,47.1370,12.1419,0.00335,true
-30,298.1,9500,0.95429,48.7990,48.5471,12.2130,0.00034,true
-30,298.1,9750,0.95806,48.5453,49.5656,12.2025,0.00012,true
-30,298.1,10000,0.94891,47.2486,49.4787,11.9735,0.00057,true
-30,298.1,10250,0.93632,46.2813,49.6773,11.8137,0.00041,true
-30,298.1,10500,0.91559,45.3180,49.8298,11.6550,0.00038,true
-30,298.1,10750,0.89821,44.6044,50.2129,11.5487,0.00054,true
-30,298.1,11000,0.88987,44.0322,50.7215,11.4724,0.00025,true
-30,298.1,11250,0.86974,42.6952,50.2990,11.2358,0.00046,true
-30,298.1,11500,0.83751,40.3077,48.5416,10.7793,0.00042,true
-30,298.1,11750,0.80092,37.9690,46.7192,10.3331,0.00036,true
-30,298.1,12000,0.77997,36.5131,45.8837,10.0722,0.00079,true
-30,298.1,12250,0.77866,36.0916,46.2990,10.0284,0.00044,true
-30,298.1,12500,0.77467,36.1665,47.3419,10.0888,0.00042,true
-20,308.1,4000,0.86045,44.1887,18.5097,10.3555,0.00116,true
-20,308.1,4250,0.81377,45.7504,20.3616,10.7214,0.00177,true
-20,308.1,4500,0.90904,48.1551,22.6926,11.2643,0.00555,true
-20,308.1,4750,0.85738,46.2951,23.0281,10.9132,0.00059,true
-20,308.1,5000,0.80786,44.5177,23.3094,10.5797,0.00188,true
-20,308.1,5250,0.78205,43.1479,23.7218,10.3318,0.00177,true
-20,308.1,5500,0.83073,45.2955,26.0883,10.8215,0.00048,true
-20,308.1,5750,0.90235,47.9924,28.8981,11.4266,0.00028,true
-20,308.1,6000,0.91009,47.2307,29.6759,11.3067,0.00100,true
-20,308.1,6250,0.90713,46.1464,30.2028,11.1194,0.00088,true
-20,308.1,6500,0.94714,48.2504,32.8430,11.6007,0.00033,true
-20,308.1,6750,0.98921,51.1889,36.1833,12.2572,0.00020,true
-20,308.1,7000,0.96294,50.2633,36.8449,12.1038,0.00021,true
-20,308.1,7250,0.95716,49.7089,37.7399,12.0283,0.00134,true
-20,308.1,7500,0.94867,48.9487,38.4442,11.9099,0.00193,true
-20,308.1,7750,0.93594,48.8392,39.6368,11.9281,0.00075,true
-20,308.1,8000,0.93153,48.6913,40.7915,11.9384,0.00010,true
-20,308.1,8250,0.91419,48.7408,42.1090,11.9903,0.00024,true
-20,308.1,8500,0.93545,49.1849,43.7804,12.1252,0.00035,true
-20,308.1,8750,0.96139,49.2573,45.1343,12.1822,0.00029,true
-20,308.1,9000,0.96288,48.9288,46.1143,12.1555,0.00028,true
-20,308.1,9250,0.96911,49.4080,47.8594,12.2982,0.00325,true
-20,308.1,9500,0.97211,49.5197,49.2641,12.3641,0.00124,true
-20,308.1,9750,0.96975,48.4183,49.4359,12.1759,0.00381,true
-20,308.1,10000,0.95380,47.0876,49.3100,11.9397,0.00036,true
-20,308.1,10250,0.93185,46.1579,49.5448,11.7878,0.00063,true
-20,308.1,10500,0.91151,45.3304,49.8433,11.6575,0.00048,true
-20,308.1,10750,0.89541,44.5567,50.1592,11.5388,0.00067,true
-20,308.1,11000,0.87892,43.1223,49.6733,11.2816,0.00043,true
-20,308.1,11250,0.83992,40.3787,47.5700,10.7502,0.00016,true
-20,308.1,11500,0.80617,38.1131,45.8987,10.3191,0.00033,true
-20,308.1,11750,0.78579,36.9225,45.4316,10.1137,0.00054,true
-20,308.1,12000,0.78204,36.9993,46.4947,10.1741,0.00004,true
-20,308.1,12250,0.78584,37.1891,47.7068,10.2585,0.00047,true
-20,308.1,12500,0.78575,37.2548,48.7664,10.3170,0.00035,true
-10,318.1,4000,0.85677,44.0494,18.4514,10.3263,0.00035,true
-10,318.1,4250,0.84113,47.3149,21.0579,11.0494,0.00105,true
-10,318.1,4500,0.89940,47.4835,22.3761,11.1235,0.00092,true
-10,318.1,4750,0.84347,45.6106,22.6876,10.7697,0.00175,true
-10,318.1,5000,0.80529,44.3190,23.2054,10.5380,0.00157,true
-10,318.1,5250,0.76837,42.4907,23.3605,10.1940,0.00142,true
-10,318.1,5500,0.83676,45.7255,26.3360,10.9116,0.00066,true
-10,318.1,5750,0.89289,47.5109,28.6082,11.3256,0.00046,true
-10,318.1,6000,0.89763,46.1450,28.9938,11.0791,0.00056,true
-10,318.1,6250,0.93015,47.0852,30.8172,11.3162,0.00000,true
-10,318.1,6500,0.98588,50.8600,34.6193,12.1479,0.00039,true
-10,318.1,6750,0.96661,50.4863,35.6866,12.1099,0.00033,true
-10,318.1,7000,0.95567,49.8040,36.5082,12.0075,0.00023,true
-10,318.1,7250,0.95078,49.2899,37.4218,11.9405,0.00097,true
-10,318.1,7500,0.94618,48.9625,38.4550,11.9128,0.00131,true
-10,318.1,7750,0.93810,49.0700,39.8241,11.9765,0.00047,true
-10,318.1,8000,0.93004,48.5956,40.7114,11.9184,0.00004,true
-10,318.1,8250,0.92418,49.3881,42.6682,12.1260,0.00024,true
-10,318.1,8500,0.95475,49.9779,44.4862,12.2914,0.00050,true
-10,318.1,8750,0.96727,49.5550,45.4071,12.2447,0.00014,true
-10,318.1,9000,0.98160,49.8131,46.9477,12.3409,0.00015,true
-10,318.1,9250,0.99030,50.3321,48.7546,12.4920,0.00162,true
-10,318.1,9500,0.98561,49.3737,49.1188,12.3335,0.00048,true
-10,318.1,9750,0.97718,48.0409,49.0506,12.0967,0.00051,true
-10,318.1,10000,0.94860,46.9406,49.1561,11.9089,0.00035,true
-10,318.1,10250,0.92654,46.1206,49.5048,11.7800,0.00028,true
-10,318.1,10500,0.90826,45.2187,49.7205,11.6341,0.00043,true
-10,318.1,10750,0.88023,43.3112,48.7570,11.2776,0.00031,true
-10,318.1,11000,0.84690,40.7268,46.9139,10.7794,0.00012,true
-10,318.1,11250,0.81027,38.5019,45.3589,10.3567,0.00057,true
-10,318.1,11500,0.79790,37.7446,45.4550,10.2419,0.00066,true
-10,318.1,11750,0.79032,37.5792,46.2396,10.2514,0.00043,true
-10,318.1,12000,0.79092,37.9372,47.6733,10.3708,0.00041,true
-10,318.1,12250,0.79768,38.3266,49.1660,10.4969,0.00032,true
-10,318.1,12500,0.80060,38.5522,50.4647,10.5890,0.00038,true
0,328.1,4000,0.86033,44.3537,18.5788,10.3901,0.00067,true
0,328.1,4250,0.85715,47.9386,21.3355,11.1802,0.00069,true
0,328.1,4500,0.88338,46.2385,21.7894,10.8625,0.00355,true
0,328.1,4750,0.83497,45.0769,22.4221,10.6578,0.00103,true
0,328.1,5000,0.80017,43.8888,22.9801,10.4478,0.00257,true
0,328.1,5250,0.77906,43.2794,23.7941,10.3593,0.00054,true
0,328.1,5500,0.83654,45.6590,26.2977,10.8977,0.00105,true
0,328.1,5750,0.87818,46.4024,27.9407,11.0932,0.00019,true
0,328.1,6000,0.90247,46.0081,28.9077,11.0504,0.00036,true
0,328.1,6250,0.97939,50.0582,32.7630,11.9396,0.00035,true
0,328.1,6500,0.97232,50.7855,34.5686,12.1323,0.00021,true
0,328.1,6750,0.95518,49.8400,35.2298,11.9744,0.00024,true
0,328.1,7000,0.94921,49.3896,36.2045,11.9206,0.00019,true
0,328.1,7250,0.94614,49.2075,37.3592,11.9232,0.00078,true
0,328.1,7500,0.94595,49.0686,38.5384,11.9350,0.00012,true
0,328.1,7750,0.93568,48.9346,39.7142,11.9481,0.00013,true
0,328.1,8000,0.93443,48.8065,40.8881,11.9626,0.00032,true
0,328.1,8250,0.94173,50.3145,43.4686,12.3203,0.00348,true
0,328.1,8500,0.95831,50.1369,44.6278,12.3248,0.00051,true
0,328.1,8750,0.98960,50.4981,46.2713,12.4424,0.00024,true
0,328.1,9000,1.00375,50.7669,47.8467,12.5409,0.00014,true
0,328.1,9250,0.99823,50.0841,48.5143,12.4400,0.00065,true
0,328.1,9500,0.99272,49.1797,48.9259,12.2928,0.00033,true
0,328.1,9750,0.97128,47.9134,48.9205,12.0700,0.00075,true
0,328.1,10000,0.93952,46.8511,49.0623,11.8901,0.00070,true
0,328.1,10250,0.92311,46.0136,49.3900,11.7576,0.00056,true
0,328.1,10500,0.89096,43.7741,48.1321,11.3312,0.00000,true
0,328.1,10750,0.84592,40.9119,46.0560,10.7746,0.00045,true
0,328.1,11000,0.82033,39.0447,44.9762,10.4267,0.00055,true
0,328.1,11250,0.80619,38.4977,45.3541,10.3558,0.00062,true
0,328.1,11500,0.80330,38.4845,46.3460,10.3970,0.00026,true
0,328.1,11750,0.80029,38.5282,47.4073,10.4503,0.00056,true
0,328.1,12000,0.80434,39.1437,49.1894,10.6237,0.00010,true
0,328.1,12250,0.81159,39.5245,50.7027,10.7481,0.00014,true
0,328.1,12500,0.80929,39.1603,51.2607,10.7165,0.00034,true
10,338.1,4000,0.87631,45.2954,18.9733,10.5875,0.00040,true
10,338.1,4250,0.84429,46.9616,20.9007,10.9754,0.00097,true
10,338.1,4500,0.86667,45.4545,21.4199,10.6981,0.00282,true
10,338.1,4750,0.82932,44.7780,22.2734,10.5952,0.00189,true
10,338.1,5000,0.79524,43.8703,22.9704,10.4439,0.00084,true
10,338.1,5250,0.77731,43.0922,23.6912,10.3201,0.00159,true
10,338.1,5500,0.83406,45.5345,26.2260,10.8716,0.00088,true
10,338.1,5750,0.86588,45.3817,27.3261,10.8792,0.00014,true
10,338.1,6000,0.94360,48.2266,30.3017,11.5155,0.00060,true
10,338.1,6250,0.98759,51.2129,33.5188,12.1817,0.00037,true
10,338.1,6500,0.95469,49.8437,33.9275,11.9348,0.00040,true
10,338.1,6750,0.95334,49.5793,35.0455,11.9198,0.00021,true
10,338.1,7000,0.94380,49.2077,36.0711,11.8824,0.00020,true
10,338.1,7250,0.94696,49.3530,37.4697,11.9537,0.00089,true
10,338.1,7500,0.94394,48.9262,38.4265,11.9052,0.00053,true
10,338.1,7750,0.93934,49.0528,39.8101,11.9729,0.00104,true
10,338.1,8000,0.95503,49.9228,41.8232,12.1966,0.00017,true
10,338.1,8250,0.94054,50.1730,43.3463,12.2906,0.00024,true
10,338.1,8500,0.97843,50.9097,45.3156,12.4868,0.00031,true
10,338.1,8750,1.01029,51.6881,47.3617,12.6919,0.00000,true
10,338.1,9000,1.00969,50.7455,47.8266,12.5364,0.00030,true
10,338.1,9250,1.00721,49.9347,48.3696,12.4087,0.00082,true
10,338.1,9500,0.99034,49.1185,48.8649,12.2800,0.00059,true
10,338.1,9750,0.96178,47.7954,48.8000,12.0453,0.00068,true
10,338.1,10000,0.93700,46.9869,49.2046,11.9186,0.00062,true
10,338.1,10250,0.90480,44.4825,47.7466,11.4366,0.00035,true
10,338.1,10500,0.85801,41.5161,45.6493,10.8578,0.00050,true
10,338.1,10750,0.82259,39.4677,44.4302,10.4718,0.00016,true
10,338.1,11000,0.81932,39.3120,45.2842,10.4827,0.00070,true
10,338.1,11250,0.81385,39.3632,46.3737,10.5373,0.00003,true
10,338.1,11500,0.81390,39.5287,47.6035,10.6159,0.00037,true
10,338.1,11750,0.81429,40.0603,49.2925,10.7716,0.00029,true
10,338.1,12000,0.81825,40.2715,50.6067,10.8602,0.00024,true
10,338.1,12250,0.81806,39.8622,51.1359,10.8189,0.00030,true
10,338.1,12500,0.80933,38.9811,51.0261,10.6789,0.00012,true
20,348.1,4000,0.90310,46.8629,19.6299,10.9162,0.00039,true
20,348.1,4250,0.82030,45.4029,20.2070,10.6486,0.00166,true
20,348.1,4500,0.85364,44.9341,21.1747,10.5890,0.00326,true
20,348.1,4750,0.81734,44.4007,22.0858,10.5161,0.00293,true
20,348.1,5000,0.79682,44.1225,23.1025,10.4968,0.00166,true
20,348.1,5250,0.77910,43.1999,23.7504,10.3426,0.00194,true
20,348.1,5500,0.82638,44.9093,25.8659,10.7405,0.00078,true
20,348.1,5750,0.88237,45.7326,27.5373,10.9528,0.00020,true
20,348.1,6000,0.97860,50.9332,32.0023,12.0830,0.00017,true
20,348.1,6250,0.96476,50.2330,32.8774,11.9762,0.00045,true
20,348.1,6500,0.95577,49.7284,33.8490,11.9106,0.00021,true
20,348.1,6750,0.94469,49.2024,34.7791,11.8407,0.00010,true
20,348.1,7000,0.94327,49.3170,36.1512,11.9054,0.00029,true
20,348.1,7250,0.94640,49.2811,37.4151,11.9386,0.00109,true
20,348.1,7500,0.94420,48.8583,38.3732,11.8909,0.00016,true
20,348.1,7750,0.95703,49.9236,40.5169,12.1555,0.00014,true
20,348.1,8000,0.95414,50.0399,41.9213,12.2212,0.00045,true
20,348.1,8250,0.95228,50.8078,43.8948,12.4237,0.00214,true
20,348.1,8500,1.00751,52.2119,46.4747,12.7598,0.00027,true
20,348.1,8750,1.01843,51.9198,47.5740,12.7405,0.00024,true
20,348.1,9000,1.01977,50.6681,47.7536,12.5201,0.00037,true
20,348.1,9250,1.00732,49.9118,48.3475,12.4039,0.00043,true
20,348.1,9500,0.98177,48.9591,48.7064,12.2466,0.00056,true
20,348.1,9750,0.95707,47.7083,48.7110,12.0270,0.00324,true
20,348.1,10000,0.92113,45.2273,47.3619,11.5497,0.00071,true
20,348.1,10250,0.87538,42.3306,45.4367,10.9854,0.00176,true
20,348.1,10500,0.83936,40.2558,44.2636,10.5936,0.00044,true
20,348.1,10750,0.82314,39.8621,44.8743,10.5545,0.00054,true
20,348.1,11000,0.82752,40.1737,46.2767,10.6634,0.00076,true
20,348.1,11250,0.82541,40.4377,47.6396,10.7625,0.00044,true
20,348.1,11500,0.82822,40.9394,49.3024,10.9117,0.00035,true
20,348.1,11750,0.82712,41.0212,50.4748,10.9730,0.00031,true
20,348.1,12000,0.82174,40.3291,50.6791,10.8723,0.00031,true
20,348.1,12250,0.81773,39.7003,50.9283,10.7850,0.00003,true
20,348.1,12500,0.81438,39.2977,51.4406,10.7453,0.00046,true
30,358.1,4000,0.91945,47.6799,19.9721,11.0875,0.00031,true
30,358.1,4250,0.79940,44.1760,19.6609,10.3913,0.00134,true
30,358.1,4500,0.84663,44.6656,21.0482,10.5327,0.00285,true
30,358.1,4750,0.81714,44.7607,22.2648,10.5915,0.00156,true
30,358.1,5000,0.79259,43.7556,22.9104,10.4199,0.00233,true
30,358.1,5250,0.78481,43.5613,23.9491,10.4184,0.00077,true
30,358.1,5500,0.82376,44.3449,25.5408,10.6222,0.00087,true
30,358.1,5750,0.93747,48.6662,29.3038,11.5678,0.00083,true
30,358.1,6000,0.96055,50.9578,32.0177,12.0881,0.00084,true
30,358.1,6250,0.95796,49.7783,32.5798,11.8809,0.00023,true
30,358.1,6500,0.94639,49.2964,33.5550,11.8201,0.00034,true
30,358.1,6750,0.94186,49.2305,34.7990,11.8466,0.00103,true
30,358.1,7000,0.94524,49.4151,36.2232,11.9259,0.00013,true
30,358.1,7250,0.94501,49.2015,37.3547,11.9219,0.00067,true
30,358.1,7500,0.95533,49.3639,38.7703,11.9969,0.00076,true
30,358.1,7750,0.95851,50.2884,40.8129,12.2319,0.00031,true
30,358.1,8000,0.96324,50.6378,42.4222,12.3465,0.00068,true
30,358.1,8250,0.98342,52.2752,45.1626,12.7314,0.00021,true
30,358.1,8500,1.02064,52.6969,46.9064,12.8615,0.00024,true
30,358.1,8750,1.02929,51.9396,47.5922,12.7446,0.00020,true
30,358.1,9000,1.02445,50.7414,47.8227,12.5355,0.00066,true
30,358.1,9250,1.00146,49.5711,48.0174,12.3324,0.00083,true
30,358.1,9500,0.97760,48.7245,48.4730,12.1974,0.00067,true
30,358.1,9750,0.94584,46.3168,47.2903,11.7353,0.00056,true
30,358.1,10000,0.89319,43.0446,45.0762,11.0920,0.00176,true
30,358.1,10250,0.85571,40.9334,43.9370,10.6924,0.00048,true
30,358.1,10500,0.83995,40.7197,44.7736,10.6908,0.00042,true
30,358.1,10750,0.83207,40.7814,45.9091,10.7472,0.00020,true
30,358.1,11000,0.83939,41.2732,47.5433,10.8939,0.00036,true
30,358.1,11250,0.84013,41.7300,49.1620,11.0335,0.00021,true
30,358.1,11500,0.84009,41.7713,50.3042,11.0861,0.00022,true
30,358.1,11750,0.82808,40.8754,50.2954,10.9424,0.00015,true
30,358.1,12000,0.82209,40.2904,50.6304,10.8641,0.00004,true
30,358.1,12250,0.82394,40.1147,51.4598,10.8718,0.00026,true
30,358.1,12500,0.82042,39.6729,51.9317,10.8240,0.00049,true
40,368.1,4000,0.91389,47.1613,19.7549,10.9787,0.00040,true
40,368.1,4250,0.78891,43.6105,19.4092,10.2728,0.00054,true
40,368.1,4500,0.84465,44.6193,21.0263,10.5230,0.00326,true
40,368.1,4750,0.82457,45.2195,22.4931,10.6877,0.00563,true
40,368.1,5000,0.79036,43.4871,22.7698,10.3636,0.00128,true
40,368.1,5250,0.78463,43.4339,23.8790,10.3917,0.00178,true
40,368.1,5500,0.83978,44.7047,25.7481,10.6976,0.00076,true
40,368.1,5750,0.96521,50.9315,30.6678,12.0428,0.00141,true
40,368.1,6000,0.94111,50.0255,31.4319,11.8927,0.00106,true
40,368.1,6250,0.95567,49.6187,32.4753,11.8474,0.00051,true
40,368.1,6500,0.94229,49.1631,33.4643,11.7921,0.00018,true
40,368.1,6750,0.94503,49.4089,34.9251,11.8840,0.00060,true
40,368.1,7000,0.94435,49.3602,36.1829,11.9144,0.00009,true
40,368.1,7250,0.94793,49.3034,37.4320,11.9433,0.00140,true
40,368.1,7500,0.96246,50.0518,39.3106,12.1412,0.00115,true
40,368.1,7750,0.96271,50.4444,40.9395,12.2646,0.00062,true
40,368.1,8000,0.98944,52.1115,43.6568,12.6555,0.00101,true
40,368.1,8250,1.00697,53.1364,45.9065,12.9119,0.00019,true
40,368.1,8500,1.03312,52.8746,47.0646,12.8988,0.00039,true
40,368.1,8750,1.03830,52.0702,47.7118,12.7720,0.00046,true
40,368.1,9000,1.02091,50.4552,47.5529,12.4755,0.00024,true
40,368.1,9250,0.99683,49.3288,47.7827,12.2816,0.00171,true
40,368.1,9500,0.96371,47.5583,47.3128,11.9529,0.00088,true
40,368.1,9750,0.91533,44.0534,44.9793,11.2607,0.00025,true
40,368.1,10000,0.87150,41.7009,43.6690,10.8103,0.00071,true
40,368.1,10250,0.85609,41.3598,44.3947,10.7818,0.00057,true
40,368.1,10500,0.84644,41.5610,45.6987,10.8672,0.00047,true
40,368.1,10750,0.84363,41.8342,47.0943,10.9679,0.00007,true
40,368.1,11000,0.85482,42.5890,49.0590,11.1698,0.00011,true
40,368.1,11250,0.85142,42.4236,49.9791,11.1789,0.00035,true
40,368.1,11500,0.83948,41.5050,49.9835,11.0303,0.00119,true
40,368.1,11750,0.83010,40.9976,50.4458,10.9681,0.00029,true
40,368.1,12000,0.82943,40.7669,51.2291,10.9640,0.00048,true
40,368.1,12250,0.82971,40.4688,51.9141,10.9461,0.00045,true
40,368.1,12500,0.82260,39.7399,52.0194,10.8380,0.00078,true
50,378.1,4000,0.89762,45.9297,19.2390,10.7205,0.00026,true
50,378.1,4250,0.79227,43.8524,19.5169,10.3235,0.00037,true
50,378.1,4500,0.82929,44.8598,21.1397,10.5734,0.00502,true
50,378.1,4750,0.82293,44.8509,22.3097,10.6104,0.00098,true
50,378.1,5000,0.78872,43.2669,22.6545,10.3174,0.00115,true
50,378.1,5250,0.78362,43.0370,23.6608,10.3085,0.00268,true
50,378.1,5500,0.89315,47.7529,27.5037,11.3367,0.00059,true
50,378.1,5750,0.94026,50.3078,30.2923,11.9120,0.00139,true
50,378.1,6000,0.94017,49.8427,31.3171,11.8543,0.00095,true
50,378.1,6250,0.94770,49.2703,32.2473,11.7744,0.00016,true
50,378.1,6500,0.94186,49.2020,33.4908,11.8003,0.00019,true
50,378.1,6750,0.94487,49.4343,34.9430,11.8894,0.00074,true
50,378.1,7000,0.94489,49.3490,36.1747,11.9121,0.00013,true
50,378.1,7250,0.96080,50.1744,38.0933,12.1259,0.00116,true
50,378.1,7500,0.96260,50.0207,39.2862,12.1347,0.00099,true
50,378.1,7750,0.99040,51.7677,42.0136,12.5421,0.00026,true
50,378.1,8000,1.00565,53.0258,44.4228,12.8472,0.00024,true
50,378.1,8250,1.02673,53.6286,46.3318,13.0151,0.00039,true
50,378.1,8500,1.04681,53.0962,47.2619,12.9452,0.00038,true
50,378.1,8750,1.03758,51.8667,47.5254,12.7294,0.00033,true
50,378.1,9000,1.01529,50.1362,47.2523,12.4086,0.00013,true
50,378.1,9250,0.98249,48.2742,46.7612,12.0605,0.00118,true
50,378.1,9500,0.93245,45.4217,45.1872,11.5049,0.00090,true
50,378.1,9750,0.89179,42.6674,43.5641,10.9701,0.00038,true
50,378.1,10000,0.87242,42.0722,44.0579,10.8882,0.00052,true
50,378.1,10250,0.86046,42.2784,45.3807,10.9744,0.00038,true
50,378.1,10500,0.85658,42.5364,46.7712,11.0718,0.00038,true
50,378.1,10750,0.85918,43.1265,48.5491,11.2389,0.00034,true
50,378.1,11000,0.86635,43.2808,49.8559,11.3148,0.00034,true
50,378.1,11250,0.85042,42.1193,49.6206,11.1151,0.00040,true
50,378.1,11500,0.84329,41.7893,50.3259,11.0899,0.00030,true
50,378.1,11750,0.83811,41.5231,51.0924,11.0783,0.00032,true
50,378.1,12000,0.83507,41.1133,51.6645,11.0367,0.00033,true
50,378.1,12250,0.83105,40.4964,51.9495,10.9519,0.00013,true
50,378.1,12500,0.81801,39.3392,51.4950,10.7540,0.00036,true
60,388.1,4000,0.88217,45.0327,18.8632,10.5324,0.00055,true
60,388.1,4250,0.79689,44.2474,19.6927,10.4063,0.00075,true
60,388.1,4500,0.84347,45.7512,21.5597,10.7603,0.00548,true
60,388.1,4750,0.82158,44.5643,22.1671,10.5503,0.00081,true
60,388.1,5000,0.78878,43.1605,22.5988,10.2951,0.00041,true
60,388.1,5250,0.79563,43.1617,23.7294,10.3346,0.00056,true
60,388.1,5500,0.92249,50.0632,28.8343,11.8211,0.00013,true
60,388.1,5750,0.92485,49.6175,29.8766,11.7673,0.00021,true
60,388.1,6000,0.93349,49.5641,31.1421,11.7959,0.00100,true
60,388.1,6250,0.94539,49.2166,32.2122,11.7631,0.00042,true
60,388.1,6500,0.94240,49.2281,33.5085,11.8057,0.00030,true
60,388.1,6750,0.94420,49.3476,34.8818,11.8712,0.00063,true
60,388.1,7000,0.95324,49.8061,36.5098,12.0079,0.00022,true
60,388.1,7250,0.95836,50.1151,38.0483,12.1135,0.00075,true
60,388.1,7500,0.98166,50.9259,39.9971,12.3244,0.00026,true
60,388.1,7750,1.01903,52.7624,42.8208,12.7506,0.00980,true
60,388.1,8000,1.02056,53.5657,44.8751,12.9604,0.00005,true
60,388.1,8250,1.04746,54.1065,46.7447,13.1153,0.00021,true
60,388.1,8500,1.05069,53.0365,47.2087,12.9327,0.00043,true
60,388.1,8750,1.03373,51.5053,47.1942,12.6536,0.00047,true
60,388.1,9000,1.00120,49.3110,46.4745,12.2356,0.00046,true
60,388.1,9250,0.95458,46.3508,44.8981,11.6572,0.00047,true
60,388.1,9500,0.90826,43.9498,43.7229,11.1963,0.00035,true
60,388.1,9750,0.89291,42.9202,43.8223,11.0231,0.00046,true
60,388.1,10000,0.87696,42.8913,44.9157,11.0599,0.00103,true
60,388.1,10250,0.86991,43.2299,46.4020,11.1739,0.00032,true
60,388.1,10500,0.87254,43.8417,48.2065,11.3454,0.00025,true
60,388.1,10750,0.87044,43.7575,49.2594,11.3712,0.00040,true
60,388.1,11000,0.86512,42.9650,49.4921,11.2486,0.00031,true
60,388.1,11250,0.85493,42.4855,50.0520,11.1919,0.00036,true
60,388.1,11500,0.85152,42.3418,50.9913,11.2057,0.00153,true
60,388.1,11750,0.84407,41.8810,51.5328,11.1533,0.00028,true
60,388.1,12000,0.83683,41.1445,51.7036,11.0432,0.00034,true
60,388.1,12250,0.82415,39.9716,51.2763,10.8419,0.00001,true
60,388.1,12500,0.80368,38.3073,50.1441,10.5376,0.00000,true
70,398.1,4000,0.87172,44.4950,18.6380,10.4197,0.00034,true
70,398.1,4250,0.78911,43.7828,19.4859,10.3089,0.00047,true
70,398.1,4500,0.85331,45.7902,21.5781,10.7685,0.00380,true
70,398.1,4750,0.82278,44.4374,22.1040,10.5237,0.00034,true
70,398.1,5000,0.79376,43.1549,22.5958,10.2939,0.00181,true
70,398.1,5250,0.84674,46.1097,25.3501,10.9527,0.00068,true
70,398.1,5500,0.89827,49.2725,28.3789,11.6553,0.00030,true
70,398.1,5750,0.92698,49.6154,29.8754,11.7669,0.00071,true
70,398.1,6000,0.92978,49.4004,31.0392,11.7616,0.00088,true
70,398.1,6250,0.94705,49.3219,32.2811,11.7852,0.00064,true
70,398.1,6500,0.94172,49.1968,33.4872,11.7992,0.00029,true
70,398.1,6750,0.94680,49.4581,34.9599,11.8944,0.00051,true
70,398.1,7000,0.95702,50.2114,36.8069,12.0929,0.00032,true
70,398.1,7250,0.96684,50.5067,38.3456,12.1956,0.00059,true
70,398.1,7500,1.01517,52.6105,41.3202,12.6776,0.00638,true
70,398.1,7750,1.03099,53.4529,43.3812,12.8954,0.01081,true
70,398.1,8000,1.04111,54.2632,45.4594,13.1066,0.00037,true
70,398.1,8250,1.05838,54.2070,46.8315,13.1364,0.00021,true
70,398.1,8500,1.04989,52.7066,46.9151,12.8635,0.00041,true
70,398.1,8750,1.02088,50.7426,46.4953,12.4937,0.00051,true
70,398.1,9000,0.97597,47.5580,44.8223,11.8681,0.00059,true
70,398.1,9250,0.92850,44.8315,43.4264,11.3387,0.00053,true
70,398.1,9500,0.90646,43.9806,43.7536,11.2028,0.00039,true
70,398.1,9750,0.89753,43.7061,44.6247,11.1879,0.00051,true
70,398.1,10000,0.88350,43.8240,45.8924,11.2555,0.00037,true
70,398.1,10250,0.88634,44.5920,47.8640,11.4595,0.00043,true
70,398.1,10500,0.88498,44.5637,49.0004,11.4968,0.00060,true
70,398.1,10750,0.86816,43.3636,48.8160,11.2886,0.00000,true
70,398.1,11000,0.86977,43.3683,49.9567,11.3332,0.00065,true
70,398.1,11250,0.86428,43.1189,50.7982,11.3247,0.00043,true
70,398.1,11500,0.85822,42.7569,51.4911,11.2928,0.00162,true
70,398.1,11750,0.84640,41.9473,51.6144,11.1672,0.00033,true
70,398.1,12000,0.83063,40.6416,51.0717,10.9378,0.00001,true
70,398.1,12250,0.80738,38.8108,49.7872,10.5985,0.00039,true
70,398.1,12500,0.78079,36.6883,48.0249,10.1982,0.00043,true
80,408.1,4000,0.86537,44.0984,18.4719,10.3365,0.00036,true
80,408.1,4250,0.78378,43.3767,19.3052,10.2238,0.00043,true
80,408.1,4500,0.85207,45.6033,21.4900,10.7293,0.00724,true
80,408.1,4750,0.82819,44.4660,22.1182,10.5297,0.00113,true
80,408.1,5000,0.80552,43.1588,22.5979,10.2948,0.00127,true
80,408.1,5250,0.86732,48.1716,26.4837,11.3850,0.00073,true
80,408.1,5500,0.88499,48.6679,28.0307,11.5286,0.00036,true
80,408.1,5750,0.91970,49.1928,29.6209,11.6782,0.00033,true
80,408.1,6000,0.93155,49.4946,31.0984,11.7814,0.00091,true
80,408.1,6250,0.94815,49.3828,32.3210,11.7980,0.00095,true
80,408.1,6500,0.94173,49.1543,33.4583,11.7903,0.00018,true
80,408.1,6750,0.95507,50.0076,35.3483,12.0096,0.00013,true
80,408.1,7000,0.95699,50.1651,36.7730,12.0832,0.00108,true
80,408.1,7250,0.99803,52.0508,39.5179,12.5193,0.00260,true
80,408.1,7500,1.02932,53.2496,41.8221,12.8116,0.01682,true
80,408.1,7750,1.03819,54.4920,44.2245,13.1133,0.00020,true
80,408.1,8000,1.05803,54.7812,45.8934,13.2153,0.00000,true
80,408.1,8250,1.06130,54.0448,46.6914,13.1024,0.00043,true
80,408.1,8500,1.04016,52.1162,46.3895,12.7397,0.00055,true
80,408.1,8750,0.99766,49.0849,44.9764,12.1461,0.00097,true
80,408.1,9000,0.94982,46.0396,43.3913,11.5497,0.00051,true
80,408.1,9250,0.92178,44.6095,43.2113,11.2922,0.00060,true
80,408.1,9500,0.91007,44.6281,44.3977,11.3385,0.00051,true
80,408.1,9750,0.90053,44.5178,45.4535,11.3581,0.00006,true
80,408.1,10000,0.89765,45.1390,47.2694,11.5312,0.00137,true
80,408.1,10250,0.90106,45.4714,48.8079,11.6439,0.00040,true
80,408.1,10500,0.88360,44.2059,48.6069,11.4218,0.00004,true
80,408.1,10750,0.87350,43.8046,49.3125,11.3811,0.00021,true
80,408.1,11000,0.87946,44.0242,50.7122,11.4707,0.00058,true
80,408.1,11250,0.87158,43.5690,51.3285,11.4191,0.00042,true
80,408.1,11500,0.86102,42.8541,51.6082,11.3131,0.00178,true
80,408.1,11750,0.84081,41.4722,51.0297,11.0676,0.00027,true
80,408.1,12000,0.81459,39.5023,49.6400,10.6989,0.00000,true
80,408.1,12250,0.78280,37.1029,47.5963,10.2404,0.00066,true
80,408.1,12500,0.75114,34.3357,44.9453,9.7049,0.00032,true
90,418.1,4000,0.86898,44.3440,18.5748,10.3880,0.00053,true
90,418.1,4250,0.77831,43.0549,19.1620,10.1563,0.00158,true
90,418.1,4500,0.85387,45.3211,21.3571,10.6701,0.00587,true
90,418.1,4750,0.83298,44.1842,21.9781,10.4707,0.00070,true
90,418.1,5000,0.83904,45.1360,23.6332,10.7093,0.00105,true
90,418.1,5250,0.85489,47.8370,26.2998,11.3149,0.00061,true
90,418.1,5500,0.87737,48.3160,27.8280,11.4548,0.00093,true
90,418.1,5750,0.91765,49.1194,29.5767,11.6629,0.00025,true
90,418.1,6000,0.93664,49.8445,31.3182,11.8547,0.00041,true
90,418.1,6250,0.94936,49.4735,32.3803,11.8170,0.00026,true
90,418.1,6500,0.94446,49.3173,33.5693,11.8244,0.00048,true
90,418.1,6750,0.95464,50.0504,35.3785,12.0185,0.00067,true
90,418.1,7000,0.97461,51.0451,37.4180,12.2677,0.00021,true
90,418.1,7250,1.01600,53.2043,40.3937,12.7612,0.00552,true
90,418.1,7500,1.05136,53.6600,42.1445,12.8977,0.00615,true
90,418.1,7750,1.06303,55.4924,45.0365,13.3230,0.00024,true
90,418.1,8000,1.06666,54.7468,45.8646,13.2080,0.00003,true
90,418.1,8250,1.05778,53.4909,46.2128,12.9862,0.00086,true
90,418.1,8500,1.01928,50.7575,45.1802,12.4549,0.00129,true
90,418.1,8750,0.97148,47.4192,43.4501,11.7969,0.00000,true
90,418.1,9000,0.93868,45.5561,42.9356,11.4483,0.00002,true
90,418.1,9250,0.92386,45.0882,43.6751,11.3925,0.00004,true
90,418.1,9500,0.91348,45.3650,45.1308,11.4930,0.00045,true
90,418.1,9750,0.91305,45.9713,46.9376,11.6628,0.00483,true
90,418.1,10000,0.91414,46.2234,48.4050,11.7585,0.00179,true
90,418.1,10250,0.90121,45.2044,48.5214,11.5879,0.00046,true
90,418.1,10500,0.88832,44.6024,49.0429,11.5049,0.00019,true
90,418.1,10750,0.88407,44.5082,50.1045,11.5286,0.00039,true
90,418.1,11000,0.88753,44.5156,51.2783,11.5737,0.00073,true
90,418.1,11250,0.87578,43.7648,51.5592,11.4601,0.00043,true
90,418.1,11500,0.85625,42.3443,50.9942,11.2062,0.00031,true
90,418.1,11750,0.82608,40.3853,49.6923,10.8397,0.00035,true
90,418.1,12000,0.78990,37.7480,47.4355,10.3311,0.00010,true
90,418.1,12250,0.75321,34.9897,44.8854,9.7973,0.00029,true
90,418.1,12500,0.71639,31.7954,41.6201,9.1723,0.00054,true
100,428.1,4000,0.88110,45.6122,19.1060,10.6539,0.00128,true
100,428.1,4250,0.77082,42.5890,18.9546,10.0586,0.00023,true
100,428.1,4500,0.85514,44.8790,21.1487,10.5774,0.00158,true
100,428.1,4750,0.83614,43.7426,21.7584,10.3781,0.00079,true
100,428.1,5000,0.86504,47.6391,24.9438,11.2341,0.00033,true
100,428.1,5250,0.84438,47.3421,26.0277,11.2111,0.00092,true
100,428.1,5500,0.87923,48.3251,27.8332,11.4567,0.00036,true
100,428.1,5750,0.92126,49.4026,29.7472,11.7222,0.00021,true
100,428.1,6000,0.94209,50.1133,31.4871,11.9111,0.00120,true
100,428.1,6250,0.94880,49.4229,32.3472,11.8064,0.00087,true
100,428.1,6500,0.94974,49.7113,33.8374,11.9070,0.00022,true
100,428.1,6750,0.95990,50.3178,35.5676,12.0746,0.00031,true
100,428.1,7000,1.00160,52.7216,38.6470,12.6192,0.00018,true
100,428.1,7250,1.02316,54.0238,41.0159,12.9330,0.00023,true
100,428.1,7500,1.07449,54.9351,43.1459,13.1650,0.00299,true
100,428.1,7750,1.07447,55.7849,45.2738,13.3843,0.00031,true
100,428.1,8000,1.07030,54.5284,45.6816,13.1622,0.00018,true
100,428.1,8250,1.03877,52.4249,45.2919,12.7628,0.00069,true
100,428.1,8500,0.99315,49.2043,43.7976,12.1292,0.00043,true
100,428.1,8750,0.95621,46.7159,42.8057,11.6494,0.00034,true
100,428.1,9000,0.93927,45.8598,43.2218,11.5120,0.00043,true
100,428.1,9250,0.93066,45.7551,44.3210,11.5323,0.00052,true
100,428.1,9500,0.92482,46.6371,46.3963,11.7597,0.00047,true
100,428.1,9750,0.93048,47.3012,48.2953,11.9416,0.00389,true
100,428.1,10000,0.91652,46.1226,48.2995,11.7374,0.00027,true
100,428.1,10250,0.90470,45.4860,48.8236,11.6469,0.00038,true
100,428.1,10500,0.89934,45.3502,49.8651,11.6617,0.00032,true
100,428.1,10750,0.89312,45.0523,50.7170,11.6427,0.00033,true
100,428.1,11000,0.89323,44.8175,51.6261,11.6370,0.00053,true
100,428.1,11250,0.87217,43.4151,51.1472,11.3868,0.00046,true
100,428.1,11500,0.84205,41.2723,49.7033,10.9815,0.00054,true
100,428.1,11750,0.80285,38.7170,47.6396,10.4899,0.00024,true
100,428.1,12000,0.76038,35.6334,44.7783,9.8878,0.00050,true
100,428.1,12250,0.71560,32.3267,41.4692,9.2390,0.00066,true
100,428.1,12500,0.67524,28.8175,37.7220,8.5480,0.00075,true
110,438.1,4000,0.90857,47.2456,19.7902,10.9964,0.00081,true
110,438.1,4250,0.76438,42.1449,18.7570,9.9655,0.00100,true
110,438.1,4500,0.86211,44.4057,20.9257,10.4782,0.00148,true
110,438.1,4750,0.85953,45.1690,22.4679,10.6771,0.00066,true
110,438.1,5000,0.85477,47.6507,24.9498,11.2365,0.00043,true
110,438.1,5250,0.83454,46.8629,25.7642,11.1107,0.00061,true
110,438.1,5500,0.87747,48.2652,27.7988,11.4441,0.00042,true
110,438.1,5750,0.93084,49.9666,30.0868,11.8405,0.00028,true
110,438.1,6000,0.94669,50.3967,31.6652,11.9705,0.00091,true
110,438.1,6250,0.94796,49.4014,32.3331,11.8018,0.00052,true
110,438.1,6500,0.95301,49.9190,33.9788,11.9506,0.00067,true
110,438.1,6750,0.98402,51.6013,36.4748,12.3437,0.00025,true
110,438.1,7000,1.01001,53.4658,39.1925,12.7752,0.00046,true
110,438.1,7250,1.04066,54.8043,41.6085,13.0966,0.00763,true
110,438.1,7500,1.10420,56.1202,44.0767,13.4135,0.00114,true
110,438.1,7750,1.08189,55.7144,45.2166,13.3696,0.00050,true
110,438.1,8000,1.06033,53.8293,45.0959,13.0157,0.00026,true
110,438.1,8250,1.01168,50.8439,43.9259,12.4313,0.00056,true
110,438.1,8500,0.97487,48.3219,43.0122,11.9442,0.00102,true
110,438.1,8750,0.95344,46.8203,42.9014,11.6713,0.00033,true
110,438.1,9000,0.94409,46.4071,43.7376,11.6268,0.00047,true
110,438.1,9250,0.94196,46.7706,45.3047,11.7453,0.00044,true
110,438.1,9500,0.94173,48.0400,47.7920,12.0539,0.00047,true
110,438.1,9750,0.93981,47.6948,48.6973,12.0242,0.00328,true
110,438.1,10000,0.91815,46.2182,48.3996,11.7574,0.00057,true
110,438.1,10250,0.91571,46.2597,49.6542,11.8092,0.00020,true
110,438.1,10500,0.90909,45.9374,50.5108,11.7848,0.00018,true
110,438.1,10750,0.90077,45.4821,51.2009,11.7328,0.00034,true
110,438.1,11000,0.89113,44.5757,51.3476,11.5863,0.00058,true
110,438.1,11250,0.85902,42.4434,50.0025,11.1831,0.00060,true
110,438.1,11500,0.82045,39.6883,47.7958,10.6494,0.00069,true
110,438.1,11750,0.77620,36.4725,44.8779,10.0193,0.00070,true
110,438.1,12000,0.72464,32.7760,41.1875,9.2887,0.00073,true
110,438.1,12250,0.67663,29.2919,37.5762,8.6027,0.00091,true
110,438.1,12500,0.63882,26.2061,34.3037,8.0005,0.00144,true
120,448.1,4000,0.90355,46.7075,19.5648,10.8836,0.00038,true
120,448.1,4250,0.76057,41.8541,18.6275,9.9045,0.00060,true
120,448.1,4500,0.86688,44.2401,20.8476,10.4435,0.00126,true
120,448.1,4750,0.88349,47.6824,23.7181,11.2041,0.00038,true
120,448.1,5000,0.84329,47.1081,24.6658,11.1228,0.00119,true
120,448.1,5250,0.84053,47.1623,25.9288,11.1734,0.00058,true
120,448.1,5500,0.88038,48.5106,27.9401,11.4956,0.00050,true
120,448.1,5750,0.94013,50.4530,30.3797,11.9425,0.00078,true
120,448.1,6000,0.94776,50.4541,31.7013,11.9825,0.00092,true
120,448.1,6250,0.95058,49.5510,32.4310,11.8332,0.00109,true
120,448.1,6500,0.96306,50.4998,34.3741,12.0723,0.00056,true
120,448.1,6750,1.00373,53.0512,37.4997,12.6477,0.00028,true
120,448.1,7000,1.02416,54.2304,39.7529,12.9355,0.00034,true
120,448.1,7250,1.07140,56.3163,42.7564,13.4136,0.00624,true
120,448.1,7500,1.09989,56.6010,44.4543,13.5143,0.00029,true
120,448.1,7750,1.08727,55.3006,44.8808,13.2828,0.00480,true
120,448.1,8000,1.03662,52.3412,43.8493,12.7037,0.00000,true
120,448.1,8250,0.98839,49.7070,42.9438,12.1929,0.00068,true
120,448.1,8500,0.96834,48.2174,42.9192,11.9223,0.00026,true
120,448.1,8750,0.95648,47.2859,43.3280,11.7689,0.00052,true
120,448.1,9000,0.95129,47.1273,44.4164,11.7778,0.00028,true
120,448.1,9250,0.95839,48.2008,46.6901,12.0451,0.00045,true
120,448.1,9500,0.95902,49.0235,48.7705,12.2601,0.00094,true
120,448.1,9750,0.93972,47.5609,48.5606,11.9961,0.00369,true
120,448.1,10000,0.92775,46.9335,49.1487,11.9074,0.00017,true
120,448.1,10250,0.92657,46.9439,50.3885,11.9526,0.00059,true
120,448.1,10500,0.91886,46.4960,51.1250,11.9019,0.00039,true
120,448.1,10750,0.90126,45.4086,51.1182,11.7174,0.00024,true
120,448.1,11000,0.87946,43.7147,50.3557,11.4058,0.00114,true
120,448.1,11250,0.83878,40.9932,48.2939,10.8790,0.00050,true
120,448.1,11500,0.79234,37.6835,45.3813,10.2291,0.00035,true
120,448.1,11750,0.73924,33.8087,41.6002,9.4608,0.00124,true
120,448.1,12000,0.68545,29.9390,37.6225,8.6939,0.00084,true
120,448.1,12250,0.64300,26.6399,34.1742,8.0467,0.00040,true
120,448.1,12500,0.61010,24.4008,31.9406,7.6220,0.00317,true
130,458.1,4000,0.89765,46.3249,19.4045,10.8034,0.00051,true
130,458.1,4250,0.76582,42.1821,18.7735,9.9733,0.00023,true
130,458.1,4500,0.87290,44.5678,21.0021,10.5122,0.00217,true
130,458.1,4750,0.87209,48.0464,23.8992,11.2804,0.00020,true
130,458.1,5000,0.83860,46.9063,24.5601,11.0805,0.00066,true
130,458.1,5250,0.83957,47.1477,25.9208,11.1704,0.00066,true
130,458.1,5500,0.89760,49.5290,28.5267,11.7091,0.00025,true
130,458.1,5750,0.94721,50.7794,30.5762,12.0109,0.00107,true
130,458.1,6000,0.94670,50.4763,31.7152,11.9872,0.00101,true
130,458.1,6250,0.95818,50.0547,32.7607,11.9388,0.00052,true
130,458.1,6500,0.99015,52.0182,35.4077,12.3907,0.00030,true
130,458.1,6750,1.01143,53.6883,37.9500,12.7813,0.00033,true
130,458.1,7000,1.04613,55.3714,40.5893,13.1747,0.00043,true
130,458.1,7250,1.12168,57.2826,43.4900,13.6162,0.00926,true
130,458.1,7500,1.11182,56.4799,44.3592,13.4889,0.00135,true
130,458.1,7750,1.06825,54.3586,44.1163,13.0853,0.00090,true
130,458.1,8000,1.00758,50.9322,42.6689,12.4083,0.00041,true
130,458.1,8250,0.97685,49.3561,42.6406,12.1193,0.00044,true
130,458.1,8500,0.96990,48.6044,43.2636,12.0035,0.00065,true
130,458.1,8750,0.96289,48.1013,44.0751,11.9399,0.00037,true
130,458.1,9000,0.96467,48.2879,45.5103,12.0211,0.00055,true
130,458.1,9250,0.97960,49.6054,48.0506,12.3396,0.00049,true
130,458.1,9500,0.95950,48.8719,48.6196,12.2283,0.00092,true
130,458.1,9750,0.94621,48.0865,49.0971,12.1063,0.00265,true
130,458.1,10000,0.94141,48.0587,50.3269,12.1433,0.00035,true
130,458.1,10250,0.93768,47.6066,51.0998,12.0916,0.00062,true
130,458.1,10500,0.92255,46.6287,51.2709,11.9298,0.00031,true
130,458.1,10750,0.89280,44.7395,50.3649,11.5771,0.00039,true
130,458.1,11000,0.85937,42.3194,48.7484,11.1133,0.00118,true
130,458.1,11250,0.81233,39.0707,46.0291,10.4759,0.00054,true
130,458.1,11500,0.75567,35.0464,42.2056,9.6762,0.00063,true
130,458.1,11750,0.70015,30.9833,38.1236,8.8684,0.00057,true
130,458.1,12000,0.64897,27.2850,34.2873,8.1374,0.00012,true
130,458.1,12250,0.61717,24.9531,32.0103,7.6930,0.00345,true
130,458.1,12500,0.59677,23.5434,30.8183,7.4422,0.00187,true
140,468.1,4000,0.90026,46.5163,19.4847,10.8435,0.00056,true
140,468.1,4250,0.76899,42.3168,18.8335,10.0015,0.00040,true
140,468.1,4500,0.88285,46.2558,21.7975,10.8661,0.00242,true
140,468.1,4750,0.86014,47.5929,23.6736,11.1853,0.00080,true
140,468.1,5000,0.83705,46.8406,24.5257,11.0667,0.00075,true
140,468.1,5250,0.84443,47.4720,26.0991,11.2384,0.00043,true
140,468.1,5500,0.91643,50.5558,29.1180,11.9244,0.00025,true
140,468.1,5750,0.95442,51.3154,30.8990,12.1233,0.00108,true
140,468.1,6000,0.94539,50.4103,31.6737,11.9734,0.00121,true
140,468.1,6250,0.97302,50.9398,33.3400,12.1244,0.00073,true
140,468.1,6500,1.00699,53.3471,36.3122,12.6693,0.00013,true
140,468.1,6750,1.02727,54.6409,38.6234,12.9810,0.00036,true
140,468.1,7000,1.07871,57.0675,41.8326,13.5303,0.00000,true
140,468.1,7250,1.14827,58.0120,44.0438,13.7692,0.00043,true
140,468.1,7500,1.11110,56.1133,44.0713,13.4120,0.00048,true
140,468.1,7750,1.04368,52.8240,42.8708,12.7636,0.00058,true
140,468.1,8000,0.99206,50.2605,42.1061,12.2674,0.00003,true
140,468.1,8250,0.97630,49.6643,42.9068,12.1839,0.00032,true
140,468.1,8500,0.97618,49.2701,43.8562,12.1430,0.00053,true
140,468.1,8750,0.97357,49.0654,44.9585,12.1420,0.00023,true
140,468.1,9000,0.98367,49.7722,46.9092,12.3323,0.00023,true
140,468.1,9250,0.98991,50.0842,48.5145,12.4400,0.00087,true
140,468.1,9500,0.96265,49.1216,48.8681,12.2807,0.00111,true
140,468.1,9750,0.95682,48.8742,49.9015,12.2714,0.00311,true
140,468.1,10000,0.95285,48.7624,51.0639,12.2909,0.00018,true
140,468.1,10250,0.94523,48.0280,51.5522,12.1799,0.00056,true
140,468.1,10500,0.91804,46.2145,50.8155,11.8429,0.00069,true
140,468.1,10750,0.87787,43.6542,49.1432,11.3495,0.00053,true
140,468.1,11000,0.83410,40.5518,46.7123,10.7427,0.00089,true
140,468.1,11250,0.77851,36.5679,43.0806,9.9512,0.00049,true
140,468.1,11500,0.71775,32.3146,38.9158,9.1034,0.00063,true
140,468.1,11750,0.66354,28.3493,34.8826,8.3162,0.00061,true
140,468.1,12000,0.62062,25.5392,32.0935,7.7714,0.00041,true
140,468.1,12250,0.60703,24.2673,31.1305,7.5492,0.00420,true
140,468.1,12500,0.59481,23.7268,31.0583,7.4807,0.00290,true
150,478.1,4000,0.90283,46.4748,19.4673,10.8348,0.00104,true
150,478.1,4250,0.77188,42.2615,18.8089,9.9899,0.00088,true
150,478.1,4500,0.89852,48.5664,22.8864,11.3505,0.00551,true
150,478.1,4750,0.85699,47.4782,23.6165,11.1613,0.00071,true
150,478.1,5000,0.84318,47.2373,24.7334,11.1499,0.00029,true
150,478.1,5250,0.84631,47.6373,26.1900,11.2730,0.00049,true
150,478.1,5500,0.93692,51.6549,29.7511,12.1548,0.00021,true
150,478.1,5750,0.95163,51.1805,30.8178,12.0950,0.00048,true
150,478.1,6000,0.94663,50.7894,31.9120,12.0528,0.00119,true
150,478.1,6250,0.99460,52.2373,34.1892,12.3964,0.00032,true
150,478.1,6500,1.01642,54.0606,36.7979,12.8189,0.00033,true
150,478.1,6750,1.04859,55.9200,39.5275,13.2492,0.00046,true
150,478.1,7000,1.10747,58.5577,42.9250,13.8428,0.00021,true
150,478.1,7250,1.14204,58.0307,44.0580,13.7731,0.00026,true
150,478.1,7500,1.09728,55.0962,43.2725,13.1988,0.00054,true
150,478.1,7750,1.02281,51.8448,42.0761,12.5583,0.00096,true
150,478.1,8000,0.99007,50.4383,42.2551,12.3047,0.00074,true
150,478.1,8250,0.98374,50.4527,43.5880,12.3493,0.00039,true
150,478.1,8500,0.98737,50.1960,44.6804,12.3372,0.00020,true
150,478.1,8750,0.98770,50.2332,46.0286,12.3869,0.00027,true
150,478.1,9000,1.00697,51.2501,48.3020,12.6422,0.00039,true
150,478.1,9250,0.99187,50.3472,48.7692,12.4951,0.00294,true
150,478.1,9500,0.97128,49.7892,49.5322,12.4206,0.00139,true
150,478.1,9750,0.96696,49.6067,50.6493,12.4250,0.00031,true
150,478.1,10000,0.96469,49.4664,51.8011,12.4385,0.00017,true
150,478.1,10250,0.94619,47.9957,51.5175,12.1731,0.00050,true
150,478.1,10500,0.90966,45.5862,50.1247,11.7112,0.00026,true
150,478.1,10750,0.85815,42.2407,47.5519,11.0532,0.00051,true
150,478.1,11000,0.80139,38.2728,44.0871,10.2648,0.00061,true
150,478.1,11250,0.74074,33.9499,39.9963,9.4023,0.00024,true
150,478.1,11500,0.68409,29.8053,35.8938,8.5773,0.00035,true
150,478.1,11750,0.63773,26.7410,32.9037,7.9790,0.00076,true
150,478.1,12000,0.60754,24.7183,31.0619,7.5993,0.00026,true
150,478.1,12250,0.60515,24.5300,31.4674,7.6043,0.00069,true
150,478.1,12500,0.61570,24.6431,32.2577,7.6728,0.00075,true
160,488.1,4000,0.89401,45.4094,19.0210,10.6114,0.00047,true
160,488.1,4250,0.78103,42.4981,18.9142,10.0395,0.00108,true
160,488.1,4500,0.88388,48.5315,22.8699,11.3432,0.00264,true
160,488.1,4750,0.86676,48.2504,24.0006,11.3232,0.00047,true
160,488.1,5000,0.83163,46.6462,24.4239,11.0259,0.00051,true
160,488.1,5250,0.84457,47.6948,26.2216,11.2851,0.00061,true
160,488.1,5500,0.93943,51.5201,29.6734,12.1265,0.00022,true
160,488.1,5750,0.95477,51.4560,30.9836,12.1527,0.00056,true
160,488.1,6000,0.95322,51.1709,32.1516,12.1328,0.00159,true
160,488.1,6250,1.00918,53.4597,34.9893,12.6527,0.00030,true
160,488.1,6500,1.02676,54.8596,37.3417,12.9864,0.00017,true
160,488.1,6750,1.07489,57.3706,40.5529,13.5533,0.00090,true
160,488.1,7000,1.14034,59.7305,43.7848,14.0887,0.00028,true
160,488.1,7250,1.13274,57.9425,43.9910,13.7546,0.00417,true
160,488.1,7500,1.07632,53.9999,42.4114,12.9689,0.00042,true
160,488.1,7750,1.01744,51.8624,42.0904,12.5619,0.00068,true
160,488.1,8000,0.99585,51.3065,42.9824,12.4867,0.00008,true
160,488.1,8250,0.99839,51.6089,44.5869,12.5917,0.00031,true
160,488.1,8500,1.00190,51.3566,45.7134,12.5805,0.00017,true
160,488.1,8750,1.00792,51.7528,47.4209,12.7055,0.00044,true
160,488.1,9000,1.01928,51.8687,48.8851,12.7719,0.00066,true
160,488.1,9250,0.99692,50.5641,48.9793,12.5406,0.00317,true
160,488.1,9500,0.98172,50.3481,50.0882,12.5378,0.00167,true
160,488.1,9750,0.98281,50.5815,51.6446,12.6294,0.00021,true
160,488.1,10000,0.97383,50.0023,52.3623,12.5508,0.00028,true
160,488.1,10250,0.94088,47.5658,51.0561,12.0830,0.00026,true
160,488.1,10500,0.89403,44.4760,48.9039,11.4784,0.00065,true
160,488.1,10750,0.83184,40.3883,45.4666,10.6648,0.00065,true
160,488.1,11000,0.76591,35.8251,41.2675,9.7517,0.00076,true
160,488.1,11250,0.70901,31.5781,37.2021,8.9050,0.00052,true
160,488.1,11500,0.66144,28.2849,34.0629,8.2585,0.00076,true
160,488.1,11750,0.62401,25.8726,31.8351,7.7969,0.00047,true
160,488.1,12000,0.60429,24.9069,31.2990,7.6388,0.00026,true
160,488.1,12250,0.61518,25.0533,32.1387,7.7140,0.00092,true
160,488.1,12500,0.66584,26.6785,34.9220,8.0995,0.00027,true
