session,driver,event,onthr_s,median_rpm,gain,instant,saved_s,lag_s,tipins,fixed_best,saved_per_min_onthr,net_s,gain_400,gain_800
Josh AX 4-26 #1,Josh,AX 4-26 (G4X),4.36,6361.5,2.594,4.703,0.016,0.013,10.576,0.184,0.226,0.003,3.134,3.309
Josh AX 4-26 #2,Josh,AX 4-26 (G4X),19.04,8550.5,2.838,4.953,0.098,0.062,25.575,-0.378,0.307,0.035,3.212,3.353
Josh AX 4-26 #3,Josh,AX 4-26 (G4X),31.86,7165.0,2.308,4.596,0.131,0.103,35.567,0.023,0.247,0.028,2.714,2.863
Josh AX 4-26 #4,Josh,AX 4-26 (G4X),5.16,10424.0,5.818,7.546,0.049,0.014,6.83,-0.539,0.573,0.035,5.489,5.704
Diego + Matt.R AX 4-16 #41,Diego,AX 4-16 (MoTeC),45.6,6234.0,2.176,4.319,0.551,0.243,31.542,0.373,0.725,0.308,2.453,2.958
Diego + Matt.R AX 4-16 #42,Diego,AX 4-16 (MoTeC),11.6,6439.0,2.281,4.09,0.112,0.06,8.56,0.658,0.579,0.052,2.47,2.762
Diego + Matt.R AX 4-16 #43,Diego,AX 4-16 (MoTeC),24.65,6956.0,2.725,4.731,0.497,0.167,12.336,0.654,1.21,0.33,3.027,3.395
Diego + Matt.R AX 4-16 #44,Diego,AX 4-16 (MoTeC),12.4,6244.5,2.303,4.05,0.211,0.094,6.987,-0.044,1.02,0.116,2.513,2.795
Diego + Matt.R AX 4-16 #46,Diego,AX 4-16 (MoTeC),17.55,5551.0,1.518,3.742,0.093,0.122,12.34,0.014,0.319,-0.029,2.09,2.398
Diego + Matt.R AX 4-16 #47,Diego,AX 4-16 (MoTeC),47.59,6058.0,1.954,4.031,0.436,0.259,32.491,0.217,0.55,0.178,2.379,2.723
Josh AX 4-16 #59,Josh,AX 4-16 (MoTeC),31.15,6140.0,2.31,4.594,0.28,0.192,35.167,1.387,0.54,0.088,2.48,3.034
Josh AX 4-16 #60,Josh,AX 4-16 (MoTeC),16.45,6016.0,1.888,4.29,0.174,0.128,13.037,0.552,0.633,0.046,2.069,2.426
Josh AX 4-16 #61,Josh,AX 4-16 (MoTeC),7.52,6087.0,2.511,4.446,0.084,0.022,7.588,1.186,0.67,0.062,2.749,2.894
Kaden AX 4-16 #57,Kaden,AX 4-16 (MoTeC),68.44,5515.0,1.542,4.175,0.361,0.419,70.385,-0.154,0.317,-0.058,2.13,2.614
Matt.M AX 4-16 #73,Matt.M,AX 4-16 (MoTeC),19.14,5575.0,1.4,4.151,0.062,0.161,26.618,0.14,0.194,-0.1,1.824,2.205
Matt.S AX 4-16 #26,Matt.S,AX 4-16 (MoTeC),7.1,6888.0,2.432,3.894,0.164,0.042,1.395,1.834,1.385,0.121,2.868,3.105
Matt.S AX 4-16 #29,Matt.S,AX 4-16 (MoTeC),10.25,5338.0,1.181,3.877,0.032,0.048,5.589,-0.261,0.189,-0.015,1.91,2.486
Matt.S AX 4-16 #35,Matt.S,AX 4-16 (MoTeC),18.38,5693.5,1.422,3.768,0.089,0.103,11.331,0.004,0.289,-0.015,1.928,2.265
Matt.S AX 4-16 #37,Matt.S,AX 4-16 (MoTeC),4.44,5358.0,1.405,3.83,0.011,0.018,1.588,0.027,0.144,-0.007,1.984,2.238
Matt.S AX 4-16 #38,Matt.S,AX 4-16 (MoTeC),5.18,5315.0,1.926,4.037,0.036,0.041,3.232,0.284,0.418,-0.005,2.616,2.706
Sarah AX 4-16 #65,Sarah,AX 4-16 (MoTeC),7.75,5551.0,1.538,4.151,0.028,0.049,7.264,0.254,0.22,-0.02,2.133,2.313
Sarah AX 4-16 #66,Sarah,AX 4-16 (MoTeC),14.02,5148.0,1.302,4.356,0.036,0.1,12.306,0.082,0.153,-0.064,1.986,2.196
Sarah AX 4-16 #67,Sarah,AX 4-16 (MoTeC),7.78,6193.0,0.968,2.966,0.031,0.048,8.024,-0.642,0.237,-0.017,1.538,1.853
Sarah AX 4-16 #72,Sarah,AX 4-16 (MoTeC),10.2,5126.0,0.963,4.004,0.027,0.036,11.483,-0.485,0.158,-0.009,2.088,2.507
Diego Endurance 4-19 #endurance4,Diego,Endurance 4-19 (MoTeC),12.84,10080.0,5.445,6.485,0.08,0.042,12.177,-1.398,0.372,0.038,5.568,5.541
Josh Endurance 4-19 #208,Josh,Endurance 4-19 (MoTeC),8.9,6493.0,1.513,4.008,0.025,0.055,10.534,1.201,0.17,-0.03,1.792,2.396
Josh Endurance 4-19 #218,Josh,Endurance 4-19 (MoTeC),5.4,9915.5,3.332,4.903,0.033,0.036,6.0,-2.502,0.366,-0.003,3.537,3.558
Josh Endurance 4-19 #219,Josh,Endurance 4-19 (MoTeC),5.02,10070.0,4.456,5.885,0.038,0.026,5.093,-1.385,0.456,0.012,4.913,4.963
Josh Endurance 4-19 #223,Josh,Endurance 4-19 (MoTeC),11.02,8412.0,2.72,4.377,0.141,0.044,9.292,1.932,0.77,0.097,3.104,3.012
Josh Endurance 4-19 #224,Josh,Endurance 4-19 (MoTeC),4.45,7479.5,3.5,4.492,0.092,0.023,3.366,3.484,1.237,0.069,3.499,3.454
