variant,rpm,P_wheel_kW,T_wheel_Nm,ve_del
V1,4000,19.361,46.222,0.86627
V1,4250,19.811,44.513,0.82721
V1,4500,21.964,46.609,0.85871
V1,4750,22.692,45.62,0.8405
V1,5000,24.139,46.102,0.85626
V1,5100,24.665,46.183,0.8578
V1,5200,25.144,46.175,0.85771
V1,5250,25.411,46.22,0.85862
V1,5300,25.746,46.389,0.86184
V1,5400,26.657,47.139,0.87441
V1,5500,27.847,48.349,0.89453
V1,5600,28.338,48.322,0.89406
V1,5700,28.386,47.555,0.88126
V1,5750,28.304,47.005,0.8713
V1,5800,28.268,46.541,0.86302
V1,5900,28.329,45.852,0.85094
V1,6000,28.468,45.308,0.84049
V1,6100,28.581,44.742,0.82985
V1,6200,28.554,43.98,0.81569
V1,6250,28.509,43.558,0.80818
V1,6300,28.417,43.073,0.79925
V1,6400,28.307,42.236,0.78451
V1,6500,28.769,42.265,0.78662
V1,6600,30.54,44.187,0.81918
V1,6700,32.083,45.727,0.84509
V1,6750,32.341,45.754,0.84465
V1,6800,32.435,45.549,0.84114
V1,6900,32.558,45.059,0.83393
V1,7000,32.802,44.748,0.83001
V1,7100,32.967,44.34,0.82293
V1,7200,33.063,43.852,0.81593
V1,7250,33.143,43.654,0.81306
V1,7300,33.211,43.444,0.81022
V1,7400,33.333,43.014,0.8054
V1,7500,33.723,42.937,0.80701
V1,7600,34.355,43.166,0.81204
V1,7700,35.573,44.117,0.83182
V1,7750,36.464,44.93,0.84738
V1,7800,37.576,46.003,0.86671
V1,7900,40.159,48.543,0.9117
V1,8000,41.675,49.745,0.93339
V1,8100,42.087,49.618,0.93273
V1,8200,42.098,49.025,0.92382
V1,8250,42.069,48.695,0.91867
V1,8300,42.061,48.391,0.91429
V1,8400,42.125,47.888,0.90671
V1,8500,42.249,47.465,0.90071
V1,8600,42.511,47.203,0.89775
V1,8700,42.823,47.003,0.89608
V1,8750,43.016,46.945,0.89582
V1,8800,43.196,46.874,0.89565
V1,8900,43.456,46.627,0.89374
V1,9000,43.438,46.089,0.88711
V1,9100,43.93,46.099,0.89092
V1,9200,44.911,46.616,0.90524
V1,9250,45.316,46.782,0.91053
V1,9300,45.55,46.771,0.91201
V1,9400,45.653,46.378,0.90894
V1,9500,45.559,45.795,0.90481
V1,9600,45.269,45.03,0.90284
V1,9700,45.027,44.328,0.89763
V1,9750,44.936,44.011,0.89452
V1,9800,44.826,43.679,0.89181
V1,9900,44.623,43.042,0.88643
V1,10000,44.48,42.475,0.88142
V1,10250,44.451,41.412,0.87287
V1,10500,44.704,40.656,0.87004
V1,10750,45.065,40.032,0.86818
V1,11000,45.296,39.322,0.86435
V1,11250,45.87,38.936,0.85913
V1,11500,47.072,39.087,0.86714
V1,11750,47.629,38.708,0.8677
V1,12000,47.18,37.544,0.84874
V1,12250,46.201,36.015,0.82273
V1,12500,45.215,34.541,0.7953
AB_intake,4000,16.43,39.223,0.75027
AB_intake,4250,18.629,41.857,0.80197
AB_intake,4500,19.485,41.349,0.8265
AB_intake,4750,20.447,41.107,0.87577
AB_intake,5000,21.804,41.643,0.90199
AB_intake,5100,23.3,43.627,0.92244
AB_intake,5200,24.377,44.765,0.93342
AB_intake,5250,24.507,44.577,0.9309
AB_intake,5300,24.58,44.288,0.92552
AB_intake,5400,24.71,43.697,0.91479
AB_intake,5500,24.794,43.048,0.89573
AB_intake,5600,24.88,42.427,0.88175
AB_intake,5700,24.866,41.658,0.86378
AB_intake,5750,24.884,41.325,0.85357
AB_intake,5800,25.057,41.255,0.8449
AB_intake,5900,25.285,40.925,0.82905
AB_intake,6000,25.476,40.547,0.82162
AB_intake,6100,26.889,42.094,0.85743
AB_intake,6200,28.886,44.49,0.9052
AB_intake,6250,29.44,44.98,0.90873
AB_intake,6300,30.07,45.58,0.91458
AB_intake,6400,30.916,46.13,0.91818
AB_intake,6500,31.24,45.896,0.91025
AB_intake,6600,31.511,45.592,0.90294
AB_intake,6700,31.925,45.501,0.9019
AB_intake,6750,32.113,45.43,0.90057
AB_intake,6800,32.374,45.463,0.90229
AB_intake,6900,33.13,45.851,0.91667
AB_intake,7000,33.974,46.347,0.9414
AB_intake,7100,34.494,46.394,0.95363
AB_intake,7200,35.047,46.483,0.95606
AB_intake,7250,35.411,46.641,0.95711
AB_intake,7300,35.797,46.827,0.95764
AB_intake,7400,36.484,47.081,0.95867
AB_intake,7500,36.898,46.98,0.96306
AB_intake,7600,37.315,46.886,0.96722
AB_intake,7700,37.683,46.734,0.97175
AB_intake,7750,37.874,46.667,0.974
AB_intake,7800,38.064,46.6,0.97665
AB_intake,7900,38.598,46.656,0.97908
AB_intake,8000,39.22,46.815,0.98652
AB_intake,8100,40.154,47.338,0.99588
AB_intake,8200,40.883,47.61,0.99762
AB_intake,8250,41.198,47.687,0.99796
AB_intake,8300,41.511,47.759,0.99772
AB_intake,8400,42.062,47.817,0.99985
AB_intake,8500,42.689,47.959,1.00623
AB_intake,8600,43.559,48.367,1.02022
AB_intake,8700,44.536,48.884,1.04007
AB_intake,8750,44.985,49.094,1.0475
AB_intake,8800,45.41,49.276,1.05447
AB_intake,8900,46.215,49.586,1.06243
AB_intake,9000,46.517,49.356,1.06369
AB_intake,9100,46.341,48.629,1.06579
AB_intake,9200,45.508,47.236,1.06212
AB_intake,9250,45.435,46.905,1.06237
AB_intake,9300,45.299,46.513,1.06227
AB_intake,9400,45.105,45.822,1.0605
AB_intake,9500,45.06,45.294,1.05547
AB_intake,9600,45.059,44.821,1.0497
AB_intake,9700,44.95,44.252,1.04189
AB_intake,9750,44.87,43.947,1.03689
AB_intake,9800,44.89,43.742,1.03263
AB_intake,9900,45.062,43.466,1.02461
AB_intake,10000,45.348,43.304,1.01893
AB_intake,10250,46.069,42.92,1.003
AB_intake,10500,44.294,40.283,0.965
AB_intake,10750,42.345,37.615,0.91085
AB_intake,11000,41.708,36.207,0.87212
AB_intake,11250,42.005,35.655,0.84611
AB_intake,11500,42.899,35.622,0.83073
AB_intake,11750,44.24,35.954,0.82855
AB_intake,12000,46.396,36.921,0.84457
AB_intake,12250,48.038,37.448,0.85424
AB_intake,12500,48.659,37.173,0.85456
AB_full,4000,17.45,41.659,0.85705
AB_full,4250,19.272,43.302,0.92169
AB_full,4500,19.953,42.342,0.87393
AB_full,4750,20.037,40.282,0.79483
AB_full,5000,20.671,39.479,0.77773
AB_full,5100,21.158,39.616,0.78454
AB_full,5200,22.065,40.52,0.80204
AB_full,5250,22.639,41.179,0.81712
AB_full,5300,23.48,42.305,0.84788
AB_full,5400,24.38,43.113,0.87471
AB_full,5500,25.268,43.872,0.89786
AB_full,5600,25.644,43.728,0.90721
AB_full,5700,25.77,43.172,0.9008
AB_full,5750,25.763,42.786,0.90092
AB_full,5800,25.805,42.486,0.90453
AB_full,5900,26.298,42.565,0.92397
AB_full,6000,27.094,43.121,0.93732
AB_full,6100,28.53,44.663,0.96477
AB_full,6200,30.104,46.366,0.99339
AB_full,6250,30.813,47.079,1.00491
AB_full,6300,31.306,47.453,1.0076
AB_full,6400,31.876,47.561,1.00415
AB_full,6500,31.989,46.996,0.99125
AB_full,6600,32.223,46.622,0.9838
AB_full,6700,32.527,46.36,0.97835
AB_full,6750,32.775,46.367,0.9809
AB_full,6800,32.974,46.305,0.98435
AB_full,6900,33.077,45.777,0.99181
AB_full,7000,33.403,45.568,0.98206
AB_full,7100,33.536,45.105,0.983
AB_full,7200,33.844,44.888,0.98348
AB_full,7250,34.561,45.522,0.97352
AB_full,7300,34.711,45.406,0.97249
AB_full,7400,35.198,45.421,0.97183
AB_full,7500,35.822,45.61,0.97384
AB_full,7600,36.267,45.569,0.97556
AB_full,7700,36.6,45.39,0.97686
AB_full,7750,36.693,45.212,0.97642
AB_full,7800,36.872,45.141,0.97528
AB_full,7900,37.177,44.939,0.97421
AB_full,8000,37.483,44.742,0.97457
AB_full,8100,38.211,45.047,0.98245
AB_full,8200,38.829,45.218,0.98645
AB_full,8250,39.105,45.264,0.9855
AB_full,8300,39.303,45.218,0.98396
AB_full,8400,39.78,45.223,0.98225
AB_full,8500,40.371,45.355,0.98068
AB_full,8600,41.025,45.553,0.98371
AB_full,8700,41.65,45.716,0.98487
AB_full,8750,41.983,45.818,0.98631
AB_full,8800,42.279,45.879,0.98768
AB_full,8900,42.848,45.974,0.98701
AB_full,9000,43.035,45.662,0.98396
AB_full,9100,43.069,45.195,0.97703
AB_full,9200,43.117,44.754,0.96908
AB_full,9250,43.215,44.613,0.96741
AB_full,9300,43.366,44.529,0.96595
AB_full,9400,43.771,44.466,0.96315
AB_full,9500,44.312,44.542,0.96309
AB_full,9600,44.653,44.418,0.96153
AB_full,9700,45.039,44.339,0.95781
AB_full,9750,45.147,44.218,0.95515
AB_full,9800,45.228,44.071,0.9524
AB_full,9900,45.385,43.778,0.94536
AB_full,10000,45.53,43.478,0.93754
AB_full,10250,45.402,42.299,0.91772
AB_full,10500,44.19,40.189,0.88612
AB_full,10750,42.742,37.968,0.84642
AB_full,11000,43.143,37.454,0.84152
AB_full,11250,43.841,37.213,0.83111
AB_full,11500,45.182,37.518,0.82965
AB_full,11750,46.782,38.02,0.83526
AB_full,12000,48.443,38.55,0.84136
AB_full,12250,49.467,38.561,0.84063
AB_full,12500,49.501,37.816,0.83351
AB_full_tune,4000,17.084,40.785,0.86237
AB_full_tune,4250,18.963,42.608,0.91937
AB_full_tune,4500,19.606,41.605,0.86663
AB_full_tune,4750,19.671,39.545,0.79191
AB_full_tune,5000,20.334,38.836,0.7784
AB_full_tune,5100,20.987,39.296,0.79449
AB_full_tune,5200,22.029,40.455,0.818
AB_full_tune,5250,22.576,41.064,0.83545
AB_full_tune,5300,23.422,42.2,0.87064
AB_full_tune,5400,24.029,42.493,0.88293
AB_full_tune,5500,24.78,43.024,0.90671
AB_full_tune,5600,24.993,42.619,0.9041
AB_full_tune,5700,25.057,41.979,0.90714
AB_full_tune,5750,25.025,41.561,0.90965
AB_full_tune,5800,25.062,41.263,0.91601
AB_full_tune,5900,25.46,41.207,0.92165
AB_full_tune,6000,26.267,41.805,0.9412
AB_full_tune,6100,27.589,43.19,0.96525
AB_full_tune,6200,29.113,44.84,0.9915
AB_full_tune,6250,29.803,45.535,1.0041
AB_full_tune,6300,30.304,45.933,1.00844
AB_full_tune,6400,30.876,46.069,1.00518
AB_full_tune,6500,30.991,45.53,0.99086
AB_full_tune,6600,31.187,45.123,0.98164
AB_full_tune,6700,31.473,44.858,0.97973
AB_full_tune,6750,31.673,44.809,0.98228
AB_full_tune,6800,31.87,44.756,0.98281
AB_full_tune,6900,31.769,43.966,0.99615
AB_full_tune,7000,32.306,44.071,0.97943
AB_full_tune,7100,32.433,43.621,0.98586
AB_full_tune,7200,33.204,44.038,0.97142
AB_full_tune,7250,33.177,43.699,0.96897
AB_full_tune,7300,33.567,43.91,0.96917
AB_full_tune,7400,34.213,44.15,0.9701
AB_full_tune,7500,34.743,44.237,0.9719
AB_full_tune,7600,35.171,44.192,0.97145
AB_full_tune,7700,35.406,43.909,0.97419
AB_full_tune,7750,35.549,43.802,0.97355
AB_full_tune,7800,35.73,43.743,0.97319
AB_full_tune,7900,35.92,43.419,0.97162
AB_full_tune,8000,36.385,43.432,0.97257
AB_full_tune,8100,37.024,43.648,0.98057
AB_full_tune,8200,37.771,43.986,0.98506
AB_full_tune,8250,38.025,44.013,0.98479
AB_full_tune,8300,38.239,43.995,0.98294
AB_full_tune,8400,38.672,43.963,0.9777
AB_full_tune,8500,39.246,44.09,0.97595
AB_full_tune,8600,39.785,44.176,0.97491
AB_full_tune,8700,40.541,44.498,0.97884
AB_full_tune,8750,40.913,44.65,0.98112
AB_full_tune,8800,41.245,44.757,0.98189
AB_full_tune,8900,41.586,44.62,0.97979
AB_full_tune,9000,41.658,44.2,0.97176
AB_full_tune,9100,41.488,43.536,0.96156
AB_full_tune,9200,41.673,43.255,0.95989
AB_full_tune,9250,41.832,43.185,0.96003
AB_full_tune,9300,42.011,43.137,0.9597
AB_full_tune,9400,42.381,43.054,0.96001
AB_full_tune,9500,42.844,43.066,0.96383
AB_full_tune,9600,43.275,43.047,0.96285
AB_full_tune,9700,43.359,42.685,0.95663
AB_full_tune,9750,43.318,42.426,0.95246
AB_full_tune,9800,43.275,42.168,0.94876
AB_full_tune,9900,43.24,41.709,0.94101
AB_full_tune,10000,43.237,41.289,0.93385
AB_full_tune,10250,43.287,40.328,0.9175
AB_full_tune,10500,42.647,38.786,0.89222
AB_full_tune,10750,41.231,36.626,0.84754
AB_full_tune,11000,41.579,36.095,0.83966
AB_full_tune,11250,42.445,36.028,0.83013
AB_full_tune,11500,43.782,36.355,0.82832
AB_full_tune,11750,45.364,36.868,0.83272
AB_full_tune,12000,47.407,37.726,0.84692
AB_full_tune,12250,48.158,37.541,0.83944
AB_full_tune,12500,48.437,37.003,0.83535
