variant,rms_pri1_start,rms_pri1_mid,rms_pri1_end,rms_sec1_mid,rms_sec1_end,rms_final_start,rms_final_mid,rms_all,overlap_mean,at_365,blowdown,pri_end_peak,pri_end_peak_deg,step_deg,T_sec,ve,bt
as modelled,32.802,24.241,22.462,20.464,19.594,19.235,19.08,23.006,147.761,111.922,167.759,155.56,230,172,965.144,0.965,49.595
hot walls,27.361,19.993,19.748,19.291,14.855,15.837,12.935,19.084,138.9,99.762,205.968,161.155,218,161,1063.695,0.992,50.164
trunk 44 mm,31.626,23.447,22.038,20.785,19.475,19.111,18.957,22.588,146.363,110.612,169.102,154.176,230,172,962.926,0.968,49.618
trunk 36.1 mm (no spread),30.49,22.662,21.46,20.974,18.973,18.644,18.408,22.007,142.793,108.834,174.967,150.569,221,171,959.707,0.97,49.663
hot + trunk 44,26.136,19.109,18.732,19.134,14.786,16.1,12.379,18.502,135.698,97.19,207.504,162.23,217,159,1062.89,0.997,50.239
hot + trunk 36.1,24.929,17.83,16.738,18.563,14.052,16.079,11.285,17.515,130.549,95.709,209.565,161.996,217,156,1061.952,1.003,50.519
hot + both trunks 44,26.721,18.758,18.251,19.327,15.068,15.661,11.989,18.472,133.046,98.511,206.945,160.11,217,159,1061.058,0.998,50.538
hot + both trunks 36.1,25.812,17.873,16.491,18.348,15.486,15.778,11.822,17.82,132.106,100.034,207.273,153.207,207,159,1056.854,1.007,50.665
"hot + trunk 36.1, momentum off",33.533,25.025,24.107,23.648,17.957,18.014,16.966,23.379,144.731,105.838,229.987,173.87,221,165,1074.249,0.984,49.479
no heat loss + both trunks 36.1,28.002,19.774,17.702,18.725,15.941,16.715,12.168,18.976,121.301,93.285,186.761,144.443,212,160,1054.605,1.006,50.674
