bin,n,ign,ign_iqr,lam,lam_tgt,map
4000.0,555,20.5,0.3000000000000007,0.792,0.88,96.1
4250.0,559,21.0,0.20000000000000284,0.736,0.88,96.0
4500.0,1109,21.5,0.20000000000000284,0.701,0.88,96.1
4750.0,3452,22.0,0.20000000000000284,0.695,0.88,96.1
5000.0,5438,22.5,0.5,0.705,0.88,96.0
5250.0,5282,23.7,0.6000000000000014,0.698,0.88,95.9
5500.0,2956,24.8,0.5,0.715,0.88,95.6
5750.0,1580,26.3,0.6999999999999993,0.838,0.88,94.8
6000.0,1553,27.7,0.40000000000000213,0.898,0.88,94.3
6250.0,1853,28.2,0.3000000000000007,0.942,0.88,94.1
6500.0,2185,28.6,0.1999999999999993,0.96,0.88,94.0
6750.0,2129,29.1,0.20000000000000284,0.963,0.88,93.8
7000.0,2276,29.5,0.20000000000000284,0.975,0.88,93.6
7250.0,2791,29.8,0.1999999999999993,1.003,0.88,93.3
7500.0,2048,30.0,0.10000000000000142,0.935,0.88,93.0
7750.0,1284,30.2,0.10000000000000142,0.809,0.88,92.8
8000.0,1254,30.3,0.09999999999999787,0.748,0.88,92.4
8250.0,1043,30.8,0.1999999999999993,0.744,0.88,91.6
8500.0,1164,30.8,0.1999999999999993,0.771,0.88,90.5
8750.0,960,30.6,0.3000000000000007,0.804,0.88,89.8
9000.0,1131,31.0,0.3000000000000007,0.862,0.88,89.6
9250.0,1214,32.3,0.8000000000000007,0.902,0.88,89.7
9500.0,1553,33.6,1.1000000000000014,0.921,0.88,89.4
9750.0,1781,34.7,3.1000000000000014,0.87,0.88,89.0
10000.0,1400,36.0,2.0,0.862,0.88,88.6
10250.0,536,36.2,0.20000000000000284,0.863,0.88,88.7
10500.0,364,35.9,0.10000000000000142,0.921,0.88,89.0
10750.0,101,35.6,0.20000000000000284,0.851,0.88,89.2
