bin,base p0 97.3 eta .5,p0 96.3,p0 98.3,eta 0,eta .8,n .5,n .45,n .55,lag 50ms,smooth 51
4000,1.0536430882582313,0.54623074104264,1.230644846501826,1.0300098177321775,1.1426843327000709,1.008655380455217,1.0674447659140043,0.9514166265501959,1.054284824967544,1.0536934266668754
4250,1.009389222826556,0.6088873138485645,1.1682208325488348,0.9873151648953536,1.09433794087709,0.9673857869646799,1.0222817218208686,0.914276239305249,0.9949892881073368,1.0071122268733101
4500,0.9354781402192388,0.48204831980625096,1.094475922482457,0.9150204236183541,1.0148996845468607,0.8965503458914429,0.9490665412470359,0.8458637006375119,0.9261318979268981,0.9359465546230595
4750,0.8749654632218133,0.4485374823223532,1.029593885793967,0.8553399413314186,0.9503326517402142,0.8376068063523207,0.8886877556020802,0.7884602861841107,0.8675423323221608,0.8758311112248504
5000,0.8470315996963528,0.5084559688940384,0.989633410226518,0.828183191259279,0.9191583328872853,0.8114659601244901,0.8591854940617261,0.7652658485125914,0.8420043051541443,0.8476856097797597
5250,0.8448643124851947,0.5670849670654831,0.9687243112316177,0.8268643265352018,0.9142844465160569,0.8106266367371073,0.853458738694484,0.7689672351215004,0.8466624248591927,0.845329875081125
5500,0.8927663778483466,0.7194081720877884,0.9801614045063842,0.8752672015925,0.9607208217200692,0.8595221244171326,0.8961953269488834,0.8233037042337455,0.8972749684480325,0.8926810530455631
5750,1.0273445999990831,0.9989108874136491,1.057500057731144,1.0119800005738213,1.088367445338903,0.9982665112571147,1.0209807709973768,0.9743107561976082,1.0661716973880961,1.0254937145711747
6000,1.0738568325451328,1.1058361930188443,1.080382426278805,1.0607735364392001,1.1275783576936453,1.0495513203055375,1.0642863488420158,1.035132278594687,1.0699250796501085,1.0740013397914487
6250,1.0533436254991342,1.093156548983588,1.0505437796111867,1.0419635721981744,1.1006620828848586,1.031941508288158,1.0428064585254846,1.019407903321917,1.0485274654010428,1.052512821115354
6500,1.031659995243688,1.0801418891083248,1.0240493002485032,1.021347971594364,1.0743684807454774,1.0122272440487716,1.0208480014035335,1.0022443061602118,1.028566767745196,1.0315306519617295
6750,1.020720844038072,1.0823506270702896,1.0068389324984386,1.0116342156113334,1.0584320075780127,1.0036235307918362,1.009087654060929,0.9966778361525981,1.0196905489609753,1.0208014373989798
7000,1.0108395701541606,1.0853087509298407,0.9921630511803113,1.0029247389953957,1.0450794285386789,0.9960718842725739,0.9993189973896269,0.9923405701707858,1.0083846164612473,1.0116456292129772
7250,1.0077806973754238,1.094473852746054,0.9814662498724306,1.002042939174777,1.0345027189632854,0.9966183172381936,0.9958084866188402,0.9962143857414754,1.00819431899672,1.0086001611788533
7500,1.0122976069266256,1.1126125998513345,0.97791988084456,1.008266339918248,1.0312401376994478,1.0049498064285847,1.0002814958273092,1.0076788711654197,1.0072485253380745,1.0110255616880186
7750,0.9981829543411229,1.1043333677114486,0.9595815377486783,0.9952818684223528,1.011401859065156,0.9925289016602161,0.9864356901038475,0.9980436049603412,0.9951098216007017,0.9960752205880705
8000,1.000458442367258,1.1214434615452837,0.955591722609677,1.0004474075011303,1.0052662366879572,1.0005788097763397,0.9894857820628594,1.0105124496324598,1.0202152001984777,1.0026659733217897
8250,1.04142820929245,1.187980309170563,0.982014442011244,1.046878281504107,1.0233557729060818,1.05184911129885,1.0324256003332637,1.0701713709764962,1.0696564046673545,1.0419297284902853
8500,1.0833641644302425,1.2574429107330307,1.0088322885651841,1.0972680240638255,1.032650051599816,1.1097499864088938,1.079612150736488,1.1388812026022959,1.099374440625318,1.0842166960180335
8750,1.1002386461367675,1.2863891906011506,1.0178987040202474,1.1192999839058004,1.0237154057713471,1.136363183920354,1.100579429757594,1.1729212353613387,1.099854385174106,1.098559208929109
9000,1.0822376723828515,1.2681214855805156,0.9997243784050931,1.1027656332911824,0.9993559308998008,1.1209754143128974,1.0841769281509146,1.1579803427535804,1.0663548791715207,1.0832382931493554
9250,1.0407700816822745,1.2180568787379973,0.9628056677970209,1.059677141625851,0.9668285458368081,1.0764143715395895,1.041822620690865,1.1113494317069987,1.0364122303124066,1.0408525569744598
9500,1.0305204718916527,1.2087461704836737,0.9511041094395604,1.050523816428061,0.9467914489463081,1.0694968340323312,1.032681054991105,1.1060151396907856,1.0308544461458875,1.0303924708929557
9750,1.0280846501865533,1.2125388783694213,0.9457747341054977,1.0531119091327903,0.9282512874987552,1.0750969244642163,1.035171627173923,1.1154295535788123,1.029390536497431,1.0278808797219863
10000,1.018206101273563,1.2046706821846664,0.9349280106616734,1.0459389762285192,0.9076090170565309,1.0704227590107547,1.0281667004262804,1.1131662518434806,1.011081490587251,1.0190558194911659
10250,0.9967134284682551,1.177816331029444,0.9148941559912313,1.0225976281710378,0.8881711301346028,1.0461236492520334,1.0052523997084364,1.0872753597872804,0.9857426803514037,0.9972239672018495
10500,0.9542673090770275,1.1250282903361417,0.878191244907478,0.9769937527563946,0.8640333510862757,0.9967235281820744,0.9603495348400355,1.0335680096371858,0.9462477399158654,0.9533717121958553
10750,0.9295458921329302,1.093987729327623,0.8563407121804308,0.9502821954993506,0.845921092080604,0.9686133625682954,0.9341019230701872,1.0031254994193308,0.924106683025504,0.930646298812003
