budget_mm,ang,dout,diffuser_mm,total_mm,R,V1.44 top 10.5-12.5k,V1.44 P1 6-12k,V1.44 driver 7-10.5k,V3.5 top 10.5-12.5k,V3.5 P1 6-12k,V3.5 driver 7-10.5k
40,6.0,22.0,9.514,39.514,0.206,-7.638,-5.331,-5.261,-7.975,-5.708,-5.717
50,8.0,25.0,17.788,47.788,0.371,-4.397,-3.024,-2.971,-4.669,-3.285,-3.274
60,8.0,28.0,28.461,58.461,0.454,-2.62,-1.787,-1.75,-2.826,-1.97,-1.958
70,8.0,31.0,39.135,69.135,0.498,-1.649,-1.119,-1.095,-1.792,-1.244,-1.235
80,8.0,34.0,49.808,79.808,0.522,-1.107,-0.751,-0.735,-1.203,-0.835,-0.829
100,7.0,37.0,69.227,99.227,0.546,-0.555,-0.377,-0.369,-0.604,-0.419,-0.416
120,6.0,38.0,85.629,115.629,0.561,-0.212,-0.144,-0.141,-0.231,-0.16,-0.159
150,5.0,40.0,114.301,144.301,0.579,0.0,0.0,0.0,0.0,0.0,0.0
200,5.0,44.0,137.161,167.161,0.588,0.0,0.0,0.0,0.0,0.0,0.0
