variant,rMAP,slopeMAP,rWOT,rT,depth,pk6,pk9,dp7,dp9,dp10,dp_rmse,ve_abs_8k,rmse6-12.5,rmse6-8.5,rmse7-11.5,rmse10.5-12.5,bias,rmse_debiased6-12.5
M10,0.8,0.4908,0.5933,0.7869,-0.0584,6300,9000,1.179,4.484,5.317,2.7377,0.9825,3.4563,2.6186,2.6022,4.9273,2.1506,2.7057
RT_M10,0.8008,0.4391,0.6106,0.7459,-0.0575,6300,8900,1.148,4.469,5.26,2.7455,0.9772,2.7672,2.4649,1.9232,3.7326,0.82,2.6429
M_P97,0.7852,0.4481,0.5969,0.7731,-0.047,6500,9000,1.077,4.089,5.157,2.8298,0.9832,2.5434,2.9893,2.2223,2.3009,-0.4476,2.5037
RT_M_P97,0.7885,0.4029,0.6074,0.7273,-0.0488,6500,9000,1.075,4.089,5.104,2.8318,0.9785,3.0182,3.5663,3.0271,1.8271,-1.7302,2.4731
M_P97_R75,0.8121,0.5007,0.6102,0.7321,-0.0575,6250,9000,2.37,5.824,7.095,1.3942,0.9572,2.8112,3.4619,2.8906,1.5818,-1.7847,2.172
M_P97_R62,0.8222,0.4743,0.6215,0.6915,-0.0604,6250,9000,3.355,7.315,8.61,0.4429,0.9408,3.4175,3.8332,3.621,2.4136,-2.6959,2.1004
RT_M_P97_R62,0.8119,0.3999,0.6201,0.6232,-0.0559,6250,9000,3.361,7.253,8.531,0.4455,0.9387,4.4622,4.5874,4.7803,3.57,-3.9358,2.1025
M_P97_R50,0.8237,0.4433,0.6276,0.6393,-0.0618,6250,9000,4.236,8.679,10.044,0.8515,0.9271,4.0862,4.1896,4.3441,3.4125,-3.4949,2.1173
M_P97_R0,0.7929,0.3429,0.6239,0.3821,-0.0605,6250,9000,7.527,13.559,15.25,4.4601,0.8765,6.7515,5.5841,7.0512,7.1179,-6.2471,2.5606
M_P97_cd90,0.7948,0.4606,0.611,0.7578,-0.0491,6500,9000,1.204,4.603,5.851,2.4825,0.9762,2.5106,3.0899,2.3732,1.7762,-0.8482,2.3629
M_P97_legacy,0.7598,0.4188,0.5692,0.3426,-0.0715,6250,8750,10.535,18.919,19.773,7.8395,0.8734,7.7487,5.7525,8.0478,8.7106,-7.2055,2.8499
