,ve_map,pw_lambda_wot,dyno_T,car_MAP,car_dp,AB_ex_ve,AB_ex_dp,M10_ve,M10_dp,RT_M_LL1_G130_ve,RT_M_LL1_G130_dp
4000,1.0536,0.9678,,96.1,1.2,0.9214,-0.146,0.8912,-0.185,0.8772,-0.213
4250,1.0094,0.9216,,96.0,1.3,0.9908,0.104,0.9804,0.094,0.9764,0.121
4500,0.9355,0.8774,0.7316,96.1,1.2,0.9395,0.258,0.9338,0.33,0.9414,0.357
4750,0.875,0.8712,0.7534,96.1,1.2,0.8545,-0.233,0.8566,-0.194,0.871,-0.149
5000,0.847,0.9077,0.7752,96.0,1.3,0.8361,-0.585,0.833,-0.545,0.8471,-0.485
5250,0.8449,0.9067,0.8719,95.9,1.4,0.8784,-0.316,0.8862,-0.212,0.9125,-0.069
5500,0.8928,0.9099,0.9686,95.6,1.7,0.9652,0.386,0.955,0.371,0.9636,0.444
5750,1.0273,0.9908,1.0463,94.8,2.5,0.9685,0.533,0.9694,0.654,0.9742,0.658
6000,1.0739,1.0974,1.1239,94.3,3.0,1.0076,0.647,1.003,0.647,0.9984,0.642
6250,1.0533,1.1671,1.0729,94.1,3.2,1.0803,0.636,1.0696,0.634,1.0639,0.625
6500,1.0317,1.1702,1.0219,94.0,3.3,1.0656,0.733,1.0533,0.737,1.0512,0.75
6750,1.0207,1.1412,1.0086,93.8,3.5,1.0545,0.966,1.0415,0.966,1.0398,0.969
7000,1.0108,1.1036,0.9953,93.6,3.7,1.0557,1.143,1.0373,1.179,1.0335,1.163
7250,1.0078,1.0434,0.9929,93.3,4.0,1.0466,1.281,1.0465,1.366,1.029,1.236
7500,1.0123,0.9848,0.9905,93.0,4.3,1.0469,1.393,1.0285,1.432,1.0264,1.338
7750,0.9982,0.9281,1.0275,92.8,4.5,1.0497,1.7,1.0226,1.699,1.0155,1.652
8000,1.0005,0.8872,1.0645,92.4,4.9,1.0477,2.101,1.044,2.108,1.0296,2.083
8250,1.0414,0.9414,1.1178,91.6,5.7,1.0594,2.687,1.0527,2.676,1.0452,2.648
8500,1.0834,1.027,1.171,90.5,6.8,1.0543,3.311,1.0518,3.267,1.0445,3.187
8750,1.1002,1.0749,1.1436,89.8,7.5,1.0603,3.88,1.0723,3.753,1.0545,3.674
9000,1.0822,1.1118,1.1162,89.6,7.7,1.0578,4.435,1.0825,4.484,1.0701,4.265
9250,1.0408,1.049,1.0976,89.7,7.6,1.04,4.903,1.0745,5.311,1.0764,4.983
9500,1.0305,0.9853,1.079,89.4,7.9,1.0353,4.924,1.0691,5.563,1.0703,5.196
9750,1.0281,0.9567,1.0466,88.9,8.4,1.0268,4.965,1.0427,5.474,1.042,5.038
10000,1.0182,0.9895,1.0142,88.6,8.7,1.0079,4.856,1.0199,5.317,1.0233,4.891
10250,0.9967,0.9665,0.9635,88.7,8.6,0.9866,4.619,0.9967,4.973,1.0107,4.701
10500,0.9543,1.0023,0.9128,89.0,8.3,0.9526,4.019,0.9651,4.268,0.9756,3.925
10750,0.9295,1.0196,0.8929,89.2,8.1,0.9099,3.078,0.9207,3.179,0.9366,2.935
