theta_deg,t_s,p_exit_Pa,mdot_exit_kg_s,p_plenum_mean_Pa
2.07,2.76e-05,86189.7,0.060019,87180.6
4.1,5.47e-05,85770.4,0.06069,86941.2
6.06,8.08e-05,85343.1,0.061332,86734.1
8.09,0.0001078,84892.5,0.061961,86558.3
10.04,0.0001338,84502.9,0.062464,86434.7
12.05,0.0001607,84176.9,0.062856,86354.6
14.07,0.0001876,83935.5,0.063129,86322.3
16.08,0.0002144,83781.1,0.063293,86334.4
18.1,0.0002413,83703.8,0.06337,86387.1
20.04,0.0002672,83697.8,0.063367,86474.2
22.05,0.000294,83753.5,0.063295,86600.6
24.06,0.0003209,83869.2,0.063156,86763.1
26.08,0.0003477,84097.7,0.062875,86962.2
28.09,0.0003746,84474.2,0.062391,87196.5
30.05,0.0004006,85102.1,0.061525,87449.9
32.07,0.0004276,86015.4,0.060142,87722.8
34.04,0.0004539,87343.0,0.057775,87965.1
36.09,0.0004812,88206.8,0.056079,88147.4
38.08,0.0005077,88654.9,0.05512,88254.1
40.07,0.0005342,88765.2,0.054899,88296.4
42.06,0.0005608,88548.0,0.055426,88288.5
44.04,0.0005872,88143.2,0.056331,88247.9
46.1,0.0006146,87634.3,0.057395,88186.8
48.07,0.000641,87124.8,0.058386,88122.2
50.04,0.0006672,86642.2,0.059258,88060.4
52.08,0.0006944,86219.3,0.05997,88007.4
54.04,0.0007206,85929.3,0.060425,87973.4
56.07,0.0007477,85796.3,0.060617,87963.4
58.03,0.0007738,85833.2,0.060542,87987.7
60.07,0.0008009,86014.1,0.06024,88061.8
62.1,0.000828,86260.1,0.059834,88171.2
64.06,0.0008542,86511.2,0.059411,88292.7
66.1,0.0008814,86756.9,0.058985,88419.8
68.07,0.0009076,86931.8,0.058679,88536.0
70.04,0.0009339,87007.9,0.058552,88643.5
72.09,0.0009612,87075.8,0.058423,88748.4
74.06,0.0009875,87062.8,0.058463,88845.2
76.1,0.0010147,86951.8,0.058674,88954.2
78.07,0.001041,86863.9,0.05883,89082.3
80.04,0.0010673,86941.5,0.058667,89244.0
82.09,0.0010945,87520.8,0.05751,89448.1
84.07,0.0011209,89215.9,0.053673,89645.4
86.08,0.0011477,90864.4,0.049173,89730.3
88.1,0.0011746,91183.3,0.048226,89692.3
90.05,0.0012006,90692.4,0.049794,89591.1
92.06,0.0012275,89827.0,0.052285,89466.0
94.06,0.0012541,88851.2,0.054764,89346.3
96.05,0.0012806,87851.0,0.056989,89252.4
98.09,0.0013079,86954.7,0.058725,89201.9
100.06,0.0013342,86383.7,0.059705,89207.9
102.1,0.0013613,86145.2,0.060067,89273.0
104.06,0.0013875,86208.9,0.059938,89388.0
106.1,0.0014146,86466.1,0.059485,89555.8
108.07,0.0014409,87094.3,0.058327,89754.9
110.04,0.0014672,87912.7,0.056684,89972.2
112.1,0.0014947,89219.3,0.053724,90170.0
114.1,0.0015214,89987.1,0.05176,90305.4
116.04,0.0015472,90400.7,0.050619,90381.1
118.05,0.001574,90460.1,0.050469,90410.9
120.06,0.0016009,90287.0,0.050985,90410.4
122.07,0.0016277,90063.5,0.051618,90393.0
124.08,0.0016544,89861.8,0.052169,90364.1
126.09,0.0016811,89667.9,0.052685,90326.8
128.09,0.0017078,89524.2,0.053058,90284.0
130.09,0.0017345,89461.2,0.053217,90234.6
132.09,0.0017612,89483.7,0.053154,90173.6
134.09,0.0017878,89544.2,0.052995,90092.8
136.09,0.0018145,89443.6,0.053263,89987.8
138.09,0.0018412,89054.2,0.054245,89874.5
140.08,0.0018677,88664.0,0.055168,89770.3
142.07,0.0018943,88328.6,0.055921,89680.5
144.05,0.0019207,88047.9,0.056525,89608.6
146.04,0.0019471,87828.9,0.056978,89557.0
148.09,0.0019745,87703.5,0.057227,89526.4
150.07,0.0020009,87702.4,0.05722,89515.7
152.05,0.0020273,87837.9,0.05693,89517.2
154.1,0.0020546,88095.0,0.05638,89521.0
156.08,0.0020811,88404.5,0.055702,89514.3
158.07,0.0021076,88713.4,0.055003,89485.6
160.06,0.0021342,88962.6,0.054423,89424.4
162.06,0.0021608,89105.2,0.054088,89325.0
164.05,0.0021874,89032.0,0.054283,89187.4
166.05,0.002214,88801.7,0.054841,89020.2
168.04,0.0022405,88496.5,0.055546,88831.8
170.09,0.0022679,88167.7,0.056271,88620.2
172.08,0.0022944,87856.0,0.056929,88403.5
174.06,0.0023208,87598.3,0.057453,88174.1
176.03,0.0023471,87268.8,0.058099,87934.5
178.08,0.0023744,86921.0,0.058749,87679.8
180.05,0.0024006,86574.1,0.059367,87431.9
182.08,0.0024278,86186.7,0.060024,87179.0
184.05,0.002454,85782.3,0.060671,86947.6
186.07,0.002481,85340.3,0.061336,86732.8
188.1,0.002508,84890.1,0.061964,86557.4
190.05,0.002534,84501.2,0.062466,86434.2
192.07,0.0025609,84175.8,0.062857,86354.4
194.08,0.0025878,83935.1,0.063129,86322.4
196.1,0.0026146,83781.2,0.063293,86334.7
198.04,0.0026405,83705.8,0.063368,86385.2
200.05,0.0026674,83698.9,0.063366,86474.9
202.06,0.0026942,83755.0,0.063294,86601.4
204.08,0.002721,83870.8,0.063155,86764.0
206.09,0.0027479,84099.4,0.062873,86963.1
208.04,0.0027738,84459.3,0.06241,87188.9
210.06,0.0028008,85105.9,0.061519,87451.0
212.09,0.0028278,86020.2,0.060134,87723.8
214.05,0.002854,87348.6,0.057765,87965.8
216.1,0.0028814,88210.2,0.056072,88147.7
218.09,0.0029079,88656.3,0.055117,88254.0
220.08,0.0029344,88764.1,0.054901,88295.9
222.07,0.0029609,88545.0,0.055433,88287.7
224.06,0.0029874,88139.2,0.05634,88246.9
226.04,0.0030139,87647.7,0.057368,88188.0
228.09,0.0030411,87120.1,0.058395,88121.1
230.06,0.0030674,86637.9,0.059266,88059.5
232.09,0.0030946,86215.9,0.059975,88006.6
234.06,0.0031208,85927.6,0.060428,87972.9
236.09,0.0031478,85796.6,0.060616,87963.1
238.05,0.003174,85835.2,0.060539,87987.8
240.08,0.0032011,86017.1,0.060236,88062.2
242.04,0.0032272,86253.8,0.059845,88167.6
244.08,0.0032544,86512.9,0.059408,88293.3
246.05,0.0032806,86750.0,0.058997,88416.1
248.09,0.0033078,86931.4,0.05868,88536.6
250.06,0.0033341,87006.1,0.058555,88644.2
252.1,0.0033613,87073.5,0.058428,88749.2
254.07,0.0033876,87059.8,0.058469,88846.3
256.04,0.0034139,86952.8,0.058673,88951.6
258.09,0.0034412,86861.7,0.058834,89084.4
260.06,0.0034674,86941.6,0.058667,89246.8
262.1,0.0034947,87525.8,0.0575,89451.6
264.08,0.0035211,89255.2,0.053575,89648.6
266.09,0.0035479,90870.9,0.049153,89732.8
268.04,0.0035739,91194.4,0.048189,89697.4
270.06,0.0036008,90693.8,0.04979,89592.9
272.07,0.0036277,89825.7,0.052289,89467.5
274.07,0.0036543,88848.2,0.054771,89347.7
276.06,0.0036808,87847.2,0.056997,89253.8
278.04,0.0037072,86977.9,0.058684,89204.2
280.08,0.0037344,86382.1,0.059707,89209.7
282.04,0.0037606,86147.0,0.060065,89271.9
284.08,0.0037877,86209.6,0.059937,89390.3
286.04,0.0038139,86455.6,0.059503,89551.9
288.08,0.0038411,87100.1,0.058315,89758.0
290.06,0.0038674,87925.0,0.056658,89975.3
292.04,0.0038939,89200.9,0.053769,90166.7
294.04,0.0039206,89975.0,0.051793,90303.1
296.05,0.0039474,90403.1,0.050613,90381.8
298.07,0.0039742,90456.2,0.05048,90411.2
300.08,0.004001,90281.7,0.051,90410.6
302.09,0.0040278,90059.2,0.051629,90393.3
304.1,0.0040546,89858.9,0.052177,90364.4
306.1,0.0040813,89666.4,0.052689,90327.3
308.1,0.004108,89524.3,0.053058,90284.6
310.1,0.0041347,89462.8,0.053213,90235.2
312.1,0.0041614,89486.8,0.053146,90174.2
314.1,0.004188,89548.4,0.052985,90093.2
316.1,0.0042147,89443.4,0.053264,89987.9
318.1,0.0042414,89053.3,0.054248,89874.5
320.09,0.0042679,88662.8,0.055171,89770.3
322.08,0.0042944,88327.3,0.055924,89680.6
324.07,0.0043209,88046.9,0.056527,89608.8
326.05,0.0043473,87828.3,0.05698,89557.3
328.1,0.0043747,87703.5,0.057227,89526.8
330.08,0.0044011,87703.2,0.057218,89516.2
332.06,0.0044275,87839.4,0.056927,89517.7
334.04,0.0044539,88086.6,0.056398,89521.4
336.1,0.0044813,88407.1,0.055696,89514.6
338.09,0.0045078,88716.1,0.054996,89485.7
340.08,0.0045344,88965.0,0.054417,89424.3
342.07,0.004561,89106.3,0.054085,89324.4
344.07,0.0045876,89030.6,0.054286,89186.6
346.06,0.0046141,88798.8,0.054848,89019.2
348.05,0.0046407,88493.5,0.055553,88830.7
350.04,0.0046672,88176.7,0.056252,88626.6
352.09,0.0046946,87854.4,0.056932,88402.4
354.07,0.004721,87597.2,0.057455,88173.0
356.05,0.0047473,87268.0,0.058101,87933.3
358.09,0.0047746,86920.3,0.05875,87678.6
360.06,0.0048008,86573.1,0.059369,87430.6
362.1,0.004828,86185.1,0.060027,87177.7
364.06,0.0048541,85780.1,0.060675,86946.5
366.09,0.0048812,85337.3,0.06134,86731.9
368.04,0.0049072,84901.8,0.061948,86562.1
370.06,0.0049342,84498.2,0.062469,86433.9
372.08,0.0049611,84173.3,0.06286,86354.5
374.1,0.004988,83933.4,0.063131,86322.8
376.04,0.0050139,83784.3,0.06329,86334.4
378.05,0.0050407,83705.7,0.063368,86386.3
380.07,0.0050675,83699.7,0.063365,86476.4
382.08,0.0050944,83756.7,0.063292,86603.2
384.09,0.0051212,83873.6,0.063151,86766.1
386.04,0.0051471,84094.1,0.06288,86958.1
388.05,0.005174,84465.7,0.062402,87191.5
390.07,0.005201,85114.2,0.061507,87453.7
392.1,0.005228,86026.8,0.060124,87726.3
394.07,0.0052542,87358.0,0.057749,87967.5
396.05,0.0052806,88188.6,0.056117,88143.7
398.1,0.005308,88655.1,0.05512,88254.5
400.09,0.0053346,88762.1,0.054906,88296.1
402.08,0.0053611,88542.0,0.05544,88287.7
404.07,0.0053876,88135.7,0.056347,88246.8
406.05,0.005414,87644.4,0.057375,88187.9
408.1,0.0054413,87116.9,0.058401,88121.1
410.07,0.0054676,86635.0,0.059271,88059.4
412.04,0.0054938,86226.3,0.059958,88008.2
414.07,0.0055209,85926.1,0.06043,87973.1
416.1,0.005548,85796.3,0.060617,87963.6
418.06,0.0055742,85836.1,0.060537,87988.7
420.09,0.0056012,86019.0,0.060232,88063.4
422.06,0.0056274,86256.5,0.05984,88169.0
424.09,0.0056546,86516.2,0.059402,88294.7
426.06,0.0056808,86753.4,0.058991,88417.4
428.1,0.005708,86934.4,0.058675,88537.8
430.07,0.0057343,87008.3,0.058551,88645.2
432.04,0.0057606,87070.4,0.058434,88746.6
434.09,0.0057878,87060.4,0.058468,88847.0
436.06,0.0058141,86952.8,0.058673,88952.3
438.1,0.0058413,86861.8,0.058834,89085.1
440.07,0.0058676,86943.7,0.058663,89247.5
442.04,0.0058939,87499.8,0.057553,89444.8
444.1,0.0059213,89268.9,0.053541,89648.7
446.11,0.0059481,90873.2,0.049147,89731.8
448.05,0.0059741,91188.5,0.048208,89695.7
450.08,0.006001,90685.1,0.049816,89591.2
452.09,0.0060278,89817.4,0.052311,89466.1
454.09,0.0060545,88841.7,0.054786,89346.6
456.08,0.006081,87843.1,0.057005,89253.0
458.05,0.0061074,86976.4,0.058686,89203.7
460.09,0.0061346,86382.0,0.059707,89209.3
462.06,0.0061608,86146.9,0.060065,89271.5
464.09,0.0061879,86209.0,0.059938,89390.1
466.06,0.0062141,86455.0,0.059505,89551.9
468.09,0.0062413,87100.2,0.058315,89758.1
470.07,0.0062676,87926.9,0.056654,89975.7
472.06,0.0062941,89204.7,0.053759,90167.1
474.06,0.0063208,89977.8,0.051785,90303.4
476.07,0.0063476,90404.9,0.050607,90381.9
478.08,0.0063744,90456.5,0.050479,90411.1
480.09,0.0064012,90281.4,0.051001,90410.4
482.1,0.006428,90058.6,0.051631,90393.0
484.04,0.0064538,89865.1,0.05216,90365.3
486.04,0.0064806,89671.7,0.052676,90328.4
488.04,0.0065073,89527.4,0.05305,90285.8
490.04,0.0065339,89463.3,0.053211,90236.8
492.04,0.0065606,89485.2,0.053151,90176.2
494.05,0.0065873,89546.4,0.05299,90095.9
496.05,0.006614,89451.8,0.053242,89991.2
498.04,0.0066406,89065.5,0.054218,89877.8
500.04,0.0066672,88673.3,0.055147,89773.3
502.1,0.0066946,88325.6,0.055928,89680.2
504.08,0.0067211,88045.6,0.05653,89608.5
506.06,0.0067475,87827.6,0.056981,89557.1
508.04,0.0067739,87706.0,0.057222,89527.4
510.09,0.0068013,87703.8,0.057217,89516.1
512.07,0.0068276,87840.4,0.056924,89517.6
514.06,0.0068541,88087.7,0.056396,89521.3
516.04,0.0068805,88397.0,0.055719,89515.0
518.1,0.006908,88717.4,0.054994,89485.3
520.09,0.0069346,88966.4,0.054414,89423.7
522.09,0.0069611,89107.3,0.054083,89323.6
524.08,0.0069878,89030.5,0.054287,89185.5
526.07,0.0070143,88797.7,0.05485,89017.9
528.07,0.0070409,88491.7,0.055557,88829.2
530.05,0.0070674,88174.4,0.056257,88624.9
532.03,0.0070938,87860.5,0.05692,88408.4
534.09,0.0071211,87594.0,0.057462,88171.0
536.06,0.0071475,87264.7,0.058107,87931.3
538.04,0.0071738,86929.1,0.058734,87685.5
540.08,0.007201,86569.9,0.059374,87428.7
542.04,0.0072272,86195.8,0.060009,87184.4
544.07,0.0072543,85776.8,0.06068,86944.8
546.1,0.0072814,85334.1,0.061345,86730.5
548.06,0.0073074,84898.9,0.061952,86561.1
550.08,0.0073344,84495.9,0.062472,86433.3
552.1,0.0073613,84171.8,0.062862,86354.3
554.04,0.0073872,83939.2,0.063124,86323.3
556.05,0.0074141,83783.9,0.06329,86334.9
558.07,0.0074409,83705.7,0.063368,86387.1
560.08,0.0074677,83699.9,0.063365,86477.5
562.09,0.0074946,83757.2,0.063291,86604.6
564.04,0.0075205,83869.0,0.063157,86761.6
566.05,0.0075473,84095.7,0.062878,86960.1
568.07,0.0075742,84469.0,0.062398,87193.8
570.09,0.0076012,85120.3,0.061499,87456.3
572.04,0.0076273,86002.5,0.060162,87719.7
574.08,0.0076544,87369.1,0.057728,87969.9
576.06,0.0076808,88196.7,0.0561,88145.5
578.05,0.0077073,88649.4,0.055132,88253.1
580.04,0.0077338,88765.5,0.054897,88296.1
582.1,0.0077613,88539.8,0.055445,88287.8
584.09,0.0077878,88132.4,0.056354,88246.7
586.07,0.0078142,87640.7,0.057382,88187.7
588.04,0.0078406,87131.3,0.058374,88123.1
590.09,0.0078678,86631.9,0.059276,88059.1
592.05,0.007894,86223.8,0.059962,88008.0
594.08,0.0079211,85924.3,0.060433,87973.0
596.05,0.0079473,85796.8,0.060616,87963.4
598.08,0.0079743,85835.9,0.060538,87988.9
600.04,0.0080005,86011.6,0.060244,88060.6
602.07,0.0080276,86257.4,0.059839,88169.7
604.04,0.0080538,86508.6,0.059415,88291.1
606.07,0.008081,86755.0,0.058988,88418.3
608.04,0.0081073,86931.0,0.05868,88534.7
610.09,0.0081345,87009.5,0.058549,88646.1
612.06,0.0081608,87071.5,0.058432,88747.5
614.1,0.008188,87061.1,0.058467,88848.0
616.07,0.0082143,86953.2,0.058672,88953.4
618.04,0.0082406,86863.7,0.058831,89081.1
620.09,0.0082678,86945.3,0.05866,89248.9
622.06,0.0082941,87504.8,0.057543,89446.4
624.04,0.0083205,89184.1,0.053751,89644.5
626.05,0.0083473,90848.0,0.049222,89731.8
628.07,0.0083743,91188.0,0.04821,89695.8
630.09,0.0084012,90680.8,0.04983,89591.0
632.1,0.008428,89812.2,0.052325,89465.8
634.1,0.0084547,88836.6,0.054798,89346.4
636.09,0.0084812,87838.7,0.057014,89253.0
638.07,0.0085076,86974.0,0.05869,89204.0
640.04,0.0085338,86396.4,0.059684,89208.7
642.07,0.0085609,86147.9,0.060064,89272.3
644.1,0.0085881,86210.4,0.059936,89391.1
646.07,0.0086143,86456.4,0.059502,89553.1
648.04,0.0086405,87081.4,0.058351,89751.7
650.08,0.0086678,87950.4,0.056602,89976.6
652.07,0.0086943,89203.4,0.053763,90167.3
654.07,0.008721,89976.6,0.051789,90303.3
656.08,0.0087478,90403.6,0.050611,90381.7
658.09,0.0087746,90454.7,0.050485,90410.7
660.04,0.0088005,90287.2,0.050984,90410.3
662.05,0.0088273,90064.6,0.051614,90393.3
664.05,0.008854,89863.8,0.052163,90364.8
666.06,0.0088808,89670.5,0.052679,90327.9
668.06,0.0089074,89526.6,0.053052,90285.3
670.06,0.0089341,89463.0,0.053212,90236.2
672.06,0.0089608,89485.3,0.05315,90175.5
674.06,0.0089875,89546.5,0.052989,90095.2
676.06,0.0090141,89450.2,0.053246,89990.4
678.06,0.0090408,89063.0,0.054224,89877.0
680.05,0.0090674,88671.1,0.055152,89772.5
682.04,0.0090939,88334.8,0.055908,89682.4
684.1,0.0091213,88044.2,0.056533,89607.9
686.08,0.0091477,87826.7,0.056983,89556.7
688.06,0.0091741,87705.6,0.057223,89527.0
690.04,0.0092005,87701.7,0.057221,89515.9
692.09,0.0092278,87841.2,0.056923,89517.3
694.07,0.0092543,88088.8,0.056393,89520.9
696.05,0.0092807,88398.0,0.055717,89514.5
698.04,0.0093072,88707.9,0.055015,89486.2
700.03,0.0093338,88959.4,0.054431,89425.6
702.1,0.0093613,89105.9,0.054086,89322.5
704.1,0.0093879,89028.6,0.054291,89184.2
706.09,0.0094145,88795.9,0.054854,89016.5
708.08,0.0094411,88490.1,0.055561,88827.7
710.07,0.0094675,88172.8,0.05626,88623.4
712.05,0.009494,87858.9,0.056923,88406.8
714.1,0.0095213,87592.2,0.057465,88169.3
716.08,0.0095477,87262.6,0.058111,87929.5
718.05,0.009574,86926.8,0.058738,87683.6
720.02,0.0096003,86580.0,0.059357,87435.6
