stroke_mm,lmin_mm,lmax_mm,p1_gain,p1_gain_rate_limited,p1_gain_quantised,p1_gain_follow,driver_gain,p2_ratio,p2_rpm,failsafe_mm,failsafe_gain,required_speed_mm_s,available_speed_mm_s,max_map_jump_mm,mass_kg,protrusion_mm,feasible_mass,feasible_packaging
0,-80,-80,-0.008344,-0.008344,-0.008344,-0.008344,-0.037654,1.00000,6000,-80,-0.008344,0.0,0.0,0.0,0.000,0.0,true,true
0,-75,-75,-0.006043,-0.006043,-0.006043,-0.006043,-0.034826,1.00000,6000,-75,-0.006043,0.0,0.0,0.0,0.000,0.0,true,true
0,-70,-70,-0.003624,-0.003624,-0.003624,-0.003624,-0.031454,1.00000,6000,-70,-0.003624,0.0,0.0,0.0,0.000,0.0,true,true
0,-65,-65,-0.001078,-0.001078,-0.001078,-0.001078,-0.027769,1.00000,6000,-65,-0.001078,0.0,0.0,0.0,0.000,0.0,true,true
0,-60,-60,0.001188,0.001188,0.001188,0.001188,-0.023931,1.00000,6000,-60,0.001188,0.0,0.0,0.0,0.000,0.0,true,true
0,-55,-55,0.002734,0.002734,0.002734,0.002734,-0.020098,1.00000,6000,-55,0.002734,0.0,0.0,0.0,0.000,0.0,true,true
0,-50,-50,0.003676,0.003676,0.003676,0.003676,-0.016515,1.00000,6000,-50,0.003676,0.0,0.0,0.0,0.000,0.0,true,true
0,-45,-45,0.003964,0.003964,0.003964,0.003964,-0.013457,1.00000,6000,-45,0.003964,0.0,0.0,0.0,0.000,0.0,true,true
0,-40,-40,0.003656,0.003656,0.003656,0.003656,-0.011004,1.00000,6000,-40,0.003656,0.0,0.0,0.0,0.000,0.0,true,true
0,-35,-35,0.002623,0.002623,0.002623,0.002623,-0.009570,1.00000,6000,-35,0.002623,0.0,0.0,0.0,0.000,0.0,true,true
0,-30,-30,0.001377,0.001377,0.001377,0.001377,-0.008440,1.00000,6000,-30,0.001377,0.0,0.0,0.0,0.000,0.0,true,true
0,-25,-25,0.000399,0.000399,0.000399,0.000399,-0.006949,1.00000,6000,-25,0.000399,0.0,0.0,0.0,0.000,0.0,true,true
0,-20,-20,-0.000345,-0.000345,-0.000345,-0.000345,-0.005362,1.00000,6000,-20,-0.000345,0.0,0.0,0.0,0.000,0.0,true,true
0,-15,-15,-0.000706,-0.000706,-0.000706,-0.000706,-0.003628,1.00000,6000,-15,-0.000706,0.0,0.0,0.0,0.000,0.0,true,true
0,-10,-10,-0.000756,-0.000756,-0.000756,-0.000756,-0.002026,1.00000,6000,-10,-0.000756,0.0,0.0,0.0,0.000,0.0,true,true
0,-5,-5,-0.000558,-0.000558,-0.000558,-0.000558,-0.000813,1.00000,6000,-5,-0.000558,0.0,0.0,0.0,0.000,0.0,true,true
0,0,0,0.000000,0.000000,0.000000,0.000000,0.000000,1.00000,6000,0,0.000000,0.0,0.0,0.0,0.000,0.0,true,true
0,5,5,0.001158,0.001158,0.001158,0.001158,0.000361,1.00000,6000,5,0.001158,0.0,0.0,0.0,0.000,5.0,true,true
0,10,10,0.002469,0.002469,0.002469,0.002469,0.000137,1.00000,6000,10,0.002469,0.0,0.0,0.0,0.000,10.0,true,true
0,15,15,0.003526,0.003526,0.003526,0.003526,-0.001015,1.00000,6000,15,0.003526,0.0,0.0,0.0,0.000,15.0,true,true
0,20,20,0.004451,0.004451,0.004451,0.004451,-0.002518,1.00000,6000,20,0.004451,0.0,0.0,0.0,0.000,20.0,true,true
0,25,25,0.005165,0.005165,0.005165,0.005165,-0.003941,1.00000,6000,25,0.005165,0.0,0.0,0.0,0.000,25.0,true,true
0,30,30,0.005863,0.005863,0.005863,0.005863,-0.005194,1.00000,6000,30,0.005863,0.0,0.0,0.0,0.000,30.0,true,true
0,35,35,0.006698,0.006698,0.006698,0.006698,-0.006057,1.00000,6000,35,0.006698,0.0,0.0,0.0,0.000,35.0,true,true
0,40,40,0.007717,0.007717,0.007717,0.007717,-0.006500,1.00000,6000,40,0.007717,0.0,0.0,0.0,0.000,40.0,true,true
0,45,45,0.009089,0.009089,0.009089,0.009089,-0.006345,1.00000,6000,45,0.009089,0.0,0.0,0.0,0.000,45.0,true,true
0,50,50,0.010605,0.010605,0.010605,0.010605,-0.005822,1.00000,6000,50,0.010605,0.0,0.0,0.0,0.000,50.0,true,true
0,55,55,0.012037,0.012037,0.012037,0.012037,-0.005223,1.00000,6000,55,0.012037,0.0,0.0,0.0,0.000,55.0,true,true
0,60,60,0.013602,0.013602,0.013602,0.013602,-0.004184,1.00000,6000,60,0.013602,0.0,0.0,0.0,0.000,60.0,true,true
0,65,65,0.015534,0.015534,0.015534,0.015534,-0.002259,1.00000,6000,65,0.015534,0.0,0.0,0.0,0.000,65.0,true,true
0,70,70,0.017544,0.017544,0.017544,0.017544,0.000017,1.00000,6000,70,0.017544,0.0,0.0,0.0,0.000,70.0,true,true
0,75,75,0.019455,0.019455,0.019455,0.019455,0.002265,1.00000,6000,75,0.019455,0.0,0.0,0.0,0.000,75.0,true,true
0,80,80,0.021165,0.021165,0.021165,0.021165,0.004461,1.00000,6000,80,0.021165,0.0,0.0,0.0,0.000,80.0,true,true
0,85,85,0.022423,0.022423,0.022423,0.022423,0.006285,1.00000,6000,85,0.022423,0.0,0.0,0.0,0.000,85.0,true,true
0,90,90,0.023504,0.023504,0.023504,0.023504,0.008250,1.00000,6000,90,0.023504,0.0,0.0,0.0,0.000,90.0,true,true
0,95,95,0.024754,0.024754,0.024754,0.024754,0.010931,1.00000,6000,95,0.024754,0.0,0.0,0.0,0.000,95.0,true,true
0,100,100,0.025708,0.025708,0.025708,0.025708,0.013819,1.00000,6000,100,0.025708,0.0,0.0,0.0,0.000,100.0,true,true
0,105,105,0.025900,0.025900,0.025900,0.025900,0.016494,1.00000,6000,105,0.025900,0.0,0.0,0.0,0.000,105.0,true,true
0,110,110,0.025679,0.025679,0.025679,0.025679,0.019272,1.00000,6000,110,0.025679,0.0,0.0,0.0,0.000,110.0,true,true
0,115,115,0.025284,0.025284,0.025284,0.025284,0.022380,1.00000,6000,115,0.025284,0.0,0.0,0.0,0.000,115.0,true,true
0,120,120,0.024585,0.024585,0.024585,0.024585,0.025667,1.00000,6000,120,0.024585,0.0,0.0,0.0,0.000,120.0,true,false
0,125,125,0.023449,0.023449,0.023449,0.023449,0.029063,1.00000,6000,125,0.023449,0.0,0.0,0.0,0.000,125.0,true,false
0,130,130,0.022120,0.022120,0.022120,0.022120,0.032548,1.00000,6000,130,0.022120,0.0,0.0,0.0,0.000,130.0,true,false
0,135,135,0.020734,0.020734,0.020734,0.020734,0.036044,1.00000,6000,135,0.020734,0.0,0.0,0.0,0.000,135.0,true,false
0,140,140,0.019478,0.019478,0.019478,0.019478,0.039652,1.00000,6000,140,0.019478,0.0,0.0,0.0,0.000,140.0,true,false
0,145,145,0.018554,0.018554,0.018554,0.018554,0.043435,1.00000,6000,145,0.018554,0.0,0.0,0.0,0.000,145.0,true,false
0,150,150,0.018047,0.018047,0.018047,0.018047,0.047434,1.00000,6000,150,0.018047,0.0,0.0,0.0,0.000,150.0,true,false
0,155,155,0.018259,0.018259,0.018259,0.018259,0.051784,1.00000,6000,155,0.018259,0.0,0.0,0.0,0.000,155.0,true,false
0,160,160,0.018737,0.018737,0.018737,0.018737,0.056266,1.00000,6000,160,0.018737,0.0,0.0,0.0,0.000,160.0,true,false
25,-80,-55,0.013574,0.009513,0.013479,0.007593,-0.013449,0.95172,7250,-55,0.002734,150.0,50.0,25.0,0.519,0.0,true,true
25,-75,-50,0.015063,0.011958,0.015021,0.009507,-0.010484,0.92692,7250,-50,0.003676,150.0,50.0,25.0,0.519,0.0,true,true
25,-70,-45,0.016057,0.012744,0.016025,0.010596,-0.007974,0.93059,6000,-45,0.003964,150.0,50.0,25.0,0.519,0.0,true,true
25,-65,-40,0.017301,0.014069,0.017260,0.013183,-0.005295,0.92951,7000,-45,0.003964,150.0,50.0,25.0,0.519,0.0,true,true
25,-60,-35,0.017720,0.014734,0.017704,0.013540,-0.003519,0.96687,7000,-45,0.003964,150.0,50.0,25.0,0.519,0.0,true,true
25,-55,-30,0.019152,0.015757,0.019126,0.014695,-0.001699,0.93962,6750,-45,0.003964,150.0,50.0,25.0,0.519,0.0,true,true
25,-50,-25,0.019332,0.016426,0.019314,0.014714,-0.000261,0.92198,6750,-45,0.003964,150.0,50.0,25.0,0.519,0.0,true,true
25,-45,-20,0.019778,0.017004,0.019747,0.015856,0.001408,0.95779,6500,-45,0.003964,150.0,50.0,25.0,0.519,0.0,true,true
25,-40,-15,0.019751,0.016446,0.019732,0.015257,0.002992,0.92914,6500,-40,0.003656,150.0,50.0,25.0,0.519,0.0,true,true
25,-35,-10,0.018746,0.015906,0.018728,0.013934,0.004122,0.91923,6500,-35,0.002623,150.0,50.0,25.0,0.519,0.0,true,true
25,-30,-5,0.018096,0.015120,0.018076,0.012911,0.004912,0.95034,6250,-30,0.001377,150.0,50.0,25.0,0.519,0.0,true,true
25,-25,0,0.018158,0.014874,0.018117,0.012432,0.005997,0.92435,6250,-25,0.000399,150.0,50.0,25.0,0.519,0.0,true,true
25,-20,5,0.018315,0.014390,0.018294,0.011449,0.007323,0.91963,6250,5,0.001158,150.0,50.0,25.0,0.519,5.0,true,true
25,-15,10,0.018645,0.015631,0.018586,0.013553,0.008730,0.95263,6000,10,0.002469,150.0,50.0,25.0,0.519,10.0,true,true
25,-10,15,0.019272,0.016050,0.019267,0.013966,0.009877,0.92290,6000,15,0.003526,150.0,50.0,25.0,0.519,15.0,true,true
25,-5,20,0.019824,0.016732,0.019798,0.014167,0.011187,0.91404,6000,20,0.004451,150.0,50.0,25.0,0.519,20.0,true,true
25,0,25,0.019890,0.016944,0.019885,0.015035,0.011902,0.96352,11000,25,0.005165,150.0,50.0,25.0,0.519,25.0,true,true
25,5,30,0.020385,0.017428,0.020360,0.016605,0.012409,0.96719,10750,30,0.005863,150.0,50.0,25.0,0.519,30.0,true,true
25,10,35,0.020962,0.017746,0.020943,0.017061,0.012524,0.96270,10750,35,0.006698,150.0,50.0,25.0,0.519,35.0,true,true
25,15,40,0.021624,0.018369,0.021607,0.018262,0.012234,0.96891,10500,40,0.007717,150.0,50.0,25.0,0.519,40.0,true,true
25,20,45,0.022434,0.019707,0.022407,0.018825,0.012024,0.96623,10500,45,0.009089,150.0,50.0,25.0,0.519,45.0,true,true
25,25,50,0.023464,0.020771,0.023449,0.020150,0.012279,0.96792,10250,50,0.010605,150.0,50.0,25.0,0.519,50.0,true,true
25,30,55,0.024219,0.021511,0.024189,0.021093,0.012289,0.96519,10250,55,0.012037,150.0,50.0,25.0,0.519,55.0,true,true
25,35,60,0.025343,0.022967,0.025333,0.023170,0.013009,0.97178,10000,60,0.013602,150.0,50.0,25.0,0.519,60.0,true,true
25,40,65,0.026785,0.024378,0.026768,0.023078,0.014391,0.96856,10000,65,0.015534,150.0,50.0,25.0,0.519,65.0,true,true
25,45,70,0.028372,0.026279,0.028369,0.026306,0.016142,0.97493,9750,70,0.017544,150.0,50.0,25.0,0.519,70.0,true,true
25,50,75,0.030428,0.028065,0.030402,0.027611,0.018252,0.97182,9750,75,0.019455,150.0,50.0,25.0,0.519,75.0,true,true
25,55,80,0.032113,0.030265,0.032111,0.029887,0.019805,0.98203,9500,80,0.021165,150.0,50.0,25.0,0.519,80.0,true,true
25,60,85,0.034221,0.031887,0.034193,0.031662,0.021861,0.97698,9500,85,0.022423,150.0,50.0,25.0,0.519,85.0,true,true
25,65,90,0.036065,0.034289,0.036065,0.033464,0.023337,0.97288,9750,90,0.023504,150.0,50.0,25.0,0.519,90.0,true,true
25,70,95,0.038528,0.036550,0.038515,0.036249,0.025584,0.98079,9500,95,0.024754,150.0,50.0,25.0,0.519,95.0,true,true
25,75,100,0.040808,0.039064,0.040807,0.037625,0.027807,0.97657,9500,100,0.025708,150.0,50.0,25.0,0.519,100.0,true,true
25,80,105,0.042524,0.040957,0.042512,0.040451,0.029591,0.98453,9250,104,0.025909,150.0,50.0,25.0,0.519,105.0,true,true
25,85,110,0.044223,0.042379,0.044221,0.042155,0.031916,0.98137,9250,104,0.025909,150.0,50.0,25.0,0.519,110.0,true,true
25,90,115,0.045675,0.044186,0.045660,0.043404,0.034372,0.97739,9250,104,0.025909,150.0,50.0,25.0,0.519,115.0,true,true
25,95,120,0.047204,0.045650,0.047201,0.045486,0.037395,0.98694,9000,104,0.025909,150.0,50.0,25.0,0.519,120.0,true,false
25,100,125,0.048397,0.046759,0.048391,0.046283,0.040404,0.98133,8750,104,0.025909,150.0,50.0,25.0,0.519,125.0,true,false
25,105,130,0.049145,0.047643,0.049126,0.046493,0.043429,0.97577,8750,105,0.025900,150.0,50.0,25.0,0.519,130.0,true,false
25,110,135,0.049778,0.047819,0.049778,0.047874,0.046748,0.98444,8750,110,0.025679,150.0,50.0,25.0,0.519,135.0,true,false
25,115,140,0.049856,0.047892,0.049850,0.047352,0.049679,0.98030,8500,115,0.025284,150.0,50.0,25.0,0.519,140.0,true,false
25,120,145,0.049617,0.047805,0.049617,0.047030,0.052897,0.98625,8500,120,0.024585,150.0,50.0,25.0,0.519,145.0,true,false
25,125,150,0.049208,0.047259,0.049199,0.046520,0.056705,0.97898,8250,125,0.023449,150.0,50.0,25.0,0.519,150.0,true,false
25,130,155,0.048216,0.046166,0.048216,0.045526,0.060149,0.97196,8250,130,0.022120,150.0,50.0,25.0,0.519,155.0,true,false
25,135,160,0.047600,0.044497,0.047595,0.044750,0.064617,0.97904,8000,135,0.020734,150.0,50.0,25.0,0.519,160.0,true,false
50,-80,-30,0.025072,0.021124,0.024964,0.018754,0.002082,0.90996,7000,-45,0.003964,300.0,100.0,50.0,0.695,0.0,true,true
50,-75,-25,0.026321,0.022086,0.026258,0.021084,0.003640,0.92385,6750,-45,0.003964,300.0,100.0,50.0,0.695,0.0,true,true
50,-70,-20,0.027744,0.022896,0.027702,0.021317,0.005436,0.90976,6750,-45,0.003964,300.0,100.0,50.0,0.695,0.0,true,true
50,-65,-15,0.028596,0.024568,0.028532,0.023469,0.007404,0.93473,6500,-45,0.003964,300.0,100.0,50.0,0.695,0.0,true,true
50,-60,-10,0.030586,0.026044,0.030559,0.023872,0.009344,0.91475,6500,-45,0.003964,300.0,100.0,50.0,0.695,0.0,true,true
50,-55,-5,0.031032,0.028205,0.030960,0.024215,0.010772,0.90722,6500,-45,0.003964,300.0,100.0,50.0,0.695,0.0,true,true
50,-50,0,0.031473,0.029698,0.031447,0.026327,0.012102,0.92529,6250,-45,0.003964,300.0,100.0,50.0,0.695,0.0,true,true
50,-45,5,0.032066,0.028274,0.031984,0.024502,0.013547,0.91180,6250,-45,0.003964,300.0,100.0,50.0,0.695,5.0,true,true
50,-40,10,0.032071,0.029122,0.032052,0.024253,0.014779,0.90211,6250,-40,0.003656,300.0,100.0,50.0,0.695,10.0,true,true
50,-35,15,0.032134,0.027131,0.032066,0.024640,0.015362,0.90859,11750,15,0.003526,300.0,100.0,50.0,0.695,15.0,true,true
50,-30,20,0.032586,0.027080,0.032573,0.023939,0.016151,0.90790,6000,20,0.004451,300.0,100.0,50.0,0.695,20.0,true,true
50,-25,25,0.032427,0.027089,0.032361,0.024261,0.017154,0.89970,6000,25,0.005165,300.0,100.0,50.0,0.695,25.0,true,true
50,-20,30,0.032862,0.027148,0.032849,0.026859,0.018664,0.91937,11250,30,0.005863,300.0,100.0,50.0,0.695,30.0,true,true
50,-15,35,0.032632,0.027258,0.032567,0.026777,0.020415,0.91495,11250,35,0.006698,300.0,100.0,50.0,0.695,35.0,true,true
50,-10,40,0.033182,0.027609,0.033171,0.027186,0.021980,0.91823,11000,40,0.007717,300.0,100.0,50.0,0.695,40.0,true,true
50,-5,45,0.033567,0.027962,0.033527,0.027536,0.023837,0.92741,10750,45,0.009089,300.0,100.0,50.0,0.695,45.0,true,true
50,0,50,0.034477,0.028974,0.034459,0.028702,0.025104,0.91878,10750,50,0.010605,300.0,100.0,50.0,0.695,50.0,true,true
50,5,55,0.034905,0.029735,0.034879,0.029311,0.025651,0.93112,10500,55,0.012037,300.0,100.0,50.0,0.695,55.0,true,true
50,10,60,0.036097,0.030998,0.036072,0.030787,0.026783,0.92317,10500,60,0.013602,300.0,100.0,50.0,0.695,60.0,true,true
50,15,65,0.036982,0.031948,0.036961,0.031757,0.027689,0.93118,10250,65,0.015534,300.0,100.0,50.0,0.695,65.0,true,true
50,20,70,0.038456,0.033128,0.038446,0.033152,0.029805,0.92200,10250,70,0.017544,300.0,100.0,50.0,0.695,70.0,true,true
50,25,75,0.039724,0.034591,0.039717,0.034602,0.031195,0.93673,10000,75,0.019455,300.0,100.0,50.0,0.695,75.0,true,true
50,30,80,0.041491,0.036272,0.041465,0.036187,0.033553,0.92717,10000,80,0.021165,300.0,100.0,50.0,0.695,80.0,true,true
50,35,85,0.042343,0.037643,0.042336,0.037525,0.034127,0.94241,9750,85,0.022423,300.0,100.0,50.0,0.695,85.0,true,true
50,40,90,0.044486,0.039265,0.044470,0.039351,0.036609,0.92962,9750,90,0.023504,300.0,100.0,50.0,0.695,90.0,true,true
50,45,95,0.046388,0.041535,0.046385,0.041593,0.038005,0.92115,9750,95,0.024754,300.0,100.0,50.0,0.695,95.0,true,true
50,50,100,0.049042,0.044121,0.049025,0.044023,0.040238,0.94065,9500,100,0.025708,300.0,100.0,50.0,0.695,100.0,true,true
50,55,105,0.051445,0.046811,0.051443,0.046414,0.042183,0.93022,9500,104,0.025909,300.0,100.0,50.0,0.695,105.0,true,true
50,60,110,0.053653,0.049253,0.053638,0.049484,0.043823,0.95222,9500,104,0.025909,300.0,100.0,50.0,0.695,110.0,true,true
50,65,115,0.056581,0.052408,0.056577,0.051737,0.046750,0.94069,9250,104,0.025909,300.0,100.0,50.0,0.695,115.0,true,true
50,70,120,0.059118,0.055227,0.059100,0.054305,0.049035,0.93129,9250,104,0.025909,300.0,100.0,50.0,0.695,120.0,true,false
50,75,125,0.061699,0.057810,0.061684,0.057596,0.051524,0.95120,9250,104,0.025909,300.0,100.0,50.0,0.695,125.0,true,false
50,80,130,0.064307,0.060552,0.064297,0.059810,0.054242,0.94664,9000,104,0.025909,300.0,100.0,50.0,0.695,130.0,true,false
50,85,135,0.066460,0.062760,0.066441,0.062879,0.056453,0.95857,9000,104,0.025909,300.0,100.0,50.0,0.695,135.0,true,false
50,90,140,0.068817,0.065193,0.068811,0.064644,0.059375,0.95238,8750,104,0.025909,300.0,100.0,50.0,0.695,140.0,true,false
50,95,145,0.070519,0.067233,0.070505,0.065627,0.061816,0.94474,8750,104,0.025909,300.0,100.0,50.0,0.695,145.0,true,false
50,100,150,0.072442,0.068760,0.072436,0.068852,0.065242,0.95998,8500,104,0.025909,300.0,100.0,50.0,0.695,150.0,true,false
50,105,155,0.073536,0.070014,0.073522,0.069227,0.068243,0.95053,8500,105,0.025900,300.0,100.0,50.0,0.695,155.0,true,false
50,110,160,0.074538,0.070632,0.074538,0.070868,0.071919,0.95711,8250,110,0.025679,300.0,100.0,50.0,0.695,160.0,true,false
75,-80,-5,0.033930,0.030753,0.033894,0.027090,0.012693,0.90368,6500,-45,0.003964,390.0,150.0,65.0,0.860,0.0,true,true
75,-75,0,0.034983,0.032567,0.034913,0.028706,0.014797,0.92301,6250,-45,0.003964,420.0,150.0,70.0,0.860,0.0,true,true
75,-70,5,0.036359,0.033672,0.036325,0.029042,0.016330,0.90900,6250,-45,0.003964,432.0,150.0,72.0,0.860,5.0,true,true
75,-65,10,0.037418,0.034358,0.037338,0.030484,0.017989,0.90220,6250,-45,0.003964,426.0,150.0,71.0,0.860,10.0,true,true
75,-60,15,0.038363,0.036353,0.038336,0.034158,0.019444,0.92214,6000,-45,0.003964,444.0,150.0,74.0,0.860,15.0,true,true
75,-55,20,0.039176,0.037455,0.039091,0.034505,0.020570,0.90058,6000,20,0.004451,450.0,150.0,75.0,0.860,20.0,true,true
75,-50,25,0.039907,0.037727,0.039881,0.033326,0.022550,0.89591,6000,25,0.005165,450.0,150.0,75.0,0.860,25.0,true,true
75,-45,30,0.040020,0.036442,0.039934,0.035990,0.024078,0.91832,12000,30,0.005863,450.0,150.0,75.0,0.860,30.0,true,true
75,-40,35,0.040305,0.034922,0.040286,0.034107,0.025342,0.90785,11750,35,0.006698,432.0,150.0,72.0,0.860,35.0,true,true
75,-35,40,0.040641,0.035170,0.040568,0.034637,0.026789,0.90940,11500,40,0.007717,450.0,150.0,75.0,0.860,40.0,true,true
75,-30,45,0.041053,0.035529,0.041033,0.035416,0.027824,0.91418,11500,45,0.009089,432.0,150.0,72.0,0.860,45.0,true,true
75,-25,50,0.041739,0.036278,0.041667,0.035974,0.029497,0.91402,11250,50,0.010605,450.0,150.0,75.0,0.860,50.0,true,true
75,-20,55,0.042312,0.037147,0.042269,0.036013,0.030871,0.90446,11000,55,0.012037,432.0,150.0,72.0,0.860,55.0,true,true
75,-15,60,0.043006,0.037448,0.042940,0.037162,0.032506,0.91498,11000,60,0.013602,402.0,150.0,67.0,0.860,60.0,true,true
75,-10,65,0.043912,0.038655,0.043892,0.037855,0.034356,0.90693,10750,65,0.015534,450.0,150.0,75.0,0.860,65.0,true,true
75,-5,70,0.045133,0.039945,0.045100,0.039723,0.036335,0.91925,10750,70,0.017544,450.0,150.0,75.0,0.860,70.0,true,true
75,0,75,0.046494,0.040899,0.046465,0.040346,0.038415,0.90882,10500,75,0.019455,426.0,150.0,71.0,0.860,75.0,true,true
75,5,80,0.047715,0.042854,0.047692,0.041226,0.039983,0.89934,10250,80,0.021165,450.0,150.0,75.0,0.860,80.0,true,true
75,10,85,0.049258,0.044014,0.049221,0.043317,0.041824,0.90362,10250,85,0.022423,438.0,150.0,73.0,0.860,85.0,true,true
75,15,90,0.050302,0.045203,0.050286,0.044954,0.042872,0.91495,10250,90,0.023504,396.0,150.0,66.0,0.860,90.0,true,true
75,20,95,0.052216,0.046701,0.052196,0.045261,0.045239,0.90303,10000,95,0.024754,450.0,150.0,75.0,0.860,95.0,true,true
75,25,100,0.054021,0.048944,0.054013,0.047291,0.046906,0.90204,9750,100,0.025708,450.0,150.0,75.0,0.860,100.0,true,true
75,30,105,0.056385,0.050409,0.056370,0.049644,0.049316,0.89638,9750,104,0.025909,450.0,150.0,75.0,0.860,105.0,true,true
75,35,110,0.058283,0.052622,0.058275,0.051555,0.050972,0.89989,9750,104,0.025909,450.0,150.0,75.0,0.860,110.0,true,true
75,40,115,0.061196,0.055465,0.061173,0.051976,0.053929,0.90137,9500,104,0.025909,450.0,150.0,75.0,0.860,115.0,true,true
75,45,120,0.063976,0.058244,0.063972,0.058021,0.056542,0.89713,9500,104,0.025909,450.0,150.0,75.0,0.860,120.0,true,false
75,50,125,0.066843,0.061376,0.066828,0.060742,0.058900,0.91081,9250,104,0.025909,450.0,150.0,75.0,0.860,125.0,true,false
75,55,130,0.070275,0.064683,0.070255,0.064252,0.062003,0.89929,9250,104,0.025909,450.0,150.0,75.0,0.860,130.0,true,false
75,60,135,0.073236,0.067952,0.073222,0.067712,0.064017,0.89737,9250,104,0.025909,450.0,150.0,75.0,0.860,135.0,true,false
75,65,140,0.076690,0.071112,0.076680,0.070572,0.066793,0.91529,9000,104,0.025909,450.0,150.0,75.0,0.860,140.0,true,false
75,70,145,0.079969,0.074421,0.079958,0.073748,0.069424,0.90267,9000,104,0.025909,450.0,150.0,75.0,0.860,145.0,true,false
75,75,150,0.082797,0.077579,0.082783,0.076435,0.071540,0.92995,9000,104,0.025909,450.0,150.0,75.0,0.860,150.0,true,false
75,80,155,0.085954,0.080668,0.085944,0.079155,0.074566,0.91611,8750,104,0.025909,450.0,150.0,75.0,0.860,155.0,true,false
75,85,160,0.088347,0.083429,0.088333,0.081374,0.076922,0.90469,8750,104,0.025909,450.0,150.0,75.0,0.860,160.0,true,false
100,-80,20,0.041021,0.039598,0.040985,0.037019,0.021082,0.91170,6000,20,0.004451,486.0,200.0,81.0,1.020,20.0,true,true
100,-75,25,0.041941,0.040216,0.041861,0.036773,0.022930,0.89970,6000,25,0.005165,516.0,200.0,86.0,1.020,25.0,true,true
100,-70,30,0.042810,0.041077,0.042778,0.036592,0.024838,0.89965,6000,30,0.005863,546.0,200.0,91.0,1.020,30.0,true,true
100,-65,35,0.043804,0.042255,0.043722,0.036631,0.026873,0.91548,6000,35,0.006698,576.0,200.0,96.0,1.020,35.0,true,true
100,-60,40,0.044736,0.043108,0.044709,0.041389,0.028801,0.95979,8000,40,0.007717,600.0,200.0,100.0,1.020,40.0,true,true
100,-55,45,0.045712,0.043622,0.045618,0.039460,0.031023,0.90000,12000,45,0.009089,600.0,200.0,100.0,1.020,45.0,true,true
100,-50,50,0.046661,0.044235,0.046635,0.039633,0.033062,0.90648,12000,50,0.010605,600.0,200.0,100.0,1.020,50.0,true,true
100,-45,55,0.047125,0.043202,0.047035,0.039623,0.034320,0.89702,11750,55,0.012037,600.0,200.0,100.0,1.020,55.0,true,true
100,-40,60,0.048074,0.041684,0.048054,0.039207,0.036323,0.89505,11500,60,0.013602,600.0,200.0,100.0,1.020,60.0,true,true
100,-35,65,0.049036,0.042333,0.048964,0.039220,0.037735,0.90025,11500,65,0.015534,600.0,200.0,100.0,1.020,65.0,true,true
100,-30,70,0.050092,0.043354,0.050074,0.041494,0.039349,0.89785,11250,70,0.017544,600.0,200.0,100.0,1.020,70.0,true,true
100,-25,75,0.051397,0.044374,0.051333,0.042041,0.041640,0.90375,11250,75,0.019455,600.0,200.0,100.0,1.020,75.0,true,true
100,-20,80,0.052709,0.045776,0.052691,0.042113,0.043578,0.89829,11000,80,0.021165,600.0,200.0,100.0,1.020,80.0,true,true
100,-15,85,0.053731,0.047128,0.053667,0.045505,0.045400,0.90022,10750,85,0.022423,600.0,200.0,100.0,1.020,85.0,true,true
100,-10,90,0.055017,0.048188,0.055004,0.045501,0.047024,0.90151,10750,90,0.023504,600.0,200.0,100.0,1.020,90.0,true,true
100,-5,95,0.056517,0.050066,0.056486,0.046298,0.048878,0.90609,10500,95,0.024754,600.0,200.0,100.0,1.020,95.0,true,true
100,0,100,0.058457,0.051862,0.058444,0.049829,0.050749,0.90335,10500,100,0.025708,600.0,200.0,100.0,1.020,100.0,true,true
100,5,105,0.060003,0.053322,0.059980,0.050944,0.052225,0.90261,10250,104,0.025909,600.0,200.0,100.0,1.020,105.0,true,true
100,10,110,0.061979,0.054748,0.061955,0.054122,0.054301,0.89988,10250,104,0.025909,600.0,200.0,100.0,1.020,110.0,true,true
100,15,115,0.063905,0.057167,0.063886,0.055980,0.056060,0.90499,10000,104,0.025909,600.0,200.0,100.0,1.020,115.0,true,true
100,20,120,0.066252,0.059482,0.066231,0.053039,0.058738,0.90144,10000,104,0.025909,600.0,200.0,100.0,1.020,120.0,true,false
100,25,125,0.068768,0.062747,0.068747,0.058191,0.061249,0.90013,9500,104,0.025909,600.0,200.0,100.0,1.020,125.0,true,false
100,30,130,0.071636,0.066446,0.071621,0.062724,0.063879,0.92261,9250,104,0.025909,600.0,200.0,100.0,1.020,130.0,true,false
100,35,135,0.075005,0.069846,0.074980,0.066374,0.066863,0.90161,9250,104,0.025909,600.0,200.0,100.0,1.020,135.0,true,false
100,40,140,0.078352,0.073149,0.078337,0.072110,0.069351,0.89121,9250,104,0.025909,600.0,200.0,100.0,1.020,140.0,true,false
100,45,145,0.081721,0.076349,0.081706,0.074934,0.071850,0.91427,9000,104,0.025909,600.0,200.0,100.0,1.020,145.0,true,false
100,50,150,0.085494,0.079932,0.085479,0.078232,0.074913,0.89312,9000,104,0.025909,600.0,200.0,100.0,1.020,150.0,true,false
100,55,155,0.088875,0.083308,0.088860,0.081674,0.077342,0.88309,9000,104,0.025909,600.0,200.0,100.0,1.020,155.0,true,false
100,60,160,0.092224,0.087162,0.092211,0.084461,0.079745,0.90978,8750,104,0.025909,600.0,200.0,100.0,1.020,160.0,true,false
125,-80,45,0.047208,0.045595,0.047177,0.041701,0.031023,0.93309,6000,45,0.009089,582.0,250.0,97.0,1.176,45.0,true,true
125,-75,50,0.048166,0.046236,0.048080,0.043803,0.033114,0.94791,7750,50,0.010605,612.0,250.0,102.0,1.176,50.0,true,true
125,-70,55,0.048847,0.047053,0.048818,0.043681,0.034714,0.93812,7750,55,0.012037,642.0,250.0,107.0,1.176,55.0,true,true
125,-65,60,0.049766,0.047743,0.049684,0.046163,0.036627,0.96053,7750,60,0.013602,660.0,250.0,110.0,1.176,60.0,true,true
125,-60,65,0.050986,0.048779,0.050957,0.046474,0.039026,0.94735,7500,65,0.015534,636.0,250.0,106.0,1.176,65.0,true,true
125,-55,70,0.052071,0.049577,0.051982,0.044734,0.041268,0.91931,12000,70,0.017544,666.0,250.0,111.0,1.176,70.0,true,true
125,-50,75,0.053227,0.050260,0.053203,0.044526,0.043454,0.90684,11250,75,0.019455,648.0,250.0,108.0,1.176,75.0,true,true
125,-45,80,0.054827,0.050161,0.054743,0.044866,0.045993,0.90043,11250,80,0.021165,678.0,250.0,113.0,1.176,80.0,true,true
125,-40,85,0.056188,0.049668,0.056169,0.045342,0.047835,0.90183,11000,85,0.022423,690.0,250.0,115.0,1.176,85.0,true,true
125,-35,90,0.057205,0.050556,0.057132,0.045569,0.049152,0.89951,11000,90,0.023504,720.0,250.0,120.0,1.176,90.0,true,true
125,-30,95,0.058978,0.052142,0.058955,0.048614,0.050996,0.90512,10750,95,0.024754,684.0,250.0,114.0,1.176,95.0,true,true
125,-25,100,0.060891,0.054177,0.060831,0.048907,0.052994,0.89775,10750,100,0.025708,714.0,250.0,119.0,1.176,100.0,true,true
125,-20,105,0.062456,0.055580,0.062428,0.050113,0.054657,0.90564,10500,104,0.025909,744.0,250.0,124.0,1.176,105.0,true,true
125,-15,110,0.064231,0.056992,0.064176,0.054341,0.056310,0.91117,10250,104,0.025909,696.0,250.0,116.0,1.176,110.0,true,true
125,-10,115,0.066519,0.059179,0.066501,0.055199,0.058398,0.90642,10250,104,0.025909,726.0,250.0,121.0,1.176,115.0,true,true
125,-5,120,0.068592,0.061165,0.068566,0.055643,0.060338,0.89789,10250,104,0.025909,750.0,250.0,125.0,1.176,120.0,true,false
125,0,125,0.070506,0.063804,0.070488,0.058875,0.062246,0.87708,10000,104,0.025909,750.0,250.0,125.0,1.176,125.0,true,false
125,5,130,0.073268,0.066620,0.073235,0.061219,0.064692,0.89371,9750,104,0.025909,750.0,250.0,125.0,1.176,130.0,true,false
125,10,135,0.076176,0.070299,0.076151,0.061160,0.067165,0.87912,9750,104,0.025909,750.0,250.0,125.0,1.176,135.0,true,false
125,15,140,0.078928,0.073794,0.078908,0.072961,0.069779,0.89405,9250,104,0.025909,696.0,250.0,116.0,1.176,140.0,true,false
125,20,145,0.082220,0.077097,0.082199,0.075555,0.072221,0.89009,9250,104,0.025909,726.0,250.0,121.0,1.176,145.0,true,false
125,25,150,0.085847,0.080681,0.085827,0.078107,0.075210,0.89397,9000,104,0.025909,750.0,250.0,125.0,1.176,150.0,true,false
125,30,155,0.089193,0.084155,0.089178,0.082500,0.077862,0.88912,9000,104,0.025909,690.0,250.0,115.0,1.176,155.0,true,false
125,35,160,0.092590,0.087835,0.092569,0.085642,0.080312,0.88331,9000,104,0.025909,720.0,250.0,120.0,1.176,160.0,true,false
150,-80,70,0.053470,0.051944,0.053437,0.049530,0.041268,0.92997,7500,70,0.017544,666.0,300.0,111.0,1.328,70.0,true,true
150,-75,75,0.054500,0.052987,0.054420,0.052410,0.043478,0.96177,7250,75,0.019455,630.0,300.0,105.0,1.328,75.0,true,true
150,-70,80,0.055879,0.054314,0.055856,0.048555,0.046125,0.88937,11500,80,0.021165,882.0,300.0,147.0,1.328,80.0,true,true
150,-65,85,0.057111,0.055064,0.057031,0.043966,0.048128,0.88528,11750,85,0.022423,900.0,300.0,150.0,1.328,85.0,true,true
150,-60,90,0.058299,0.056002,0.058272,0.046291,0.049925,0.89349,12000,90,0.023504,900.0,300.0,150.0,1.328,90.0,true,true
150,-55,95,0.060124,0.057331,0.060050,0.049784,0.052306,0.88833,11000,95,0.024754,900.0,300.0,150.0,1.328,95.0,true,true
150,-50,100,0.062028,0.058296,0.062006,0.052452,0.054571,0.90810,10750,100,0.025708,900.0,300.0,150.0,1.328,100.0,true,true
150,-45,105,0.063450,0.058238,0.063376,0.053486,0.056283,0.92312,10500,104,0.025909,894.0,300.0,149.0,1.328,105.0,true,true
150,-40,110,0.065328,0.060167,0.065310,0.056312,0.058104,0.90375,10500,104,0.025909,900.0,300.0,150.0,1.328,110.0,true,true
150,-35,115,0.067490,0.062000,0.067425,0.058485,0.059986,0.93112,10250,104,0.025909,900.0,300.0,150.0,1.328,115.0,true,true
150,-30,120,0.069619,0.063705,0.069602,0.058269,0.061989,0.90173,10250,104,0.025909,900.0,300.0,150.0,1.328,120.0,true,false
150,-25,125,0.071633,0.066027,0.071586,0.063381,0.064091,0.92869,10000,104,0.025909,900.0,300.0,150.0,1.328,125.0,true,false
150,-20,130,0.074255,0.068574,0.074237,0.063496,0.066308,0.89567,10000,104,0.025909,900.0,300.0,150.0,1.328,130.0,true,false
150,-15,135,0.076970,0.072020,0.076924,0.065624,0.068464,0.93227,9750,104,0.025909,900.0,300.0,150.0,1.328,135.0,true,false
150,-10,140,0.079716,0.074944,0.079699,0.067505,0.070670,0.90136,9750,104,0.025909,900.0,300.0,150.0,1.328,140.0,true,false
150,-5,145,0.082335,0.077784,0.082311,0.076401,0.072409,0.94079,9500,104,0.025909,900.0,300.0,150.0,1.328,145.0,true,false
150,0,150,0.085851,0.081248,0.085836,0.078995,0.075210,0.88890,9000,104,0.025909,756.0,300.0,126.0,1.328,150.0,true,false
150,5,155,0.089283,0.084765,0.089259,0.081356,0.077862,0.88259,9000,104,0.025909,786.0,300.0,131.0,1.328,155.0,true,false
150,10,160,0.092595,0.088237,0.092579,0.086162,0.080312,0.87829,9000,104,0.025909,816.0,300.0,136.0,1.328,160.0,true,false
175,-80,95,0.060630,0.058979,0.060607,0.054003,0.052306,0.90008,11000,95,0.024754,1050.0,350.0,175.0,1.479,95.0,true,true
175,-75,100,0.062244,0.060428,0.062171,0.048812,0.054595,0.88324,11500,100,0.025708,996.0,350.0,166.0,1.479,100.0,true,true
175,-70,105,0.063670,0.061413,0.063637,0.051051,0.056378,0.88558,10750,104,0.025909,960.0,350.0,160.0,1.479,105.0,true,true
175,-65,110,0.065456,0.062606,0.065383,0.054376,0.058146,0.88537,10500,104,0.025909,924.0,350.0,154.0,1.479,110.0,true,true
175,-60,115,0.067701,0.063425,0.067680,0.056984,0.060219,0.91211,12000,104,0.025909,930.0,350.0,155.0,1.479,115.0,true,true
175,-55,120,0.070005,0.065450,0.069930,0.059132,0.062543,0.90434,10250,104,0.025909,960.0,350.0,160.0,1.479,120.0,true,false
175,-50,125,0.071775,0.067023,0.071757,0.063753,0.064322,0.90191,10250,104,0.025909,990.0,350.0,165.0,1.479,125.0,true,false
175,-45,130,0.074386,0.069737,0.074332,0.064845,0.066521,0.89079,10000,104,0.025909,948.0,350.0,158.0,1.479,130.0,true,false
175,-40,135,0.077095,0.073060,0.077077,0.065383,0.068669,0.88746,10000,104,0.025909,978.0,350.0,163.0,1.479,135.0,true,false
175,-35,140,0.079871,0.076000,0.079820,0.067436,0.070923,0.89642,9750,104,0.025909,948.0,350.0,158.0,1.479,140.0,true,false
175,-30,145,0.082506,0.078805,0.082488,0.074087,0.072689,0.89364,9750,104,0.025909,978.0,350.0,163.0,1.479,145.0,true,false
175,-25,150,0.085859,0.081921,0.085821,0.075348,0.075223,0.89426,9000,104,0.025909,948.0,350.0,158.0,1.479,150.0,true,false
175,-20,155,0.089283,0.085438,0.089268,0.081861,0.077862,0.88710,9000,104,0.025909,786.0,350.0,131.0,1.479,155.0,true,false
175,-15,160,0.092595,0.088951,0.092570,0.086682,0.080312,0.88359,9000,104,0.025909,816.0,350.0,136.0,1.479,160.0,true,false
