variant,rpm,ve_del,ve_trap_fresh,res_frac,p_plenum,egt_massavg,imep,bt,P_kW
RT,4000,0.86237,0.82143,0.0801,101450,1071.5,11.151,47.982,20.09865
RT,4250,0.91937,0.84928,0.0887,101219,1059.9,11.639,50.127,22.30947
RT,4500,0.86663,0.83473,0.0761,101097,1087.6,11.43,48.947,23.06573
RT,4750,0.79191,0.802,0.0599,101561,1119.8,10.961,46.524,23.14191
RT,5000,0.7784,0.78584,0.0599,101889,1127.0,10.825,45.689,23.9227
RT,5100,0.79449,0.79453,0.0634,101865,1123.2,10.954,46.23,24.69009
RT,5200,0.818,0.81491,0.0623,101681,1122.9,11.256,47.594,25.91697
RT,5250,0.83545,0.82533,0.0641,101541,1118.0,11.414,48.311,26.56036
RT,5300,0.87064,0.84315,0.0711,101261,1105.1,11.702,49.647,27.55481
RT,5400,0.88293,0.84762,0.0741,101046,1098.5,11.79,49.992,28.26981
RT,5500,0.90671,0.85743,0.0769,100882,1093.1,11.937,50.616,29.15272
RT,5600,0.9041,0.85245,0.0781,100831,1092.9,11.853,50.14,29.40363
RT,5700,0.90714,0.84291,0.0859,100779,1086.3,11.711,49.387,29.47923
RT,5750,0.90965,0.83573,0.0909,100707,1081.0,11.616,48.895,29.44157
RT,5800,0.91601,0.83159,0.0962,100665,1076.0,11.55,48.545,29.485
RT,5900,0.92165,0.83134,0.1002,100688,1072.7,11.553,48.479,29.95258
RT,6000,0.9412,0.84232,0.1043,100673,1067.9,11.716,49.182,30.90196
RT,6100,0.96525,0.86862,0.1033,100648,1075.6,12.074,50.812,32.45822
RT,6200,0.9915,0.89626,0.1024,100635,1082.6,12.497,52.753,34.25054
RT,6250,1.0041,0.90763,0.1025,100687,1085.3,12.676,53.571,35.06214
RT,6300,1.00844,0.91403,0.1007,100678,1088.0,12.782,54.039,35.65139
RT,6400,1.00518,0.91627,0.0946,100658,1094.5,12.832,54.199,36.32452
RT,6500,0.99086,0.90742,0.0909,100590,1098.6,12.715,53.565,36.46054
RT,6600,0.98164,0.90138,0.0891,100487,1100.3,12.631,53.086,36.69041
RT,6700,0.97973,0.8977,0.0901,100401,1100.9,12.581,52.774,37.02742
RT,6750,0.98228,0.89811,0.0909,100371,1102.3,12.577,52.716,37.26274
RT,6800,0.98281,0.89903,0.0908,100341,1104.2,12.573,52.654,37.49462
RT,6900,0.99615,0.88652,0.0978,100262,1088.1,12.394,51.725,37.37474
RT,7000,0.97943,0.89313,0.091,100167,1108.4,12.436,51.848,38.00657
RT,7100,0.98586,0.88319,0.0945,100083,1100.5,12.341,51.319,38.1562
RT,7200,0.97142,0.89856,0.0828,100054,1122.8,12.461,51.81,39.06382
RT,7250,0.96897,0.90021,0.0805,100044,1128.4,12.385,51.411,39.03217
RT,7300,0.96917,0.90309,0.0786,100042,1135.6,12.445,51.659,39.49094
RT,7400,0.9701,0.90929,0.0754,100011,1144.4,12.521,51.941,40.25044
RT,7500,0.9719,0.91246,0.0744,99938,1146.1,12.559,52.043,40.87448
RT,7600,0.97145,0.91451,0.0732,99824,1152.6,12.564,51.99,41.37729
RT,7700,0.97419,0.91434,0.074,99691,1154.5,12.511,51.658,41.65402
RT,7750,0.97355,0.91553,0.0731,99627,1158.1,12.493,51.532,41.82224
RT,7800,0.97319,0.91713,0.0723,99559,1161.6,12.486,51.462,42.03489
RT,7900,0.97162,0.91889,0.0709,99399,1169.7,12.423,51.081,42.2586
RT,8000,0.97257,0.92635,0.0673,99221,1181.8,12.443,51.096,42.80608
RT,8100,0.98057,0.93672,0.0646,98964,1189.7,12.513,51.351,43.55746
RT,8200,0.98506,0.94766,0.0592,98745,1198.7,12.612,51.748,44.43611
RT,8250,0.98479,0.95018,0.0572,98632,1202.1,12.628,51.78,44.73471
RT,8300,0.98294,0.9517,0.0554,98499,1206.8,12.631,51.759,44.98758
RT,8400,0.9777,0.95455,0.0513,98228,1215.2,12.64,51.721,45.49617
RT,8500,0.97595,0.96034,0.0481,97997,1223.3,12.688,51.871,46.17131
RT,8600,0.97491,0.96818,0.0448,97762,1234.2,12.726,51.972,46.80546
RT,8700,0.97884,0.97703,0.0433,97537,1241.1,12.823,52.351,47.695
RT,8750,0.98112,0.98146,0.0426,97434,1244.2,12.868,52.53,48.13313
RT,8800,0.98189,0.98431,0.0416,97338,1246.6,12.903,52.655,48.52336
RT,8900,0.97979,0.98702,0.039,97139,1253.3,12.886,52.494,48.92471
RT,9000,0.97176,0.98377,0.0373,96903,1259.5,12.799,52.0,49.00885
RT,9100,0.96156,0.97825,0.0375,96683,1262.4,12.653,51.219,48.80913
RT,9200,0.95989,0.97651,0.0394,96517,1261.2,12.6,50.888,49.02661
RT,9250,0.96003,0.97622,0.0405,96460,1260.0,12.591,50.806,49.21362
RT,9300,0.9597,0.97603,0.0414,96439,1259.2,12.588,50.75,49.42511
RT,9400,0.96001,0.97584,0.0429,96406,1257.5,12.585,50.652,49.86009
RT,9500,0.96383,0.97689,0.0441,96375,1254.4,12.605,50.666,50.40445
RT,9600,0.96285,0.97482,0.0446,96378,1251.1,12.617,50.643,50.9119
RT,9700,0.95663,0.96922,0.0452,96384,1250.5,12.545,50.218,51.01052
RT,9750,0.95246,0.96575,0.0454,96409,1251.2,12.489,49.913,50.96205
RT,9800,0.94876,0.96274,0.0455,96413,1251.6,12.434,49.609,50.91141
RT,9900,0.94101,0.95747,0.0448,96458,1253.4,12.338,49.069,50.87109
RT,10000,0.93385,0.95304,0.0433,96534,1255.3,12.252,48.575,50.86762
RT,10250,0.9175,0.93631,0.043,96720,1257.5,12.058,47.445,50.9264
RT,10500,0.89222,0.90254,0.0491,97234,1251.1,11.72,45.63,50.17281
RT,10750,0.84754,0.855,0.0547,98248,1243.4,11.231,43.089,48.5069
RT,11000,0.83966,0.83395,0.0645,99025,1227.3,11.144,42.465,48.91617
RT,11250,0.83013,0.82754,0.0632,99065,1226.8,11.171,42.386,49.93483
RT,11500,0.82832,0.83129,0.059,98861,1232.3,11.296,42.771,51.50814
RT,11750,0.83272,0.83973,0.0549,98677,1236.2,11.466,43.374,53.36985
RT,12000,0.84692,0.85713,0.0486,98408,1243.7,11.722,44.383,55.77332
RT,12250,0.83944,0.85822,0.0426,98126,1254.9,11.721,44.166,56.6569
RT,12500,0.83535,0.85306,0.0421,97463,1259.7,11.633,43.533,56.98456
C0_e94,4000,0.85416,0.80248,0.0856,96331,1057.9,10.225,43.566,18.24888
C0_e94,4250,0.85993,0.86639,0.0565,96218,1108.0,11.018,47.165,20.99121
C0_e94,4500,0.88282,0.82405,0.0925,96102,1072.8,10.698,45.452,21.41875
C0_e94,4750,0.83515,0.80868,0.0784,96045,1094.9,10.495,44.3,22.03565
C0_e94,5000,0.7902,0.78953,0.0638,96139,1121.5,10.231,42.855,22.43883
C0_e94,5250,0.78738,0.79078,0.0609,95908,1126.2,10.255,42.784,23.52173
C0_e94,5500,0.85385,0.82776,0.0704,95569,1108.5,10.814,45.258,26.06674
C0_e94,5750,0.88652,0.82592,0.0852,95345,1085.1,10.812,45.063,27.13417
C0_e94,6000,0.91042,0.81998,0.1013,95049,1068.2,10.735,44.504,27.96269
C0_e94,6250,0.9765,0.88312,0.1021,94624,1081.7,11.583,48.358,31.65024
C0_e94,6500,0.9702,0.89534,0.089,94480,1100.4,11.791,49.158,33.46079
C0_e94,6750,0.95473,0.8816,0.0872,94292,1106.3,11.625,48.173,34.05149
C0_e94,7000,0.9499,0.87779,0.0858,94031,1111.6,11.585,47.789,35.03117
C0_e94,7250,0.94686,0.87892,0.081,93743,1118.7,11.573,47.537,36.09096
C0_e94,7500,0.94779,0.8834,0.0774,93395,1130.3,11.607,47.506,37.31113
C0_e94,7750,0.93474,0.88848,0.0684,93128,1150.3,11.616,47.351,38.42903
C0_e94,8000,0.92975,0.90108,0.0589,92763,1172.9,11.725,47.673,39.93844
C0_e94,8250,0.94288,0.92785,0.049,92184,1189.1,12.034,48.947,42.28717
C0_e94,8500,0.96415,0.9286,0.0563,91468,1189.6,11.964,48.417,43.09684
C0_e94,8750,0.98622,0.95167,0.0575,90624,1204.3,12.143,49.068,44.9609
C0_e94,9000,1.00137,0.97231,0.0524,89742,1216.5,12.288,49.561,46.71014
C0_e94,9250,0.9939,0.96902,0.0535,89041,1223.3,12.096,48.441,46.92275
C0_e94,9500,0.98924,0.95928,0.061,88431,1219.7,11.896,47.289,47.04488
C0_e94,9750,0.96692,0.94672,0.0584,88319,1228.1,11.64,45.862,46.82591
C0_e94,10000,0.9368,0.93495,0.0495,88521,1240.6,11.391,44.471,46.56992
C0_e94,10250,0.9184,0.92452,0.0444,88601,1250.0,11.249,43.588,46.78638
C0_e94,10500,0.88821,0.89273,0.0485,89134,1250.2,10.936,41.888,46.05826
C0_e94,10750,0.84534,0.84525,0.0556,89922,1246.0,10.44,39.314,44.25724
C0_e94,11000,0.81926,0.80936,0.0657,90368,1233.6,10.123,37.597,43.30863
C0_e94,11500,0.8018,0.79686,0.064,89941,1233.7,10.137,37.247,44.85571
C0_e94,12000,0.80546,0.80968,0.0533,88942,1242.2,10.41,38.122,47.90552
C0_e94,12500,0.80849,0.81887,0.0438,87625,1256.2,10.506,38.156,49.94609
C0_e98,4000,0.8584,0.8009,0.088,96319,1079.8,10.573,45.227,18.94464
C0_e98,4250,0.85687,0.86627,0.0541,96222,1136.4,11.382,48.9,21.76338
C0_e98,4500,0.88289,0.82436,0.0919,96096,1100.1,11.079,47.271,22.27593
C0_e98,4750,0.8379,0.80942,0.0793,96052,1121.1,10.883,46.153,22.95737
C0_e98,5000,0.79656,0.79208,0.0644,96089,1147.8,10.635,44.781,23.44728
C0_e98,5250,0.78215,0.78765,0.0593,95945,1156.2,10.569,44.281,24.34475
C0_e98,5500,0.84258,0.82216,0.0677,95571,1141.2,11.108,46.662,26.87538
C0_e98,5750,0.88064,0.82634,0.082,95352,1117.1,11.203,46.927,28.25656
C0_e98,6000,0.90412,0.82003,0.0986,95064,1099.1,11.115,46.316,29.1012
C0_e98,6250,0.97793,0.88378,0.1021,94619,1109.6,12.006,50.376,32.97101
C0_e98,6500,0.97137,0.89529,0.0894,94473,1128.1,12.211,51.159,34.82283
C0_e98,6750,0.95483,0.88198,0.0868,94292,1135.8,12.049,50.196,35.48146
C0_e98,7000,0.94938,0.87799,0.0852,94035,1142.1,12.006,49.795,36.50164
C0_e98,7250,0.9468,0.87933,0.0804,93742,1147.7,11.991,49.53,37.60408
C0_e98,7500,0.94841,0.88313,0.0777,93404,1161.0,12.041,49.572,38.93376
C0_e98,7750,0.93648,0.88872,0.0688,93121,1176.9,12.092,49.621,40.27132
C0_e98,8000,0.93247,0.89939,0.0608,92745,1202.2,12.138,49.643,41.58882
C0_e98,8250,0.94136,0.92775,0.0483,92199,1219.6,12.494,51.144,44.18524
C0_e98,8500,0.95908,0.93236,0.0521,91506,1225.0,12.5,50.974,45.37287
C0_e98,8750,0.98917,0.95114,0.0588,90596,1230.8,12.682,51.643,47.32037
C0_e98,9000,1.00371,0.97215,0.0531,89707,1247.3,12.779,51.903,48.91743
C0_e98,9250,0.99761,0.9689,0.0545,88981,1251.3,12.597,50.834,49.24075
C0_e98,9500,0.99202,0.9587,0.0621,88378,1248.2,12.391,49.646,49.38971
C0_e98,9750,0.96991,0.94685,0.0592,88229,1258.0,12.101,48.061,49.07113
C0_e98,10000,0.93839,0.93518,0.0494,88485,1273.0,11.831,46.568,48.7659
C0_e98,10250,0.92204,0.92585,0.0445,88502,1281.5,11.713,45.802,49.16284
C0_e98,10500,0.89034,0.89355,0.0481,89090,1284.0,11.351,43.87,48.23758
C0_e98,10750,0.84548,0.84541,0.0547,89918,1280.0,10.838,41.216,46.39839
C0_e98,11000,0.82062,0.80993,0.0651,90349,1267.5,10.513,39.458,45.45235
C0_e98,11500,0.80315,0.79749,0.0633,89920,1268.5,10.518,39.061,47.04027
C0_e98,12000,0.80429,0.80923,0.0523,88980,1277.9,10.785,39.914,50.15741
C0_e98,12500,0.80965,0.8195,0.0432,87590,1291.4,10.915,40.106,52.49863
CL_e94,4000,0.85777,0.80409,0.0868,96334,1058.6,10.252,43.695,18.30292
CL_e94,4250,0.87808,0.86617,0.064,96207,1096.9,11.053,47.33,21.06464
CL_e94,4500,0.8777,0.82688,0.0887,96109,1079.9,10.708,45.504,21.44325
CL_e94,4750,0.83771,0.80904,0.0796,96044,1096.1,10.5,44.323,22.0471
CL_e94,5000,0.80418,0.79427,0.0683,96033,1118.8,10.297,43.17,22.60376
CL_e94,5250,0.79681,0.79777,0.0617,95830,1127.3,10.339,43.18,23.73944
CL_e94,5500,0.85733,0.82982,0.0708,95579,1113.2,10.828,45.329,26.10763
CL_e94,5750,0.88013,0.82688,0.0821,95353,1094.3,10.795,44.981,27.0848
CL_e94,6000,0.90791,0.82289,0.0993,95058,1075.8,10.739,44.524,27.97525
CL_e94,6250,0.97451,0.88092,0.1021,94638,1085.2,11.517,48.041,31.44276
CL_e94,6500,0.97322,0.89402,0.0908,94458,1102.5,11.716,48.798,33.21574
CL_e94,6750,0.95428,0.88166,0.087,94291,1111.5,11.567,47.899,33.85781
CL_e94,7000,0.94767,0.87822,0.0847,94043,1118.5,11.518,47.472,34.79879
CL_e94,7250,0.94315,0.8799,0.0789,93764,1127.2,11.493,47.158,35.80321
CL_e94,7500,0.9431,0.88553,0.0742,93428,1140.6,11.565,47.302,37.1509
CL_e94,7750,0.93641,0.88838,0.0694,93118,1156.4,11.547,47.021,38.16121
CL_e94,8000,0.93284,0.89837,0.0621,92745,1175.3,11.618,47.165,39.51286
CL_e94,8250,0.9462,0.92577,0.0518,92180,1192.4,11.892,48.274,41.70574
CL_e94,8500,0.95495,0.93266,0.0509,91583,1202.1,11.933,48.269,42.9651
CL_e94,8750,0.97672,0.94975,0.0545,90791,1212.2,12.091,48.821,44.73458
CL_e94,9000,0.99607,0.96688,0.0534,89911,1217.4,12.214,49.209,46.37839
CL_e94,9250,0.99129,0.96227,0.056,89239,1220.2,12.012,48.041,46.53529
CL_e94,9500,0.98726,0.95223,0.0636,88637,1216.7,11.798,46.821,46.57929
CL_e94,9750,0.96607,0.94185,0.0603,88496,1224.3,11.601,45.678,46.63804
CL_e94,10000,0.93816,0.93139,0.0516,88658,1236.2,11.371,44.373,46.4673
CL_e94,10250,0.91929,0.92017,0.0469,88752,1245.5,11.221,43.456,46.64469
CL_e94,10500,0.89093,0.89054,0.0503,89206,1247.1,10.911,41.772,45.93071
CL_e94,10750,0.85161,0.84692,0.0573,89874,1243.4,10.46,39.411,44.36644
CL_e94,11000,0.82416,0.81409,0.0646,90286,1235.7,10.153,37.738,43.47106
CL_e94,11500,0.8075,0.79983,0.0643,89825,1238.0,10.106,37.095,44.67266
CL_e94,12000,0.80909,0.8104,0.0544,88831,1250.4,10.296,37.582,47.22693
CL_e94,12500,0.81152,0.81912,0.0445,87536,1265.2,10.369,37.502,49.09
CL_e98,4000,0.8619,0.8028,0.0887,96333,1081.6,10.604,45.376,19.00705
CL_e98,4250,0.87981,0.86637,0.0637,96205,1123.9,11.442,49.186,21.89067
CL_e98,4500,0.8692,0.82918,0.0819,96124,1114.7,11.109,47.414,22.34332
CL_e98,4750,0.83637,0.80865,0.0783,96054,1125.8,10.864,46.06,22.91111
CL_e98,5000,0.81007,0.79641,0.0694,95984,1144.7,10.704,45.111,23.62006
CL_e98,5250,0.79088,0.79387,0.06,95873,1158.7,10.643,44.634,24.53882
CL_e98,5500,0.84763,0.82537,0.0684,95585,1145.2,11.139,46.811,26.9612
CL_e98,5750,0.87655,0.82721,0.0798,95357,1125.7,11.176,46.8,28.18009
CL_e98,6000,0.90583,0.82284,0.0983,95063,1104.3,11.121,46.343,29.11817
CL_e98,6250,0.97322,0.88104,0.1012,94646,1114.1,11.92,49.963,32.70071
CL_e98,6500,0.97356,0.89412,0.0907,94457,1130.6,12.14,50.825,34.59548
CL_e98,6750,0.95564,0.88188,0.0871,94285,1139.8,11.987,49.902,35.27365
CL_e98,7000,0.94817,0.87833,0.0846,94042,1148.1,11.941,49.487,36.27587
CL_e98,7250,0.94444,0.88001,0.0791,93757,1156.4,11.914,49.164,37.3262
CL_e98,7500,0.94446,0.88548,0.0745,93422,1170.1,11.991,49.338,38.74997
CL_e98,7750,0.93949,0.88768,0.0709,93097,1182.6,11.994,49.153,39.8915
CL_e98,8000,0.93516,0.8973,0.0635,92728,1203.8,12.055,49.249,41.25875
CL_e98,8250,0.94854,0.92514,0.0526,92163,1221.6,12.342,50.418,43.55803
CL_e98,8500,0.95624,0.93265,0.0512,91570,1232.7,12.393,50.463,44.91802
CL_e98,8750,0.97163,0.95045,0.0521,90863,1244.7,12.606,51.277,46.98501
CL_e98,9000,0.99707,0.96748,0.0531,89902,1249.6,12.694,51.498,48.53572
CL_e98,9250,0.99458,0.96236,0.0569,89183,1249.7,12.486,50.304,48.72736
CL_e98,9500,0.98761,0.95215,0.0634,88635,1248.4,12.256,49.004,48.75103
CL_e98,9750,0.96829,0.94205,0.0605,88450,1255.5,12.055,47.843,48.84855
CL_e98,10000,0.94062,0.93177,0.0517,88597,1268.1,11.814,46.488,48.68212
CL_e98,10250,0.92111,0.92092,0.0466,88702,1278.1,11.657,45.532,48.87302
CL_e98,10500,0.89216,0.89089,0.0499,89182,1280.8,11.322,43.732,48.08585
CL_e98,10750,0.85371,0.84786,0.0569,89830,1276.5,10.871,41.373,46.57513
CL_e98,11000,0.82426,0.81387,0.064,90293,1269.6,10.535,39.562,45.57215
CL_e98,11500,0.80807,0.80004,0.0638,89811,1272.0,10.496,38.955,46.91262
CL_e98,12000,0.80817,0.80997,0.0533,88870,1286.6,10.675,39.386,49.49391
CL_e98,12500,0.81277,0.8199,0.0438,87496,1300.7,10.776,39.446,51.63469
A_e94,4000,0.85416,0.80248,0.0856,96331,1057.9,10.225,43.566,18.24888
A_e94,4250,0.85993,0.86639,0.0565,96218,1108.0,11.018,47.165,20.99121
A_e94,4500,0.88282,0.82405,0.0925,96102,1072.8,10.698,45.452,21.41875
A_e94,4750,0.83515,0.80868,0.0784,96045,1094.9,10.495,44.3,22.03565
A_e94,5000,0.7902,0.78953,0.0638,96139,1121.5,10.231,42.855,22.43883
A_e94,5250,0.78738,0.79078,0.0609,95908,1126.2,10.255,42.784,23.52173
A_e94,5500,0.85385,0.82776,0.0704,95569,1108.5,10.814,45.258,26.06674
A_e94,5750,0.88652,0.82592,0.0852,95345,1085.1,10.812,45.063,27.13417
A_e94,6000,0.91042,0.81998,0.1013,95049,1068.2,10.735,44.504,27.96269
A_e94,6250,0.9765,0.88312,0.1021,94624,1081.7,11.583,48.358,31.65024
A_e94,6500,0.9702,0.89534,0.089,94480,1100.4,11.791,49.158,33.46079
A_e94,6750,0.95473,0.8816,0.0872,94292,1106.3,11.625,48.173,34.05149
A_e94,7000,0.9499,0.87779,0.0858,94031,1111.6,11.585,47.789,35.03117
A_e94,7250,0.9462,0.87888,0.0805,93743,1120.4,11.595,47.643,36.17143
A_e94,7500,0.94728,0.88368,0.077,93399,1123.7,11.515,47.064,36.96398
A_e94,7750,0.93474,0.88848,0.0684,93128,1150.3,11.616,47.351,38.42903
A_e94,8000,0.92975,0.90108,0.0589,92763,1172.9,11.725,47.673,39.93844
A_e94,8250,0.94288,0.92785,0.049,92184,1189.1,12.034,48.947,42.28717
A_e94,8500,0.96415,0.9286,0.0563,91468,1189.6,11.964,48.417,43.09684
A_e94,8750,0.98622,0.95167,0.0575,90624,1204.3,12.143,49.068,44.9609
A_e94,9000,1.00137,0.97231,0.0524,89742,1216.5,12.288,49.561,46.71014
A_e94,9250,0.9939,0.96902,0.0535,89041,1223.3,12.096,48.441,46.92275
A_e94,9500,0.98924,0.95928,0.061,88431,1219.7,11.896,47.289,47.04488
A_e94,9750,0.96692,0.94672,0.0584,88319,1228.1,11.64,45.862,46.82591
A_e94,10000,0.9368,0.93495,0.0495,88521,1240.6,11.391,44.471,46.56992
A_e94,10250,0.9184,0.92452,0.0444,88601,1250.0,11.249,43.588,46.78638
A_e94,10500,0.88821,0.89273,0.0485,89134,1250.2,10.936,41.888,46.05826
A_e94,10750,0.84534,0.84525,0.0556,89922,1246.0,10.44,39.314,44.25724
A_e94,11000,0.81926,0.80936,0.0657,90368,1233.6,10.123,37.597,43.30863
A_e94,11500,0.8018,0.79686,0.064,89941,1233.7,10.137,37.247,44.85571
A_e94,12000,0.80546,0.80968,0.0533,88942,1242.2,10.41,38.122,47.90552
A_e94,12500,0.80849,0.81887,0.0438,87625,1256.2,10.506,38.156,49.94609
A_e98,4000,0.8584,0.8009,0.088,96319,1079.8,10.573,45.227,18.94464
A_e98,4250,0.85687,0.86627,0.0541,96222,1136.4,11.382,48.9,21.76338
A_e98,4500,0.88289,0.82436,0.0919,96096,1100.1,11.079,47.271,22.27593
A_e98,4750,0.8379,0.80942,0.0793,96052,1121.1,10.883,46.153,22.95737
A_e98,5000,0.79656,0.79208,0.0644,96089,1147.8,10.635,44.781,23.44728
A_e98,5250,0.78215,0.78765,0.0593,95945,1156.2,10.569,44.281,24.34475
A_e98,5500,0.84258,0.82216,0.0677,95571,1141.2,11.108,46.662,26.87538
A_e98,5750,0.88064,0.82634,0.082,95352,1117.1,11.203,46.927,28.25656
A_e98,6000,0.90412,0.82003,0.0986,95064,1099.1,11.115,46.316,29.1012
A_e98,6250,0.97793,0.88378,0.1021,94619,1109.6,12.006,50.376,32.97101
A_e98,6500,0.97137,0.89529,0.0894,94473,1128.1,12.211,51.159,34.82283
A_e98,6750,0.95483,0.88198,0.0868,94292,1135.8,12.049,50.196,35.48146
A_e98,7000,0.94938,0.87799,0.0852,94035,1142.1,12.006,49.795,36.50164
A_e98,7250,0.94643,0.8795,0.0802,93743,1150.0,12.024,49.688,37.72404
A_e98,7500,0.94931,0.88289,0.0781,93389,1151.3,11.921,49.002,38.48608
A_e98,7750,0.93648,0.88872,0.0688,93121,1176.9,12.092,49.621,40.27132
A_e98,8000,0.93247,0.89939,0.0608,92745,1202.2,12.138,49.643,41.58882
A_e98,8250,0.94136,0.92775,0.0483,92199,1219.6,12.494,51.144,44.18524
A_e98,8500,0.95908,0.93236,0.0521,91506,1225.0,12.5,50.974,45.37287
A_e98,8750,0.98917,0.95114,0.0588,90596,1230.8,12.682,51.643,47.32037
A_e98,9000,1.00371,0.97215,0.0531,89707,1247.3,12.779,51.903,48.91743
A_e98,9250,0.99761,0.9689,0.0545,88981,1251.3,12.597,50.834,49.24075
A_e98,9500,0.99202,0.9587,0.0621,88378,1248.2,12.391,49.646,49.38971
A_e98,9750,0.96991,0.94685,0.0592,88229,1258.0,12.101,48.061,49.07113
A_e98,10000,0.93839,0.93518,0.0494,88485,1273.0,11.831,46.568,48.7659
A_e98,10250,0.92204,0.92585,0.0445,88502,1281.5,11.713,45.802,49.16284
A_e98,10500,0.89034,0.89355,0.0481,89090,1284.0,11.351,43.87,48.23758
A_e98,10750,0.84548,0.84541,0.0547,89918,1280.0,10.838,41.216,46.39839
A_e98,11000,0.82062,0.80993,0.0651,90349,1267.5,10.513,39.458,45.45235
A_e98,11500,0.80315,0.79749,0.0633,89920,1268.5,10.518,39.061,47.04027
A_e98,12000,0.80429,0.80923,0.0523,88980,1277.9,10.785,39.914,50.15741
A_e98,12500,0.80965,0.8195,0.0432,87590,1291.4,10.915,40.106,52.49863
CAL,4000,0.8584,0.8009,0.088,96319,1079.8,10.573,46.397,19.43473
CAL,4250,0.85687,0.86627,0.0541,96222,1136.4,11.382,50.112,22.30279
CAL,4500,0.88289,0.82436,0.0919,96096,1100.1,11.079,48.524,22.8664
CAL,4750,0.8379,0.80942,0.0793,96052,1121.1,10.883,47.448,23.60153
CAL,5000,0.79656,0.79208,0.0644,96089,1147.8,10.635,46.118,24.14733
CAL,5250,0.78215,0.78765,0.0593,95945,1156.2,10.569,45.66,25.1029
CAL,5500,0.84258,0.82216,0.0677,95571,1141.2,11.108,48.083,27.69382
CAL,5750,0.88064,0.82634,0.082,95352,1117.1,11.203,48.391,29.13809
CAL,6000,0.90412,0.82003,0.0986,95064,1099.1,11.115,47.823,30.04808
CAL,6250,0.97793,0.88378,0.1021,94619,1109.6,12.006,51.926,33.98549
CAL,6500,0.97137,0.89529,0.0894,94473,1128.1,12.211,52.752,35.90715
CAL,6750,0.95483,0.88198,0.0868,94292,1135.8,12.049,51.832,36.63788
CAL,7000,0.94938,0.87799,0.0852,94035,1142.1,12.006,51.475,37.73315
CAL,7250,0.9468,0.87933,0.0804,93742,1147.7,11.991,51.254,38.91297
CAL,7500,0.94841,0.88313,0.0777,93404,1161.0,12.041,51.339,40.32156
CAL,7750,0.93648,0.88872,0.0688,93121,1176.9,12.092,51.433,41.7419
CAL,8000,0.93247,0.89939,0.0608,92745,1202.2,12.138,51.499,43.1437
CAL,8250,0.94136,0.92775,0.0483,92199,1219.6,12.494,53.045,45.82759
CAL,8500,0.95908,0.93236,0.0521,91506,1225.0,12.5,52.92,47.10504
CAL,8750,0.98917,0.95114,0.0588,90596,1230.8,12.682,53.633,49.1438
CAL,9000,1.00371,0.97215,0.0531,89707,1247.3,12.779,53.939,50.83631
CAL,9250,0.99761,0.9689,0.0545,88981,1251.3,12.597,52.915,51.25652
CAL,9500,0.99202,0.9587,0.0621,88378,1248.2,12.391,51.773,51.50573
CAL,9750,0.96991,0.94685,0.0592,88229,1258.0,12.101,50.233,51.28878
CAL,10000,0.93839,0.93518,0.0494,88485,1273.0,11.831,48.786,51.08858
CAL,10250,0.92204,0.92585,0.0445,88502,1281.5,11.713,48.067,51.59404
CAL,10500,0.89034,0.89355,0.0481,89090,1284.0,11.351,46.181,50.77866
CAL,10750,0.84548,0.84541,0.0547,89918,1280.0,10.838,43.573,49.05175
CAL,11000,0.82062,0.80993,0.0651,90349,1267.5,10.513,41.862,48.22156
CAL,11500,0.80315,0.79749,0.0633,89920,1268.5,10.518,41.56,50.04976
CAL,12000,0.80429,0.80923,0.0523,88980,1277.9,10.785,42.508,53.41713
CAL,12500,0.80965,0.8195,0.0432,87590,1291.4,10.915,42.796,56.01983
CAL2,4000,0.8584,0.8009,0.088,96319,1079.8,10.573,46.397,19.43473
CAL2,4250,0.85687,0.86627,0.0541,96222,1136.4,11.382,50.112,22.30279
CAL2,4500,0.88289,0.82436,0.0919,96096,1100.1,11.079,48.524,22.8664
CAL2,4750,0.8379,0.80942,0.0793,96052,1121.1,10.883,47.448,23.60153
CAL2,5000,0.79656,0.79208,0.0644,96089,1147.8,10.635,46.118,24.14733
CAL2,5250,0.78215,0.78765,0.0593,95945,1156.2,10.569,45.66,25.1029
CAL2,5500,0.84258,0.82216,0.0677,95571,1141.2,11.108,48.083,27.69382
CAL2,5750,0.88064,0.82634,0.082,95352,1117.1,11.203,48.391,29.13809
CAL2,6000,0.90412,0.82003,0.0986,95064,1099.1,11.115,47.823,30.04808
CAL2,6250,0.97793,0.88378,0.1021,94619,1109.6,12.006,51.926,33.98549
CAL2,6500,0.97137,0.89529,0.0894,94473,1128.1,12.211,52.752,35.90715
CAL2,6750,0.95483,0.88198,0.0868,94292,1135.8,12.049,51.832,36.63788
CAL2,7000,0.94938,0.87799,0.0852,94035,1142.1,12.006,51.475,37.73315
CAL2,7250,0.94643,0.8795,0.0802,93743,1150.0,12.024,51.412,39.03293
CAL2,7500,0.94931,0.88289,0.0781,93389,1151.3,11.921,50.77,39.87466
CAL2,7750,0.93648,0.88872,0.0688,93121,1176.9,12.092,51.433,41.7419
CAL2,8000,0.93247,0.89939,0.0608,92745,1202.2,12.138,51.499,43.1437
CAL2,8250,0.94136,0.92775,0.0483,92199,1219.6,12.494,53.045,45.82759
CAL2,8500,0.95908,0.93236,0.0521,91506,1225.0,12.5,52.92,47.10504
CAL2,8750,0.98917,0.95114,0.0588,90596,1230.8,12.682,53.633,49.1438
CAL2,9000,1.00371,0.97215,0.0531,89707,1247.3,12.779,53.939,50.83631
CAL2,9250,0.99761,0.9689,0.0545,88981,1251.3,12.597,52.915,51.25652
CAL2,9500,0.99202,0.9587,0.0621,88378,1248.2,12.391,51.773,51.50573
CAL2,9750,0.96991,0.94685,0.0592,88229,1258.0,12.101,50.233,51.28878
CAL2,10000,0.93839,0.93518,0.0494,88485,1273.0,11.831,48.786,51.08858
CAL2,10250,0.92204,0.92585,0.0445,88502,1281.5,11.713,48.067,51.59404
CAL2,10500,0.89034,0.89355,0.0481,89090,1284.0,11.351,46.181,50.77866
CAL2,10750,0.84548,0.84541,0.0547,89918,1280.0,10.838,43.573,49.05175
CAL2,11000,0.82062,0.80993,0.0651,90349,1267.5,10.513,41.862,48.22156
CAL2,11500,0.80315,0.79749,0.0633,89920,1268.5,10.518,41.56,50.04976
CAL2,12000,0.80429,0.80923,0.0523,88980,1277.9,10.785,42.508,53.41713
CAL2,12500,0.80965,0.8195,0.0432,87590,1291.4,10.915,42.796,56.01983
