variant,rpm,ve_del,ve_trap_tot,ve_trap_fresh,res_frac,ovl_ex_out_ve,ovl_in_back_ve,t_in_massavg,t_plenum,p_plenum,t_runner1_mid,egt_massavg,imep,bt,P_kW
AB95_K0.04,4000,0.7783,0.86882,0.83015,0.0445,0.01463,0.06085,357.2,302.0,101487,311.3,1162.5,11.167,48.06,20.13133
AB95_K0.04,4250,0.78282,0.86051,0.81618,0.0515,0.01106,0.04661,344.6,302.5,101577,310.3,1164.1,11.168,47.882,21.31031
AB95_K0.04,4500,0.81423,0.86485,0.80642,0.0676,0.0252,0.02231,319.7,302.0,101607,306.7,1143.8,11.197,47.832,22.5403
AB95_K0.04,4750,0.86029,0.87853,0.793,0.0974,0.06115,0.0015,312.5,301.7,101596,307.3,1105.0,11.126,47.311,23.53338
AB95_K0.04,5000,0.94276,0.95711,0.87263,0.0883,0.05714,0.00143,311.1,301.4,101076,306.9,1122.0,12.296,52.703,27.59523
AB95_K0.04,5100,0.9354,0.94784,0.86389,0.0886,0.05749,0.00201,310.5,301.6,100894,306.6,1124.1,12.191,52.127,27.83951
AB95_K0.04,5200,0.92245,0.9363,0.85614,0.0856,0.05649,0.00314,311.0,301.7,100802,306.6,1131.5,12.085,51.549,28.07063
AB95_K0.04,5250,0.91723,0.93194,0.85326,0.0844,0.05688,0.00332,311.1,301.8,100799,306.6,1135.1,12.045,51.321,28.21519
AB95_K0.04,5300,0.90986,0.92597,0.84745,0.0848,0.05626,0.00341,311.3,301.8,100778,306.8,1137.0,11.97,50.922,28.26246
AB95_K0.04,5400,0.89946,0.91544,0.83539,0.0874,0.06047,0.00299,311.9,301.9,100798,307.2,1136.5,11.813,50.102,28.33201
AB95_K0.04,5500,0.88594,0.90465,0.82549,0.0875,0.06073,0.00336,312.4,302.0,100864,307.6,1139.3,11.678,49.38,28.44084
AB95_K0.04,5600,0.87585,0.89679,0.81994,0.0857,0.05354,0.00404,314.0,302.1,100908,308.2,1144.2,11.59,48.887,28.66883
AB95_K0.04,5700,0.86716,0.89205,0.81785,0.0832,0.0436,0.00817,317.8,302.1,100993,309.2,1147.8,11.554,48.636,29.03096
AB95_K0.04,5750,0.86018,0.88986,0.81871,0.08,0.03921,0.01106,320.5,302.2,101119,309.9,1153.2,11.55,48.579,29.25129
AB95_K0.04,5800,0.85375,0.88769,0.81968,0.0766,0.03481,0.01382,323.4,302.3,101224,310.7,1159.2,11.543,48.512,29.46496
AB95_K0.04,5900,0.85598,0.89772,0.83396,0.071,0.02947,0.01892,328.3,302.3,101258,312.3,1170.6,11.715,49.253,30.4308
AB95_K0.04,6000,0.87732,0.92677,0.86706,0.0644,0.02602,0.02358,331.0,302.2,101217,312.6,1182.1,12.165,51.323,32.24719
AB95_K0.04,6100,0.90018,0.95184,0.89672,0.0579,0.0192,0.02373,328.6,301.9,101000,310.9,1191.5,12.608,53.363,34.08778
AB95_K0.04,6200,0.90863,0.95721,0.90434,0.0552,0.01556,0.02003,323.2,301.6,100992,308.7,1194.2,12.767,54.042,35.08744
AB95_K0.04,6250,0.90436,0.95214,0.90007,0.0547,0.0138,0.01982,322.9,301.6,100963,308.1,1195.5,12.718,53.772,35.19369
AB95_K0.04,6300,0.90001,0.94776,0.89668,0.0539,0.01236,0.01994,322.9,301.7,100945,307.8,1197.7,12.677,53.537,35.3202
AB95_K0.04,6400,0.89319,0.94089,0.89116,0.0529,0.01258,0.02061,323.2,301.8,100910,307.4,1201.7,12.615,53.164,35.63085
AB95_K0.04,6500,0.88956,0.93638,0.88823,0.0514,0.01441,0.01987,322.7,301.8,100874,307.3,1205.4,12.588,52.958,36.04737
AB95_K0.04,6600,0.89399,0.94038,0.8917,0.0518,0.01378,0.01995,322.2,301.9,100806,307.1,1208.8,12.652,53.185,36.75883
AB95_K0.04,6700,0.89802,0.94352,0.89343,0.0531,0.01576,0.01962,321.5,301.9,100727,307.0,1209.0,12.69,53.293,37.39156
AB95_K0.04,6750,0.89818,0.94289,0.89289,0.053,0.01702,0.01913,321.2,301.9,100697,307.0,1209.3,12.69,53.254,37.64303
AB95_K0.04,6800,0.90005,0.9432,0.89357,0.0526,0.01864,0.0185,320.7,301.9,100691,307.1,1209.5,12.706,53.291,37.94822
AB95_K0.04,6900,0.91424,0.9531,0.90101,0.0547,0.02277,0.01612,317.8,301.9,100608,307.1,1205.9,12.838,53.841,38.90369
AB95_K0.04,7000,0.94607,0.97522,0.91767,0.059,0.02281,0.00753,311.4,301.8,100460,306.8,1196.6,13.118,55.103,40.39261
AB95_K0.04,7100,0.96318,0.98454,0.92142,0.0641,0.0307,0.00157,309.8,301.8,100316,306.7,1185.8,13.198,55.406,41.19493
AB95_K0.04,7200,0.96399,0.98431,0.91977,0.0656,0.03302,0.00107,309.8,301.8,100200,306.9,1185.2,13.178,55.23,41.64244
AB95_K0.04,7250,0.9621,0.98368,0.92047,0.0643,0.03168,0.00114,309.9,301.9,100140,307.0,1188.0,13.184,55.221,41.92479
AB95_K0.04,7300,0.9602,0.98343,0.92251,0.062,0.03012,0.00105,309.9,301.9,100082,307.1,1191.8,13.205,55.283,42.26132
AB95_K0.04,7400,0.95637,0.98209,0.92322,0.0599,0.02858,0.00248,310.6,302.0,99956,307.4,1196.6,13.213,55.244,42.81002
AB95_K0.04,7500,0.96186,0.98564,0.92482,0.0617,0.03196,0.00284,310.7,302.0,99810,307.5,1196.4,13.237,55.28,43.41681
AB95_K0.04,7600,0.96741,0.98738,0.92358,0.0646,0.03645,0.00136,310.6,302.0,99691,307.7,1193.2,13.233,55.179,43.91532
AB95_K0.04,7700,0.97386,0.98917,0.92151,0.0684,0.04437,0.00018,310.9,302.0,99500,307.8,1188.2,13.221,55.046,44.38591
AB95_K0.04,7750,0.98015,0.99359,0.92434,0.0697,0.04814,4e-05,310.9,302.0,99357,307.8,1186.9,13.268,55.229,44.82265
AB95_K0.04,7800,0.98667,0.99811,0.92814,0.0701,0.05175,6e-05,310.9,301.9,99224,307.7,1186.4,13.331,55.49,45.32501
AB95_K0.04,7900,0.99229,1.00286,0.93443,0.0682,0.05036,0.00018,311.1,302.0,98981,307.9,1190.2,13.422,55.846,46.20062
AB95_K0.04,8000,0.99627,1.0057,0.93588,0.0694,0.05037,0.00025,311.4,302.0,98755,308.2,1190.5,13.457,55.935,46.86
AB95_K0.04,8100,1.00174,1.01092,0.94176,0.0684,0.05375,0.00028,311.9,302.0,98561,308.7,1195.7,13.52,56.157,47.63405
AB95_K0.04,8200,1.0095,1.01959,0.95049,0.0678,0.04817,0.00045,312.4,302.0,98291,309.2,1199.2,13.632,56.611,48.61198
AB95_K0.04,8250,1.01462,1.02601,0.95677,0.0675,0.04352,0.00052,312.6,302.0,98144,309.4,1201.4,13.714,56.962,49.21164
AB95_K0.04,8300,1.02191,1.03433,0.96441,0.0676,0.03929,0.00051,312.7,302.0,98010,309.6,1202.9,13.819,57.423,49.91058
AB95_K0.04,8400,1.04219,1.05368,0.98119,0.0688,0.03645,0.00028,312.5,301.9,97767,309.8,1203.6,14.048,58.437,51.40387
AB95_K0.04,8500,1.05923,1.06924,0.9976,0.067,0.03714,8e-05,312.3,301.9,97507,309.8,1207.3,14.256,59.35,52.8285
AB95_K0.04,8600,1.06765,1.07584,1.00748,0.0635,0.03935,4e-05,312.4,301.9,97074,310.0,1212.1,14.354,59.734,53.79584
AB95_K0.04,8700,1.07237,1.07954,1.01066,0.0638,0.04149,4e-05,312.6,302.0,96525,310.4,1214.6,14.344,59.61,54.3084
AB95_K0.04,8750,1.0734,1.08057,1.01013,0.0652,0.04173,3e-05,312.7,302.0,96233,310.7,1215.6,14.299,59.353,54.38503
AB95_K0.04,8800,1.07399,1.08151,1.00907,0.067,0.04189,2e-05,312.9,302.1,95937,311.0,1216.4,14.251,59.084,54.44791
AB95_K0.04,8900,1.07599,1.0832,1.00647,0.0708,0.04258,0.0,313.1,302.1,95408,311.3,1217.0,14.151,58.526,54.54657
AB95_K0.04,9000,1.07675,1.08454,1.00087,0.0771,0.0462,0.0,313.0,302.1,95006,311.3,1216.8,13.976,57.612,54.29803
AB95_K0.04,9100,1.0791,1.08602,0.99892,0.0802,0.05161,0.0,312.5,302.1,94799,311.0,1221.4,13.812,56.749,54.07895
AB95_K0.04,9200,1.07368,1.08246,0.99514,0.0807,0.05372,1e-05,312.0,302.0,94698,310.7,1232.1,13.569,55.51,53.47954
AB95_K0.04,9250,1.07111,1.08025,0.99193,0.0818,0.05521,0.00011,311.7,302.0,94640,310.5,1233.0,13.496,55.122,53.39435
AB95_K0.04,9300,1.06731,1.07713,0.98803,0.0827,0.05619,0.00024,311.4,302.0,94585,310.3,1234.8,13.413,54.683,53.25543
AB95_K0.04,9400,1.05871,1.06923,0.97987,0.0836,0.05958,0.00023,310.8,302.0,94508,309.9,1238.6,13.243,53.794,52.95297
AB95_K0.04,9500,1.05023,1.06179,0.97616,0.0806,0.06212,0.0,310.4,302.0,94497,309.7,1244.6,13.147,53.253,52.97809
AB95_K0.04,9600,1.04499,1.05763,0.9765,0.0767,0.06518,1e-05,310.2,302.0,94539,309.8,1251.9,13.105,52.971,53.25226
AB95_K0.04,9700,1.04255,1.05628,0.98017,0.0721,0.06916,0.00019,310.5,301.9,94623,310.1,1259.2,13.095,52.844,53.67796
AB95_K0.04,9750,1.04117,1.05569,0.98274,0.0691,0.07205,0.00047,310.8,301.9,94683,310.5,1263.9,13.086,52.76,53.86889
AB95_K0.04,9800,1.0394,1.05454,0.98429,0.0666,0.07364,0.00077,311.1,301.9,94771,311.0,1267.7,13.074,52.663,54.04559
AB95_K0.04,9900,1.03074,1.04784,0.97953,0.0652,0.07668,0.00122,311.7,301.8,95101,312.4,1273.3,12.95,51.99,53.89936
AB95_K0.04,10000,1.01621,1.03443,0.96139,0.0706,0.08061,0.00156,312.3,301.8,95621,313.9,1273.0,12.658,50.513,52.89709
AB95_K0.04,10250,0.95803,0.97897,0.9011,0.0796,0.08544,0.00227,313.1,301.6,97257,316.7,1269.8,11.818,46.3,49.69738
AB95_K0.04,10500,0.91771,0.9434,0.86296,0.0853,0.09389,0.00411,313.5,301.4,98656,315.5,1267.7,11.377,43.992,48.37173
AB95_K0.04,10750,0.89659,0.92984,0.85491,0.0806,0.08938,0.00867,315.9,301.2,99106,312.8,1272.0,11.346,43.637,49.1238
AB95_K0.04,11000,0.87755,0.91859,0.85581,0.0683,0.07621,0.01482,320.1,301.3,98943,311.2,1287.0,11.396,43.669,50.30308
AB95_K0.04,11250,0.86178,0.91099,0.85873,0.0574,0.06918,0.02207,325.3,301.3,98808,310.6,1300.3,11.465,43.788,51.58652
AB95_K0.04,11500,0.85697,0.9117,0.86823,0.0477,0.07296,0.02714,329.0,301.3,98721,310.5,1309.8,11.607,44.254,53.29408
AB95_K0.04,11750,0.85931,0.91586,0.87752,0.0419,0.06809,0.02871,330.3,301.2,98435,311.0,1315.3,11.746,44.709,55.01251
AB95_K0.04,12000,0.85893,0.91345,0.8747,0.0424,0.06506,0.02611,328.6,301.3,97821,311.7,1314.3,11.724,44.392,55.78463
AB95_K0.04,12250,0.85191,0.90462,0.86497,0.0438,0.06073,0.02478,327.7,301.3,97405,312.3,1313.0,11.603,43.603,55.93467
AB95_K0.04,12500,0.85951,0.90982,0.87219,0.0414,0.05613,0.02386,326.6,301.3,97044,312.5,1314.4,11.707,43.886,57.44664
AB95_cyl120,4000,0.77412,0.86414,0.82459,0.0458,0.01557,0.05987,355.8,301.3,101132,310.8,1161.3,11.093,47.705,19.98262
AB95_cyl120,4250,0.77368,0.85171,0.80858,0.0506,0.01109,0.04737,345.4,301.4,101257,309.6,1164.7,11.058,47.355,21.07577
AB95_cyl120,4500,0.80182,0.85383,0.79931,0.0638,0.0238,0.02381,321.3,301.0,101246,305.9,1147.8,11.083,47.289,22.28442
AB95_cyl120,4750,0.85509,0.87453,0.79011,0.0965,0.05995,0.0017,311.9,300.8,101003,306.7,1106.1,11.075,47.068,23.41251
AB95_cyl120,5000,0.93379,0.94922,0.86535,0.0884,0.05632,0.00145,310.7,300.5,100708,306.4,1122.0,12.188,52.187,27.32505
AB95_cyl120,5100,0.92785,0.94059,0.85816,0.0876,0.05708,0.002,310.1,300.6,100556,305.9,1124.5,12.109,51.739,27.63229
AB95_cyl120,5200,0.91428,0.92838,0.84894,0.0856,0.05659,0.00303,310.5,300.7,100518,305.9,1130.9,11.982,51.057,27.80272
AB95_cyl120,5250,0.90735,0.92278,0.84416,0.0852,0.05676,0.00328,310.7,300.7,100501,306.0,1134.0,11.92,50.722,27.88588
AB95_cyl120,5300,0.90218,0.91749,0.83862,0.086,0.05725,0.00302,310.8,300.8,100466,306.2,1135.4,11.848,50.343,27.94111
AB95_cyl120,5400,0.89438,0.90898,0.82996,0.0869,0.06019,0.00289,311.4,300.9,100411,306.6,1136.6,11.73,49.704,28.10695
AB95_cyl120,5500,0.88502,0.9031,0.82562,0.0858,0.06083,0.00322,311.8,301.0,100400,307.0,1140.5,11.662,49.305,28.39764
AB95_cyl120,5600,0.87739,0.8974,0.82196,0.0841,0.05428,0.00388,313.3,301.0,100455,307.7,1144.9,11.616,49.007,28.73921
AB95_cyl120,5700,0.86797,0.89252,0.8191,0.0823,0.04388,0.00808,317.3,301.1,100556,308.8,1148.3,11.555,48.642,29.03454
AB95_cyl120,5750,0.85982,0.88902,0.81841,0.0794,0.03957,0.01072,319.9,301.2,100655,309.6,1153.4,11.534,48.505,29.20673
AB95_cyl120,5800,0.85317,0.88665,0.81935,0.0759,0.03488,0.01361,322.8,301.2,100743,310.5,1159.7,11.525,48.422,29.41029
AB95_cyl120,5900,0.85153,0.89412,0.83056,0.0711,0.02952,0.01883,328.0,301.3,100804,312.1,1170.6,11.656,48.973,30.2578
AB95_cyl120,6000,0.87054,0.91943,0.86113,0.0634,0.02608,0.0238,330.9,301.2,100728,312.2,1183.2,12.076,50.902,31.98267
AB95_cyl120,6100,0.89118,0.94296,0.88978,0.0564,0.01957,0.02426,329.1,300.9,100622,310.5,1192.9,12.501,52.853,33.76199
AB95_cyl120,6200,0.90255,0.95166,0.89905,0.0553,0.01568,0.0207,323.1,300.7,100450,308.2,1194.3,12.68,53.628,34.81865
AB95_cyl120,6250,0.90058,0.94855,0.89654,0.0548,0.01375,0.02015,322.3,300.8,100412,307.6,1195.6,12.658,53.484,35.0052
AB95_cyl120,6300,0.89715,0.94463,0.89353,0.0541,0.01254,0.01995,322.1,300.8,100394,307.2,1197.5,12.63,53.313,35.17242
AB95_cyl120,6400,0.88938,0.93688,0.88849,0.0516,0.01248,0.0205,322.6,300.9,100405,306.9,1202.5,12.566,52.933,35.47604
AB95_cyl120,6500,0.88529,0.93233,0.88522,0.0505,0.01389,0.02039,322.6,300.9,100394,306.8,1206.2,12.533,52.698,35.87039
AB95_cyl120,6600,0.88805,0.93468,0.88646,0.0516,0.01389,0.02063,322.2,301.0,100319,306.6,1208.7,12.564,52.766,36.46924
AB95_cyl120,6700,0.8883,0.934,0.88579,0.0516,0.01524,0.02018,321.8,301.0,100294,306.7,1210.4,12.569,52.716,36.98672
AB95_cyl120,6750,0.88973,0.93424,0.88586,0.0518,0.01682,0.01963,321.3,301.0,100294,306.7,1210.3,12.582,52.738,37.2783
AB95_cyl120,6800,0.8931,0.93669,0.88855,0.0514,0.0183,0.01891,320.8,301.0,100289,306.7,1210.7,12.624,52.901,37.6705
AB95_cyl120,6900,0.91501,0.95374,0.90238,0.0538,0.02291,0.01593,316.8,301.0,100184,306.6,1206.5,12.846,53.88,38.93187
AB95_cyl120,7000,0.94242,0.97192,0.91504,0.0585,0.02252,0.0073,310.7,301.0,99944,306.4,1197.6,13.069,54.869,40.22108
AB95_cyl120,7100,0.95216,0.97503,0.91209,0.0646,0.02916,0.00224,309.3,301.0,99750,306.4,1185.8,13.053,54.713,40.67968
AB95_cyl120,7200,0.95368,0.97466,0.91093,0.0654,0.03262,0.00134,309.4,301.0,99620,306.6,1185.6,13.035,54.55,41.12973
AB95_cyl120,7250,0.95295,0.97455,0.9121,0.0641,0.03162,0.00123,309.5,301.1,99567,306.7,1188.0,13.052,54.59,41.44572
AB95_cyl120,7300,0.95134,0.97438,0.91365,0.0623,0.03039,0.00105,309.6,301.1,99516,306.8,1191.5,13.071,54.643,41.77207
AB95_cyl120,7400,0.94986,0.97535,0.91711,0.0597,0.02864,0.00263,310.4,301.2,99408,307.1,1196.4,13.103,54.719,42.40319
AB95_cyl120,7500,0.95959,0.98286,0.92181,0.0621,0.03241,0.00325,310.3,301.2,99284,307.1,1195.9,13.177,54.994,43.19219
AB95_cyl120,7600,0.96993,0.98917,0.92624,0.0636,0.03711,0.00172,310.0,301.2,99160,307.2,1193.9,13.25,55.264,43.98297
AB95_cyl120,7700,0.98079,0.99544,0.92982,0.0659,0.04469,0.00016,310.0,301.2,99001,307.4,1190.6,13.315,55.495,44.74796
AB95_cyl120,7750,0.98555,0.99853,0.93162,0.067,0.04843,3e-05,310.0,301.2,98905,307.5,1189.3,13.347,55.605,45.1278
AB95_cyl120,7800,0.99049,1.00132,0.93225,0.069,0.05217,9e-05,310.1,301.2,98798,307.5,1187.3,13.366,55.658,45.46224
AB95_cyl120,7900,0.99559,1.00592,0.93656,0.069,0.0506,0.00017,310.4,301.3,98641,307.9,1189.9,13.438,55.925,46.26597
AB95_cyl120,8000,1.00377,1.01285,0.94134,0.0706,0.05107,0.00032,310.6,301.3,98507,308.2,1190.1,13.512,56.197,47.07949
AB95_cyl120,8100,1.01205,1.02114,0.94997,0.0697,0.05374,0.00041,311.0,301.3,98378,308.6,1195.4,13.627,56.666,48.0658
AB95_cyl120,8200,1.02476,1.03467,0.96253,0.0697,0.0471,0.00037,311.1,301.3,98166,308.9,1198.0,13.794,57.384,49.27576
AB95_cyl120,8250,1.03074,1.04104,0.96785,0.0703,0.04263,0.0002,311.1,301.3,98023,309.1,1199.0,13.866,57.689,49.83972
AB95_cyl120,8300,1.03648,1.04709,0.97226,0.0715,0.04081,1e-05,311.1,301.3,97871,309.2,1198.4,13.923,57.92,50.34256
AB95_cyl120,8400,1.04812,1.05858,0.9818,0.0725,0.03724,7e-05,311.0,301.3,97568,309.4,1200.1,14.049,58.439,51.40563
AB95_cyl120,8500,1.0568,1.06673,0.99262,0.0695,0.03753,3e-05,310.9,301.3,97307,309.3,1204.6,14.182,58.994,52.51162
AB95_cyl120,8600,1.06351,1.0715,0.99803,0.0686,0.03964,0.0,310.9,301.4,96950,309.2,1206.9,14.223,59.113,53.23657
AB95_cyl120,8700,1.06662,1.07374,0.99877,0.0698,0.04155,0.0,311.1,301.4,96522,309.5,1208.5,14.189,58.869,53.6333
AB95_cyl120,8750,1.06817,1.07534,0.99957,0.0705,0.04186,0.0,311.2,301.5,96306,309.7,1210.0,14.166,58.719,53.80409
AB95_cyl120,8800,1.06889,1.07638,0.99912,0.0718,0.0417,0.0,311.2,301.5,96080,309.8,1211.0,14.134,58.525,53.93277
AB95_cyl120,8900,1.06989,1.07731,0.99724,0.0743,0.04237,0.0,311.1,301.6,95616,310.0,1212.3,14.054,58.064,54.11599
AB95_cyl120,9000,1.06768,1.07545,0.99175,0.0778,0.04576,0.0,310.9,301.6,95244,309.9,1213.9,13.892,57.213,53.92198
AB95_cyl120,9100,1.06605,1.07351,0.98755,0.0801,0.05078,0.0,310.6,301.6,94936,309.7,1219.5,13.697,56.2,53.55578
AB95_cyl120,9200,1.06088,1.07044,0.9839,0.0808,0.05278,4e-05,310.3,301.5,94818,309.6,1230.0,13.45,54.941,52.93135
AB95_cyl120,9250,1.06004,1.06937,0.98215,0.0816,0.05443,0.00011,310.1,301.5,94795,309.5,1231.4,13.397,54.647,52.93424
AB95_cyl120,9300,1.05734,1.06765,0.98101,0.0811,0.05581,0.00018,309.9,301.5,94794,309.5,1234.6,13.34,54.336,52.91749
AB95_cyl120,9400,1.05398,1.06386,0.98099,0.0779,0.05913,0.0,309.7,301.4,94834,309.6,1241.9,13.276,53.95,53.10653
AB95_cyl120,9500,1.05034,1.06174,0.98351,0.0737,0.06079,0.0,309.9,301.4,94927,309.8,1250.3,13.241,53.701,53.42378
AB95_cyl120,9600,1.04886,1.06209,0.98804,0.0697,0.06381,0.00016,310.3,301.3,95042,310.3,1258.1,13.246,53.647,53.93185
AB95_cyl120,9700,1.04762,1.06127,0.99061,0.0666,0.06813,0.0005,310.9,301.2,95190,311.1,1264.9,13.215,53.416,54.25899
AB95_cyl120,9750,1.04488,1.05931,0.98985,0.0656,0.07142,0.00064,311.2,301.2,95285,311.6,1267.7,13.159,53.109,54.22522
AB95_cyl120,9800,1.04153,1.05627,0.98722,0.0654,0.07372,0.00076,311.5,301.1,95398,312.2,1269.6,13.09,52.736,54.12051
AB95_cyl120,9900,1.03003,1.0461,0.97629,0.0667,0.07741,0.00105,312.1,301.1,95691,313.5,1272.7,12.886,51.685,53.58316
AB95_cyl120,10000,1.01222,1.03036,0.9559,0.0723,0.08065,0.00153,312.6,301.0,96109,314.6,1272.0,12.565,50.07,52.43318
AB95_cyl120,10250,0.95781,0.97901,0.90025,0.0804,0.08519,0.00263,313.6,300.7,97434,316.7,1269.6,11.803,46.229,49.62117
AB95_cyl120,10500,0.91889,0.94506,0.86443,0.0853,0.0935,0.00449,313.8,300.4,98397,315.6,1268.0,11.381,44.009,48.39042
AB95_cyl120,10750,0.88927,0.92281,0.84857,0.0805,0.08913,0.00924,316.4,300.3,98603,313.2,1273.6,11.241,43.137,48.56093
AB95_cyl120,11000,0.86772,0.90928,0.8479,0.0675,0.07534,0.01551,320.6,300.3,98596,311.6,1288.6,11.27,43.066,49.60847
AB95_cyl120,11250,0.85414,0.90318,0.85303,0.0555,0.06908,0.02213,325.3,300.3,98485,310.9,1302.8,11.373,43.351,51.07169
AB95_cyl120,11500,0.8474,0.90188,0.85975,0.0467,0.07238,0.02659,328.8,300.4,98244,311.0,1311.5,11.475,43.624,52.53539
AB95_cyl120,11750,0.84583,0.90274,0.86407,0.0428,0.06785,0.02838,330.1,300.4,98005,311.4,1315.0,11.549,43.768,53.85465
AB95_cyl120,12000,0.85043,0.90501,0.86636,0.0427,0.06513,0.02603,328.3,300.3,97805,311.9,1313.9,11.604,43.817,55.06207
AB95_cyl120,12250,0.8493,0.90191,0.86323,0.0429,0.0605,0.02533,327.9,300.3,97636,312.5,1313.9,11.571,43.449,55.73712
AB95_cyl120,12500,0.85613,0.90642,0.86941,0.0408,0.05611,0.02408,326.7,300.3,97344,312.9,1314.8,11.667,43.692,57.19269
AB95_h156,4000,0.77307,0.86313,0.82473,0.0445,0.01561,0.06036,357.2,301.7,101408,311.3,1162.3,11.092,47.704,19.9822
AB95_h156,4250,0.78192,0.85919,0.81473,0.0517,0.01129,0.04613,344.4,302.2,101492,310.5,1163.9,11.146,47.774,21.26225
AB95_h156,4500,0.82379,0.87345,0.81255,0.0697,0.0253,0.0216,318.5,301.7,101573,306.5,1141.6,11.29,48.276,22.74953
AB95_h156,4750,0.86584,0.8843,0.7983,0.0972,0.06155,0.0015,311.9,301.5,101543,307.0,1105.0,11.207,47.698,23.72588
AB95_h156,5000,0.94253,0.95586,0.87028,0.0895,0.05827,0.00136,310.5,301.1,101145,306.6,1120.1,12.267,52.563,27.52192
AB95_h156,5100,0.93572,0.94809,0.86299,0.0898,0.05745,0.00201,310.1,301.2,100984,306.2,1122.8,12.183,52.088,27.81868
AB95_h156,5200,0.92398,0.93796,0.85746,0.0858,0.05642,0.00319,310.6,301.4,100833,306.2,1131.4,12.104,51.638,28.1191
AB95_h156,5250,0.91787,0.93299,0.85344,0.0853,0.05663,0.00364,310.8,301.4,100828,306.3,1134.5,12.052,51.353,28.23279
AB95_h156,5300,0.91143,0.92713,0.84722,0.0862,0.0561,0.00367,311.0,301.4,100829,306.5,1136.0,11.973,50.936,28.27023
AB95_h156,5400,0.90097,0.91645,0.83554,0.0883,0.06025,0.00309,311.5,301.5,100845,306.9,1135.7,11.817,50.12,28.34219
AB95_h156,5500,0.88671,0.90631,0.82638,0.0882,0.06013,0.00362,312.1,301.6,100881,307.3,1138.9,11.694,49.455,28.48404
AB95_h156,5600,0.87709,0.89829,0.8208,0.0863,0.05289,0.00431,313.7,301.6,100874,307.9,1143.7,11.61,48.979,28.72279
AB95_h156,5700,0.86947,0.89525,0.82093,0.083,0.04271,0.00849,317.3,301.7,100915,308.9,1148.0,11.592,48.819,29.14019
AB95_h156,5750,0.86363,0.89352,0.82221,0.0798,0.03872,0.01117,319.8,301.8,100976,309.5,1153.3,11.595,48.795,29.38135
AB95_h156,5800,0.85743,0.89114,0.82355,0.0759,0.03446,0.01394,322.5,301.8,101053,310.3,1159.9,11.599,48.778,29.62652
AB95_h156,5900,0.85506,0.89749,0.83446,0.0702,0.02873,0.01929,327.7,301.9,101087,311.8,1171.3,11.723,49.295,30.45675
AB95_h156,6000,0.87008,0.91938,0.86113,0.0634,0.0259,0.02406,330.8,301.8,101018,312.2,1183.0,12.086,50.949,32.0122
AB95_h156,6100,0.89111,0.94312,0.889,0.0574,0.01931,0.02401,328.6,301.5,100881,310.6,1191.8,12.498,52.837,33.75177
AB95_h156,6200,0.90596,0.95479,0.90178,0.0555,0.01575,0.01986,322.5,301.3,100847,308.5,1193.5,12.735,53.889,34.98811
AB95_h156,6250,0.90455,0.95175,0.89894,0.0555,0.01376,0.01945,322.0,301.3,100810,307.9,1194.8,12.705,53.708,35.1518
AB95_h156,6300,0.89934,0.9467,0.895,0.0546,0.01247,0.01941,322.1,301.3,100774,307.5,1196.9,12.66,53.456,35.26677
AB95_h156,6400,0.89159,0.93911,0.88945,0.0529,0.01272,0.0202,322.6,301.3,100783,307.2,1201.4,12.59,53.044,35.55043
AB95_h156,6500,0.89086,0.93765,0.88947,0.0514,0.01467,0.01968,322.2,301.4,100797,307.0,1205.4,12.604,53.037,36.10114
AB95_h156,6600,0.8959,0.94225,0.8932,0.0521,0.01397,0.02001,321.8,301.4,100744,306.8,1208.4,12.675,53.296,36.83555
AB95_h156,6700,0.89881,0.94422,0.89411,0.0531,0.01561,0.0198,321.3,301.4,100678,306.8,1208.9,12.699,53.334,37.42033
AB95_h156,6750,0.89901,0.94332,0.89339,0.0529,0.01698,0.01918,320.8,301.4,100674,306.8,1209.3,12.695,53.277,37.65929
AB95_h156,6800,0.90063,0.94397,0.89435,0.0526,0.01873,0.01873,320.4,301.4,100677,306.8,1209.6,12.72,53.355,37.99379
AB95_h156,6900,0.91621,0.95507,0.90271,0.0548,0.02269,0.01602,317.2,301.4,100626,306.8,1205.6,12.866,53.976,39.00124
AB95_h156,7000,0.94634,0.97543,0.91739,0.0595,0.02269,0.00736,311.0,301.3,100425,306.5,1196.2,13.117,55.095,40.38674
AB95_h156,7100,0.96272,0.98467,0.92113,0.0645,0.03037,0.00174,309.4,301.3,100323,306.4,1185.4,13.2,55.416,41.20236
AB95_h156,7200,0.96443,0.98578,0.92185,0.0649,0.03226,0.00136,309.3,301.3,100231,306.6,1185.8,13.209,55.378,41.75403
AB95_h156,7250,0.96322,0.9856,0.92306,0.0635,0.03101,0.00135,309.4,301.4,100184,306.7,1188.9,13.219,55.386,42.05006
AB95_h156,7300,0.96085,0.98506,0.92478,0.0612,0.02934,0.00146,309.6,301.4,100140,306.9,1193.0,13.24,55.449,42.38822
AB95_h156,7400,0.95774,0.98383,0.92631,0.0585,0.02834,0.00234,310.1,301.5,100046,307.1,1197.8,13.255,55.441,42.96268
AB95_h156,7500,0.96322,0.98688,0.92631,0.0614,0.03229,0.00237,310.1,301.5,99866,307.3,1196.0,13.255,55.364,43.48278
AB95_h156,7600,0.96618,0.9862,0.92257,0.0645,0.03647,0.00093,310.1,301.5,99656,307.5,1193.2,13.222,55.127,43.87393
AB95_h156,7700,0.97124,0.98684,0.91864,0.0691,0.04419,0.00011,310.3,301.4,99458,307.6,1187.5,13.184,54.869,44.24319
AB95_h156,7750,0.9774,0.9909,0.92104,0.0705,0.04796,0.0001,310.4,301.4,99356,307.6,1185.8,13.222,55.012,44.64653
AB95_h156,7800,0.98263,0.99467,0.92436,0.0707,0.0513,0.00012,310.5,301.4,99252,307.6,1185.9,13.28,55.249,45.12816
AB95_h156,7900,0.98942,1.00021,0.93096,0.0692,0.05026,0.00019,310.7,301.4,99086,307.8,1189.1,13.383,55.659,46.04592
AB95_h156,8000,0.99541,1.00509,0.93433,0.0704,0.05036,0.00034,310.9,301.4,98919,308.1,1189.7,13.434,55.823,46.76617
AB95_h156,8100,1.00186,1.01127,0.94142,0.0691,0.05348,0.00043,311.3,301.4,98694,308.4,1195.1,13.522,56.166,47.64169
AB95_h156,8200,1.01065,1.02129,0.95174,0.0681,0.04759,0.00051,311.7,301.5,98452,308.9,1199.1,13.656,56.723,48.70815
AB95_h156,8250,1.01686,1.02832,0.9588,0.0676,0.04279,0.00047,311.8,301.5,98326,309.1,1201.1,13.749,57.129,49.35591
AB95_h156,8300,1.02332,1.03515,0.96501,0.0678,0.0396,0.00031,311.8,301.4,98196,309.3,1202.4,13.831,57.482,49.96186
AB95_h156,8400,1.03965,1.05059,0.97744,0.0696,0.03691,0.00018,311.8,301.4,97966,309.6,1202.1,13.996,58.189,51.18572
AB95_h156,8500,1.05182,1.06228,0.99058,0.0675,0.03679,0.0002,311.8,301.4,97723,309.6,1206.5,14.163,58.904,52.43151
AB95_h156,8600,1.06205,1.07036,1.00143,0.0644,0.0392,2e-05,311.8,301.4,97353,309.8,1210.7,14.273,59.349,53.44911
AB95_h156,8700,1.06914,1.07608,1.00649,0.0647,0.04169,0.0,311.9,301.5,96865,310.2,1213.0,14.294,59.371,54.09065
AB95_h156,8750,1.07097,1.07789,1.00638,0.0663,0.0419,0.0,311.9,301.5,96584,310.4,1213.9,14.258,59.156,54.20452
AB95_h156,8800,1.07112,1.07861,1.00452,0.0687,0.04189,0.0,312.0,301.5,96298,310.8,1214.0,14.201,58.846,54.22858
AB95_h156,8900,1.07053,1.07786,0.99991,0.0723,0.04249,0.0,312.1,301.6,95749,311.2,1214.8,14.074,58.161,54.20639
AB95_h156,9000,1.06896,1.07674,0.99496,0.076,0.04577,0.0,312.2,301.6,95298,311.4,1216.7,13.907,57.283,53.98796
AB95_h156,9100,1.0707,1.07745,0.99254,0.0788,0.0512,0.0,311.9,301.6,95071,311.2,1221.8,13.733,56.374,53.72159
AB95_h156,9200,1.06601,1.07451,0.98777,0.0807,0.05354,0.0,311.5,301.6,94951,310.8,1231.4,13.47,55.037,53.02384
AB95_h156,9250,1.06386,1.07226,0.98409,0.0822,0.05525,0.0,311.2,301.6,94884,310.6,1232.1,13.389,54.609,52.89743
AB95_h156,9300,1.06041,1.06971,0.98079,0.0831,0.05673,3e-05,311.0,301.6,94832,310.3,1233.8,13.307,54.18,52.76556
AB95_h156,9400,1.05377,1.06354,0.97463,0.0836,0.06011,0.0,310.4,301.6,94756,309.9,1237.9,13.167,53.432,52.59663
AB95_h156,9500,1.04598,1.0573,0.97167,0.081,0.06212,0.0,310.1,301.5,94745,309.8,1244.2,13.075,52.908,52.63487
AB95_h156,9600,1.04054,1.05318,0.97233,0.0768,0.06516,6e-05,309.9,301.5,94740,309.7,1251.6,13.048,52.698,52.97781
AB95_h156,9700,1.03626,1.04996,0.97324,0.0731,0.06893,0.00038,310.1,301.5,94763,310.0,1258.2,12.997,52.374,53.20055
AB95_h156,9750,1.0337,1.04842,0.97381,0.0712,0.07164,0.00062,310.3,301.5,94798,310.4,1261.9,12.963,52.174,53.27057
AB95_h156,9800,1.03132,1.04666,0.97391,0.0695,0.07389,0.00082,310.5,301.5,94863,310.8,1264.8,12.937,52.007,53.37237
AB95_h156,9900,1.02297,1.03936,0.96884,0.0679,0.07709,0.00118,311.1,301.4,95134,311.9,1270.7,12.813,51.336,53.22134
AB95_h156,10000,1.00974,1.02778,0.95493,0.0709,0.08019,0.00178,311.7,301.4,95633,313.2,1271.9,12.578,50.131,52.49706
AB95_h156,10250,0.95821,0.98009,0.90291,0.0788,0.0849,0.0028,312.6,301.2,97048,315.8,1270.6,11.841,46.412,49.8176
AB95_h156,10500,0.92152,0.94748,0.86817,0.0837,0.09326,0.00444,313.1,301.0,98394,315.4,1269.1,11.433,44.261,48.66751
AB95_h156,10750,0.89836,0.9311,0.85792,0.0786,0.08957,0.00882,315.6,300.9,98950,312.9,1274.1,11.366,43.733,49.23187
AB95_h156,11000,0.87767,0.91914,0.8569,0.0677,0.0757,0.01519,319.9,300.9,98873,311.3,1287.7,11.395,43.665,50.29847
AB95_h156,11250,0.86091,0.91015,0.85851,0.0567,0.06915,0.02204,324.9,300.9,98626,310.7,1301.0,11.448,43.705,51.48874
AB95_h156,11500,0.85088,0.90575,0.86234,0.0479,0.07245,0.02686,328.6,300.9,98312,310.7,1310.2,11.514,43.811,52.76059
AB95_h156,11750,0.85006,0.90711,0.86867,0.0424,0.06805,0.02842,329.9,300.9,98015,311.3,1315.3,11.615,44.084,54.24347
AB95_h156,12000,0.85404,0.90881,0.8698,0.0429,0.06495,0.02613,328.3,300.9,97800,311.9,1313.7,11.65,44.041,55.34355
AB95_h156,12250,0.84999,0.90264,0.86336,0.0435,0.06038,0.02516,327.6,300.9,97560,312.5,1313.2,11.578,43.483,55.78073
AB95_h156,12500,0.85461,0.90488,0.86782,0.041,0.05601,0.02365,326.2,300.9,97082,312.8,1314.6,11.647,43.596,57.06703
AB95_h84,4000,0.77555,0.86545,0.82591,0.0457,0.01512,0.06002,356.8,303.3,101397,312.0,1161.8,11.11,47.787,20.01697
AB95_h84,4250,0.77337,0.85117,0.80766,0.0511,0.01133,0.0473,346.5,303.6,101354,311.2,1164.9,11.045,47.294,21.04862
AB95_h84,4500,0.80277,0.85465,0.79924,0.0648,0.0241,0.02366,322.4,303.2,101372,307.7,1147.4,11.079,47.27,22.27546
AB95_h84,4750,0.85257,0.87188,0.78754,0.0967,0.06001,0.00157,313.2,303.0,101293,308.4,1106.4,11.042,46.91,23.33392
AB95_h84,5000,0.93327,0.94905,0.86455,0.089,0.05611,0.00153,312.2,302.6,100988,308.0,1122.4,12.18,52.15,27.30568
AB95_h84,5100,0.92848,0.94171,0.85851,0.0883,0.05642,0.00211,311.6,302.7,100835,307.6,1125.0,12.111,51.747,27.63656
AB95_h84,5200,0.91432,0.9285,0.84902,0.0856,0.05615,0.00321,312.2,302.9,100738,307.6,1131.7,11.977,51.035,27.79074
AB95_h84,5250,0.9079,0.92368,0.84548,0.0847,0.05605,0.00346,312.4,303.0,100710,307.8,1135.3,11.931,50.776,27.91556
AB95_h84,5300,0.90294,0.91879,0.84105,0.0846,0.05627,0.00336,312.4,303.1,100669,308.0,1137.9,11.872,50.458,28.00493
AB95_h84,5400,0.89459,0.90964,0.83074,0.0867,0.0598,0.00298,313.0,303.2,100597,308.4,1137.9,11.741,49.757,28.13692
AB95_h84,5500,0.88043,0.8984,0.82035,0.0869,0.06075,0.00309,313.5,303.4,100519,309.0,1140.7,11.592,48.971,28.20527
AB95_h84,5600,0.86971,0.89016,0.81464,0.0848,0.05449,0.00374,315.1,303.5,100559,309.6,1145.4,11.512,48.513,28.44951
AB95_h84,5700,0.86158,0.88611,0.81352,0.0819,0.04401,0.00773,318.6,303.6,100639,310.5,1149.5,11.476,48.266,28.8101
AB95_h84,5750,0.85559,0.88387,0.81389,0.0792,0.03956,0.0105,321.2,303.7,100709,311.2,1154.4,11.467,48.185,29.01405
AB95_h84,5800,0.8482,0.88132,0.81398,0.0764,0.03522,0.0135,324.0,303.7,100810,312.0,1159.9,11.45,48.065,29.19346
AB95_h84,5900,0.84829,0.88955,0.82647,0.0709,0.02913,0.01885,328.9,303.8,100911,313.5,1171.0,11.605,48.73,30.10766
AB95_h84,6000,0.86443,0.91326,0.85479,0.064,0.02632,0.02344,332.0,303.7,100900,313.9,1182.9,11.98,50.442,31.69364
AB95_h84,6100,0.88738,0.93913,0.88439,0.0583,0.01951,0.02385,330.2,303.4,100764,312.4,1191.9,12.421,52.471,33.51798
AB95_h84,6200,0.90132,0.95022,0.89757,0.0554,0.01583,0.02013,324.5,303.1,100662,310.2,1194.7,12.656,53.513,34.74398
AB95_h84,6250,0.90003,0.94753,0.89513,0.0553,0.01393,0.01977,323.9,303.1,100633,309.6,1196.3,12.637,53.382,34.93844
AB95_h84,6300,0.89496,0.94253,0.89148,0.0542,0.01262,0.01983,324.0,303.2,100624,309.2,1198.2,12.591,53.125,35.04839
AB95_h84,6400,0.88656,0.93419,0.88497,0.0527,0.0126,0.02072,324.6,303.3,100591,308.8,1202.7,12.516,52.695,35.31653
AB95_h84,6500,0.88278,0.92976,0.88193,0.0514,0.01419,0.02035,324.2,303.3,100547,308.7,1206.3,12.485,52.467,35.71315
AB95_h84,6600,0.88396,0.93019,0.88241,0.0514,0.01426,0.02012,323.7,303.4,100456,308.6,1209.6,12.506,52.49,36.27848
AB95_h84,6700,0.88618,0.93185,0.88308,0.0523,0.0151,0.01998,323.3,303.5,100385,308.6,1210.7,12.528,52.518,36.8478
AB95_h84,6750,0.88768,0.9323,0.88343,0.0524,0.01659,0.01971,323.1,303.5,100357,308.6,1211.1,12.541,52.542,37.13975
AB95_h84,6800,0.88773,0.93162,0.88343,0.0517,0.01766,0.01908,322.7,303.5,100339,308.7,1212.0,12.545,52.522,37.40062
AB95_h84,6900,0.90026,0.94012,0.89006,0.0532,0.02237,0.01692,320.2,303.5,100249,308.7,1208.9,12.66,52.995,38.2924
AB95_h84,7000,0.93011,0.96089,0.90477,0.0584,0.02206,0.00918,313.5,303.4,100028,308.4,1199.2,12.911,54.112,39.66617
AB95_h84,7100,0.9489,0.97117,0.91038,0.0626,0.02917,0.00199,311.3,303.4,99835,308.3,1189.3,13.023,54.569,40.57261
AB95_h84,7200,0.94971,0.97082,0.90801,0.0647,0.03208,0.00138,311.2,303.5,99684,308.5,1187.3,12.996,54.361,40.98723
AB95_h84,7250,0.94778,0.96956,0.90761,0.0639,0.03133,0.0013,311.4,303.5,99602,308.6,1189.1,12.988,54.285,41.21416
AB95_h84,7300,0.94516,0.96845,0.90855,0.0619,0.03013,0.00119,311.4,303.5,99525,308.8,1192.7,12.991,54.26,41.47929
AB95_h84,7400,0.94059,0.96668,0.90955,0.0591,0.02784,0.00279,312.3,303.6,99366,309.1,1198.5,13.0,54.225,42.02037
AB95_h84,7500,0.94427,0.96922,0.91081,0.0603,0.03109,0.0035,312.5,303.7,99183,309.3,1198.7,13.01,54.194,42.56387
AB95_h84,7600,0.9526,0.97289,0.91127,0.0633,0.03598,0.00181,312.3,303.7,99040,309.4,1195.4,13.029,54.209,43.14332
AB95_h84,7700,0.9609,0.97667,0.91156,0.0667,0.04314,0.0002,312.4,303.6,98898,309.5,1190.9,13.051,54.235,43.73196
AB95_h84,7750,0.9671,0.98088,0.91394,0.0682,0.04706,2e-05,312.4,303.6,98783,309.5,1189.3,13.094,54.402,44.15147
AB95_h84,7800,0.97345,0.98542,0.91751,0.0689,0.05054,0.00015,312.4,303.6,98651,309.5,1188.7,13.154,54.645,44.63481
AB95_h84,7900,0.97989,0.99034,0.92393,0.0671,0.05134,0.00019,312.6,303.5,98454,309.7,1192.0,13.249,55.022,45.51893
AB95_h84,8000,0.98469,0.9941,0.92702,0.0675,0.05065,0.00018,312.9,303.5,98258,310.0,1192.7,13.299,55.182,46.22916
AB95_h84,8100,0.98723,0.99609,0.92903,0.0673,0.05372,0.00023,313.4,303.6,97952,310.6,1197.6,13.316,55.182,46.80703
AB95_h84,8200,0.99299,1.00267,0.93531,0.0672,0.05012,0.00033,314.0,303.7,97609,311.2,1200.7,13.39,55.454,47.61846
AB95_h84,8250,0.99843,1.00881,0.94104,0.0672,0.04594,0.00038,314.1,303.7,97464,311.4,1202.4,13.465,55.773,48.18441
AB95_h84,8300,1.00526,1.01668,0.94851,0.0671,0.04112,0.00036,314.2,303.6,97333,311.6,1204.2,13.563,56.201,48.84845
AB95_h84,8400,1.02309,1.03445,0.9633,0.0688,0.03695,0.00024,314.1,303.6,97118,311.8,1204.7,13.764,57.082,50.21195
AB95_h84,8500,1.03909,1.04918,0.97759,0.0682,0.03691,6e-05,313.8,303.5,96859,311.9,1207.0,13.95,57.891,51.52982
AB95_h84,8600,1.0477,1.05603,0.98782,0.0646,0.03874,3e-05,313.8,303.5,96399,312.0,1212.0,14.056,58.316,52.5188
AB95_h84,8700,1.05151,1.05847,0.99032,0.0644,0.04113,3e-05,313.9,303.5,95831,312.3,1214.3,14.04,58.157,52.98463
AB95_h84,8750,1.05154,1.05853,0.9892,0.0655,0.04158,2e-05,314.1,303.6,95524,312.6,1215.4,13.991,57.883,53.03807
AB95_h84,8800,1.05148,1.05839,0.98672,0.0677,0.04181,0.0,314.2,303.6,95225,312.8,1215.8,13.924,57.522,53.00847
AB95_h84,8900,1.05082,1.05775,0.98118,0.0724,0.04193,0.0,314.4,303.6,94680,313.1,1215.9,13.786,56.785,52.92395
AB95_h84,9000,1.04937,1.05702,0.97502,0.0776,0.04493,0.0,314.4,303.6,94225,313.1,1215.9,13.61,55.868,52.65435
AB95_h84,9100,1.05068,1.05735,0.97058,0.0821,0.05103,0.0,313.9,303.6,93870,312.7,1219.6,13.409,54.827,52.24738
AB95_h84,9200,1.04536,1.05404,0.96665,0.0829,0.05277,0.0,313.4,303.6,93694,312.4,1230.8,13.154,53.528,51.57004
AB95_h84,9250,1.04275,1.05169,0.96338,0.084,0.0543,0.0,313.1,303.6,93577,312.1,1231.8,13.08,53.138,51.47253
AB95_h84,9300,1.03954,1.04875,0.95963,0.085,0.05587,2e-05,312.8,303.6,93489,311.9,1233.4,12.996,52.696,51.3203
AB95_h84,9400,1.0319,1.04165,0.95243,0.0857,0.05919,0.00011,312.3,303.6,93361,311.6,1237.2,12.837,51.857,51.04625
AB95_h84,9500,1.02227,1.03388,0.9469,0.0841,0.06099,1e-05,311.8,303.6,93303,311.3,1242.7,12.717,51.205,50.94066
AB95_h84,9600,1.01536,1.02798,0.94544,0.0803,0.06405,4e-05,311.4,303.6,93228,311.3,1249.9,12.662,50.859,51.12904
AB95_h84,9700,1.01064,1.02424,0.94753,0.0749,0.06758,0.00021,311.4,303.6,93154,311.5,1257.6,12.636,50.652,51.45137
AB95_h84,9750,1.0087,1.02278,0.94892,0.0722,0.06962,0.00038,311.6,303.5,93142,311.7,1262.2,12.619,50.533,51.59508
AB95_h84,9800,1.00619,1.02134,0.95063,0.0692,0.07183,0.00065,311.9,303.5,93141,312.0,1266.7,12.607,50.436,51.76013
AB95_h84,9900,0.99973,1.01655,0.95066,0.0648,0.07474,0.00135,312.6,303.5,93308,313.2,1274.8,12.544,50.05,51.88812
AB95_h84,10000,0.98933,1.00803,0.94124,0.0663,0.07833,0.00186,313.2,303.5,93777,314.6,1278.2,12.357,49.079,51.39541
AB95_h84,10250,0.94693,0.96808,0.89492,0.0756,0.08434,0.00257,314.0,303.3,95724,317.6,1276.1,11.689,45.685,49.03725
AB95_h84,10500,0.90816,0.93351,0.85642,0.0826,0.09223,0.004,314.4,303.1,97340,317.6,1272.6,11.224,43.26,47.56685
AB95_h84,10750,0.88681,0.91934,0.84647,0.0793,0.08986,0.00833,316.8,303.0,98045,314.9,1275.6,11.189,42.89,48.28288
AB95_h84,11000,0.86634,0.90709,0.84385,0.0697,0.07621,0.01453,321.0,303.0,97947,313.1,1287.6,11.199,42.73,49.22143
AB95_h84,11250,0.84951,0.89758,0.84496,0.0586,0.06954,0.02103,325.9,303.0,97816,312.3,1301.4,11.226,42.647,50.24231
AB95_h84,11500,0.83803,0.89187,0.8483,0.0488,0.0713,0.02639,330.0,303.0,97524,312.2,1310.7,11.296,42.775,51.51296
AB95_h84,11750,0.83408,0.89075,0.8528,0.0426,0.06823,0.02871,332.0,303.0,96962,312.7,1316.7,11.376,42.942,52.83829
AB95_h84,12000,0.83313,0.88789,0.85019,0.0425,0.0642,0.02687,331.0,303.1,96179,313.6,1316.5,11.356,42.634,53.57546
AB95_h84,12250,0.82193,0.8744,0.83542,0.0446,0.06027,0.02556,330.2,303.1,95406,314.5,1314.9,11.156,41.469,53.19714
AB95_h84,12500,0.80801,0.85837,0.82212,0.0422,0.05512,0.02397,329.0,303.1,93199,314.8,1316.6,10.961,40.326,52.78661
AB_port110,4000,0.78765,0.87495,0.83258,0.0484,0.01611,0.05829,354.2,302.4,101411,312.1,1159.4,11.205,48.24,20.20672
AB_port110,4250,0.74342,0.82204,0.77857,0.0529,0.01134,0.04747,347.5,302.5,101740,309.2,1161.6,10.654,45.428,20.21814
AB_port110,4500,0.80612,0.85761,0.80186,0.065,0.0244,0.0227,320.8,302.0,101788,306.6,1146.0,11.126,47.495,22.38149
AB_port110,4750,0.8988,0.91995,0.83995,0.087,0.05987,0.0027,312.9,301.5,101408,307.8,1115.3,11.775,50.403,25.0714
AB_port110,5000,0.93089,0.94028,0.85636,0.0893,0.06227,0.00112,310.1,301.6,100935,306.7,1117.1,12.068,51.615,27.02555
AB_port110,5100,0.9231,0.93412,0.85202,0.0879,0.0588,0.00163,310.5,301.7,100828,306.8,1123.2,12.01,51.264,27.3786
AB_port110,5200,0.90827,0.92052,0.8375,0.0902,0.05866,0.00217,311.4,301.9,100824,307.2,1126.3,11.819,50.28,27.37961
AB_port110,5250,0.90205,0.91392,0.83139,0.0903,0.05971,0.00217,311.8,301.9,100833,307.5,1128.5,11.74,49.864,27.41417
AB_port110,5300,0.89517,0.90885,0.82659,0.0905,0.06001,0.00215,312.2,301.9,100846,307.7,1130.5,11.677,49.524,27.48655
AB_port110,5400,0.88956,0.90235,0.81876,0.0926,0.0623,0.00231,313.1,302.0,100851,308.4,1131.6,11.577,48.973,27.69358
AB_port110,5500,0.89048,0.9054,0.81973,0.0946,0.06383,0.00157,313.5,302.0,100901,309.3,1132.8,11.59,48.963,28.20066
AB_port110,5600,0.90062,0.91982,0.83541,0.0918,0.05341,0.00436,316.0,302.0,100970,310.3,1139.1,11.797,49.875,29.24823
AB_port110,5700,0.90906,0.93676,0.85644,0.0857,0.04078,0.01035,320.2,302.0,101045,311.1,1148.9,12.071,51.103,30.50351
AB_port110,5750,0.90912,0.94392,0.86862,0.0798,0.03434,0.01471,322.9,302.0,101058,311.3,1157.9,12.224,51.796,31.18837
AB_port110,5800,0.90788,0.94911,0.88054,0.0722,0.02852,0.0192,325.5,301.9,101045,311.2,1167.9,12.375,52.478,31.8738
AB_port110,5900,0.89587,0.94656,0.89045,0.0593,0.02353,0.02554,329.3,301.8,101103,310.2,1184.3,12.5,52.998,32.74463
AB_port110,6000,0.87744,0.93304,0.88476,0.0517,0.022,0.02923,331.8,301.7,101236,309.1,1194.2,12.42,52.539,33.01123
AB_port110,6100,0.86758,0.92302,0.87817,0.0486,0.01886,0.02868,331.4,301.8,101192,308.3,1199.3,12.343,52.095,33.27779
AB_port110,6200,0.87914,0.92911,0.88296,0.0497,0.01601,0.02251,325.0,301.8,101042,307.6,1198.5,12.456,52.56,34.12524
AB_port110,6250,0.88222,0.93084,0.88393,0.0504,0.01424,0.02081,323.6,301.8,100995,307.5,1198.8,12.482,52.644,34.45542
AB_port110,6300,0.88481,0.93258,0.88512,0.0509,0.01256,0.0202,323.2,301.8,100962,307.4,1199.6,12.508,52.733,34.78978
AB_port110,6400,0.88626,0.93389,0.88598,0.0513,0.01253,0.02112,323.8,301.9,100907,307.3,1203.1,12.53,52.759,35.35942
AB_port110,6500,0.8857,0.93277,0.88537,0.0508,0.01456,0.02126,323.9,301.9,100876,307.5,1206.1,12.532,52.694,35.86767
AB_port110,6600,0.89023,0.93573,0.88865,0.0503,0.01446,0.02062,323.0,301.9,100872,307.5,1209.9,12.595,52.918,36.5743
AB_port110,6700,0.89911,0.94366,0.89734,0.0491,0.0156,0.01935,321.8,302.0,100805,307.6,1212.7,12.732,53.494,37.53259
AB_port110,6750,0.90715,0.9508,0.9049,0.0483,0.01723,0.01799,320.6,302.0,100786,307.6,1213.6,12.845,53.991,38.16399
AB_port110,6800,0.9159,0.95833,0.91259,0.0477,0.01871,0.01674,319.4,302.0,100753,307.7,1214.0,12.957,54.488,38.8006
AB_port110,6900,0.93458,0.97218,0.92171,0.0519,0.02329,0.01384,315.9,302.0,100571,307.7,1208.1,13.119,55.181,39.87193
AB_port110,7000,0.95167,0.98097,0.9217,0.0604,0.02272,0.00687,311.3,301.9,100314,307.6,1196.0,13.159,55.298,40.53555
AB_port110,7100,0.96124,0.98308,0.91971,0.0645,0.02953,0.00222,310.2,301.9,100164,307.6,1186.7,13.161,55.228,41.06258
AB_port110,7200,0.96194,0.98318,0.92001,0.0642,0.03217,0.00124,310.4,302.0,100031,307.8,1187.6,13.164,55.167,41.59494
AB_port110,7250,0.96114,0.98284,0.92105,0.0629,0.0311,0.00118,310.6,302.0,99975,308.0,1190.3,13.171,55.158,41.87696
AB_port110,7300,0.95939,0.98306,0.92338,0.0607,0.02993,0.0011,310.8,302.0,99922,308.1,1194.0,13.197,55.245,42.23227
AB_port110,7400,0.96214,0.98726,0.92948,0.0585,0.02909,0.0025,311.4,302.1,99730,308.3,1198.5,13.271,55.519,43.02313
AB_port110,7500,0.97106,0.99391,0.9346,0.0597,0.03279,0.00326,311.5,302.1,99527,308.4,1198.7,13.342,55.779,43.80872
AB_port110,7600,0.97686,0.99626,0.93559,0.0609,0.03673,0.00169,311.3,302.1,99367,308.8,1197.6,13.368,55.824,44.42865
AB_port110,7700,0.98229,0.99772,0.93387,0.064,0.04407,0.00043,311.7,302.1,99181,309.2,1193.8,13.355,55.685,44.90116
AB_port110,7750,0.98692,1.00053,0.93487,0.0656,0.04763,0.00029,311.9,302.1,99082,309.3,1192.2,13.37,55.718,45.21951
AB_port110,7800,0.99448,1.00569,0.9373,0.068,0.05146,0.00033,312.0,302.1,98978,309.4,1190.0,13.419,55.909,45.66726
AB_port110,7900,1.00653,1.01763,0.9479,0.0685,0.04936,0.00045,312.2,302.1,98784,309.7,1192.3,13.574,56.57,46.79957
AB_port110,8000,1.02374,1.03301,0.95769,0.0729,0.05116,0.00035,312.2,302.0,98451,309.7,1191.1,13.721,57.194,47.91473
AB_port110,8100,1.04037,1.05,0.97557,0.0709,0.05132,0.00018,312.1,302.0,98207,309.7,1197.2,13.961,58.257,49.41534
AB_port110,8200,1.05084,1.06125,0.99182,0.0654,0.04409,8e-05,312.1,302.0,97946,309.9,1205.1,14.167,59.16,50.80081
AB_port110,8250,1.05429,1.06465,0.99729,0.0633,0.04118,7e-05,312.2,302.0,97764,310.0,1207.7,14.232,59.431,51.3447
AB_port110,8300,1.05696,1.06704,1.00089,0.062,0.03961,7e-05,312.3,302.1,97540,310.3,1209.5,14.269,59.57,51.77669
AB_port110,8400,1.06189,1.0714,1.00415,0.0628,0.03783,5e-05,312.5,302.1,97009,310.8,1211.0,14.294,59.607,52.43306
AB_port110,8500,1.06673,1.07554,1.0037,0.0668,0.03804,2e-05,312.7,302.2,96482,311.4,1210.1,14.264,59.386,52.86054
AB_port110,8600,1.07218,1.07932,1.0015,0.0721,0.04045,0.0,312.7,302.2,96037,311.8,1207.1,14.203,59.013,53.14651
AB_port110,8700,1.07584,1.08271,0.99826,0.078,0.04236,0.0,312.6,302.2,95685,311.8,1204.4,14.125,58.561,53.35269
AB_port110,8750,1.07731,1.08421,0.99756,0.0799,0.04243,0.0,312.4,302.2,95569,311.8,1204.6,14.092,58.367,53.48156
AB_port110,8800,1.0777,1.08492,0.99747,0.0806,0.04224,0.0,312.2,302.2,95487,311.6,1205.7,14.074,58.238,53.66829
AB_port110,8900,1.07683,1.08447,0.99589,0.0817,0.04306,4e-05,311.6,302.1,95381,311.3,1207.6,14.02,57.902,53.965
AB_port110,9000,1.07057,1.07926,0.9884,0.0842,0.04608,0.00023,311.1,302.1,95296,310.9,1209.3,13.85,57.009,53.72972
AB_port110,9100,1.06595,1.07349,0.98276,0.0845,0.05133,0.0,310.5,302.1,95226,310.4,1215.7,13.645,55.955,53.3223
AB_port110,9200,1.05798,1.0671,0.9804,0.0812,0.0532,0.0,310.2,302.1,95237,310.4,1228.8,13.42,54.797,52.79262
AB_port110,9250,1.05615,1.06522,0.98049,0.0795,0.05459,0.0,310.2,302.0,95248,310.3,1232.4,13.392,54.626,52.9139
AB_port110,9300,1.05453,1.06363,0.98071,0.078,0.05582,0.0,310.1,302.0,95290,310.4,1236.4,13.353,54.397,52.9769
AB_port110,9400,1.05217,1.06211,0.9824,0.0751,0.05869,0.0,310.2,302.0,95374,310.7,1244.4,13.302,54.074,53.22859
AB_port110,9500,1.04705,1.05836,0.98225,0.0719,0.06102,9e-05,310.5,301.9,95585,311.5,1251.9,13.218,53.592,53.31534
AB_port110,9600,1.03742,1.04965,0.97232,0.0737,0.06472,0.00013,310.7,301.8,95950,312.4,1255.1,13.016,52.546,52.825
AB_port110,9700,1.02337,1.03543,0.9524,0.0802,0.07064,8e-05,310.9,301.7,96473,313.5,1252.9,12.682,50.874,51.67687
AB_port110,9750,1.01339,1.02608,0.94206,0.0819,0.07404,0.00011,311.0,301.7,96796,314.0,1252.8,12.504,49.983,51.03352
AB_port110,9800,1.00238,1.01554,0.93091,0.0833,0.07644,0.00013,311.0,301.6,97101,314.5,1252.7,12.336,49.142,50.43215
AB_port110,9900,0.98091,0.99502,0.90971,0.0857,0.0811,0.00028,311.2,301.5,97722,315.3,1253.5,12.028,47.59,49.33777
AB_port110,10000,0.96307,0.97901,0.89256,0.0883,0.08455,0.00067,311.2,301.4,98288,315.4,1254.1,11.787,46.36,48.54808
AB_port110,10250,0.93885,0.96079,0.87525,0.089,0.08603,0.00269,311.7,301.2,99218,313.1,1256.0,11.606,45.29,48.61327
AB_port110,10500,0.92642,0.95357,0.87372,0.0837,0.09337,0.00565,313.1,301.2,99207,311.1,1265.5,11.613,45.119,49.61093
AB_port110,10750,0.91031,0.94565,0.87881,0.0707,0.08724,0.01181,317.0,301.2,98979,310.3,1281.4,11.697,45.313,51.01054
AB_port110,11000,0.89567,0.93922,0.88591,0.0568,0.07374,0.01866,321.9,301.2,98845,310.2,1298.3,11.796,45.574,52.49748
AB_port110,11250,0.88674,0.93675,0.89514,0.0444,0.06829,0.024,326.3,301.2,98719,310.8,1313.1,11.912,45.918,54.09587
AB_port110,11500,0.86964,0.92423,0.88546,0.0419,0.07279,0.02701,329.3,301.3,98411,312.2,1317.3,11.78,45.079,54.28761
AB_port110,11750,0.84831,0.90445,0.86489,0.0437,0.0683,0.02852,330.6,301.4,98039,313.2,1315.9,11.512,43.592,53.63809
AB_port110,12000,0.85412,0.9088,0.87114,0.0414,0.0647,0.0271,329.0,301.3,97869,313.3,1317.1,11.624,43.912,55.18145
AB_port110,12250,0.85993,0.91292,0.87718,0.0392,0.06028,0.0274,328.8,301.3,97605,314.1,1319.4,11.714,44.13,56.61071
AB_port110,12500,0.8617,0.91329,0.88008,0.0364,0.05574,0.02646,328.2,301.3,97145,315.3,1322.1,11.743,44.055,57.66786
AB_port50,4000,0.72157,0.80603,0.76309,0.0533,0.0206,0.05475,352.3,301.5,102044,307.6,1150.8,10.312,43.979,18.42188
AB_port50,4250,0.76503,0.84387,0.80409,0.0471,0.0109,0.05153,348.9,301.5,101781,307.6,1165.5,11.007,47.115,20.96895
AB_port50,4500,0.867,0.91328,0.86057,0.0577,0.02701,0.022,318.1,301.6,101172,306.5,1149.9,11.939,51.373,24.20896
AB_port50,4750,0.91051,0.92501,0.84423,0.0873,0.06566,0.0017,308.4,301.6,101044,305.5,1110.2,11.842,50.725,25.23157
AB_port50,5000,0.90739,0.91427,0.82256,0.1003,0.06437,0.00086,309.1,301.7,100976,305.8,1105.4,11.614,49.45,25.89196
AB_port50,5100,0.89997,0.90982,0.81892,0.0999,0.05971,0.00178,309.8,301.7,100964,306.0,1111.4,11.582,49.223,26.28856
AB_port50,5200,0.8941,0.90677,0.81722,0.0988,0.05829,0.00304,311.0,301.7,100994,306.3,1118.5,11.557,49.029,26.69839
AB_port50,5250,0.89107,0.90563,0.81716,0.0977,0.05783,0.00376,311.6,301.7,101019,306.5,1122.9,11.559,49.001,26.93971
AB_port50,5300,0.88849,0.90508,0.81738,0.0969,0.05639,0.00429,312.2,301.8,101056,306.7,1126.9,11.566,48.997,27.19406
AB_port50,5400,0.89381,0.91259,0.82281,0.0984,0.0582,0.00474,313.0,301.7,101151,307.0,1129.2,11.656,49.353,27.90846
AB_port50,5500,0.89279,0.92043,0.84163,0.0856,0.05187,0.00954,315.7,301.7,101218,307.0,1146.5,11.901,50.445,29.05423
AB_port50,5600,0.89049,0.92504,0.85742,0.0731,0.04139,0.01274,316.7,301.6,101034,306.6,1162.3,12.11,51.366,30.1226
AB_port50,5700,0.87436,0.91161,0.84978,0.0678,0.03161,0.01313,317.3,301.8,100930,306.6,1167.2,11.997,50.749,30.29221
AB_port50,5750,0.865,0.90364,0.84409,0.0659,0.02967,0.01476,318.6,301.9,100967,306.8,1168.7,11.903,50.263,30.26529
AB_port50,5800,0.85199,0.89199,0.83463,0.0643,0.02841,0.01774,321.0,301.9,101052,307.0,1170.6,11.777,49.625,30.14096
AB_port50,5900,0.82214,0.86798,0.81532,0.0607,0.0247,0.02184,325.4,302.1,101212,307.5,1177.7,11.485,48.157,29.75364
AB_port50,6000,0.80856,0.85832,0.80979,0.0565,0.02475,0.02466,328.6,302.2,101270,307.8,1185.4,11.408,47.713,29.97896
AB_port50,6100,0.80692,0.85951,0.81526,0.0515,0.02152,0.0257,329.5,302.2,101366,308.2,1193.7,11.47,47.933,30.61915
AB_port50,6200,0.83738,0.88255,0.83174,0.0576,0.01956,0.01602,318.7,302.1,101086,308.1,1186.8,11.767,49.275,31.99241
AB_port50,6250,0.83848,0.88183,0.82927,0.0596,0.01827,0.01344,317.7,302.2,101029,308.4,1185.8,11.74,49.108,32.14111
AB_port50,6300,0.83764,0.87979,0.82599,0.0612,0.0165,0.01233,318.0,302.2,101010,308.8,1186.6,11.7,48.88,32.24782
AB_port50,6400,0.83985,0.88061,0.82528,0.0628,0.01485,0.01048,318.4,302.3,100944,309.5,1188.8,11.689,48.746,32.66988
AB_port50,6500,0.85645,0.89497,0.83392,0.0682,0.01756,0.0084,316.9,302.2,100789,310.2,1186.4,11.833,49.357,33.59624
AB_port50,6600,0.88461,0.92094,0.854,0.0727,0.01855,0.00612,316.3,302.2,100638,310.6,1187.4,12.126,50.68,35.0275
AB_port50,6700,0.91923,0.95534,0.88463,0.074,0.01881,0.00577,315.7,302.0,100579,310.2,1189.3,12.583,52.781,37.03233
AB_port50,6750,0.93036,0.96831,0.89822,0.0724,0.01902,0.00735,316.0,301.9,100549,309.9,1192.0,12.778,53.675,37.94062
AB_port50,6800,0.94058,0.97948,0.90965,0.0713,0.02121,0.00903,316.1,301.8,100478,309.4,1193.0,12.951,54.458,38.77923
AB_port50,6900,0.96514,0.99982,0.92666,0.0732,0.02341,0.0085,312.9,301.5,100507,307.7,1188.2,13.246,55.787,40.30981
AB_port50,7000,0.97263,0.99936,0.92645,0.073,0.02492,0.00316,309.9,301.4,100460,306.5,1182.6,13.285,55.897,40.97464
AB_port50,7100,0.96913,0.99152,0.91868,0.0735,0.03047,0.00118,309.2,301.4,100377,305.9,1178.2,13.203,55.428,41.21129
AB_port50,7200,0.96216,0.98485,0.91482,0.0711,0.031,0.00118,309.0,301.4,100302,305.8,1180.5,13.143,55.065,41.51803
AB_port50,7250,0.95825,0.98245,0.91473,0.0689,0.02948,0.00147,309.2,301.5,100271,305.8,1184.5,13.138,55.0,41.757
AB_port50,7300,0.95464,0.98056,0.91501,0.0669,0.02783,0.00205,309.4,301.5,100242,305.8,1188.1,13.137,54.956,42.01135
AB_port50,7400,0.95239,0.98029,0.916,0.0656,0.02743,0.00331,309.6,301.6,100159,305.9,1191.1,13.15,54.941,42.57522
AB_port50,7500,0.95953,0.98318,0.91406,0.0703,0.03268,0.00231,309.1,301.6,100034,305.9,1187.0,13.136,54.797,43.03746
AB_port50,7600,0.96392,0.98332,0.91185,0.0727,0.03786,0.00081,308.7,301.6,99932,305.8,1183.7,13.122,54.649,43.49351
AB_port50,7700,0.96955,0.98476,0.91068,0.0752,0.04536,2e-05,308.4,301.6,99839,305.7,1179.5,13.124,54.583,44.01257
AB_port50,7750,0.9719,0.98537,0.90992,0.0766,0.04861,4e-05,308.4,301.6,99800,305.7,1178.1,13.127,54.556,44.27645
AB_port50,7800,0.9742,0.98571,0.90924,0.0776,0.05198,6e-05,308.4,301.6,99764,305.7,1177.0,13.126,54.516,44.52944
AB_port50,7900,0.97557,0.98613,0.91119,0.076,0.05011,6e-05,308.5,301.6,99691,305.8,1180.1,13.167,54.629,45.19381
AB_port50,8000,0.97696,0.98645,0.91041,0.0771,0.05137,8e-05,308.7,301.6,99569,305.8,1180.0,13.168,54.557,45.70557
AB_port50,8100,0.98132,0.99034,0.91591,0.0752,0.05452,7e-05,308.8,301.6,99489,305.9,1185.6,13.247,54.852,46.52711
AB_port50,8200,0.98194,0.99216,0.91927,0.0735,0.05015,0.00019,309.0,301.7,99380,306.0,1189.4,13.287,54.965,47.19855
AB_port50,8250,0.98131,0.99238,0.92002,0.0729,0.04635,0.00024,309.1,301.7,99316,306.1,1191.0,13.299,54.98,47.49931
AB_port50,8300,0.97984,0.99202,0.92053,0.0721,0.04221,0.00028,309.2,301.7,99243,306.3,1192.8,13.307,54.979,47.78632
AB_port50,8400,0.97904,0.99204,0.92175,0.0709,0.03819,0.00032,309.5,301.7,99082,306.5,1195.6,13.318,54.955,48.34094
AB_port50,8500,0.98053,0.99263,0.92198,0.0712,0.03761,0.00031,309.7,301.7,98909,306.7,1196.5,13.322,54.892,48.86035
AB_port50,8600,0.98358,0.99505,0.92413,0.0713,0.03587,0.00032,310.0,301.7,98741,306.9,1197.6,13.34,54.899,49.44148
AB_port50,8700,0.98989,0.99957,0.92719,0.0724,0.03813,0.00025,310.3,301.7,98594,307.2,1197.6,13.365,54.936,50.05009
AB_port50,8750,0.99551,1.00384,0.93104,0.0725,0.03982,0.00017,310.4,301.7,98519,307.2,1198.1,13.4,55.065,50.45594
AB_port50,8800,1.00003,1.00825,0.93645,0.0712,0.04052,8e-05,310.5,301.7,98427,307.3,1201.0,13.445,55.242,50.90737
AB_port50,8900,1.00688,1.01499,0.94569,0.0683,0.04037,4e-05,310.6,301.7,98218,307.4,1208.2,13.518,55.51,51.73564
AB_port50,9000,1.01044,1.01912,0.95179,0.0661,0.04191,0.00014,310.9,301.7,97970,307.9,1214.6,13.525,55.46,52.26982
AB_port50,9100,1.01441,1.02303,0.95498,0.0665,0.04698,0.00026,311.2,301.7,97704,308.4,1220.9,13.434,54.945,52.35983
AB_port50,9200,1.01633,1.02649,0.96127,0.0635,0.04854,0.00038,311.8,301.7,97423,309.2,1239.2,13.242,53.948,51.97468
AB_port50,9250,1.01957,1.0298,0.96399,0.0639,0.05059,0.00045,312.0,301.7,97271,309.5,1242.2,13.232,53.862,52.17384
AB_port50,9300,1.02399,1.03455,0.96815,0.0642,0.05243,0.00051,312.1,301.7,97126,309.7,1244.6,13.241,53.865,52.45879
AB_port50,9400,1.03475,1.04546,0.97727,0.0652,0.05601,0.00049,312.1,301.7,96815,310.1,1250.5,13.265,53.897,53.05436
AB_port50,9500,1.04221,1.05362,0.98404,0.066,0.06001,0.00016,312.1,301.7,96470,310.5,1255.7,13.266,53.823,53.54515
AB_port50,9600,1.04841,1.06011,0.98958,0.0665,0.06456,2e-05,312.0,301.6,96142,311.0,1260.6,13.263,53.726,54.01127
AB_port50,9700,1.04966,1.06218,0.9931,0.065,0.06954,0.00011,312.0,301.6,95818,311.4,1265.4,13.241,53.539,54.38393
AB_port50,9750,1.04792,1.06096,0.99361,0.0635,0.07282,0.00021,312.1,301.7,95626,311.7,1268.6,13.201,53.309,54.42943
AB_port50,9800,1.04571,1.05909,0.99272,0.0627,0.07516,0.00029,312.3,301.7,95425,311.9,1270.9,13.16,53.07,54.46328
AB_port50,9900,1.03975,1.05488,0.98799,0.0634,0.0787,0.00046,312.5,301.7,95040,312.2,1274.3,13.034,52.388,54.31198
AB_port50,10000,1.03392,1.05066,0.97991,0.0673,0.08194,0.00095,312.8,301.7,94727,312.1,1275.2,12.879,51.568,54.00188
AB_port50,10250,1.0139,1.03658,0.9634,0.0706,0.08474,0.00322,313.2,301.8,94339,311.0,1277.7,12.648,50.26,53.94795
AB_port50,10500,0.99067,1.01867,0.9508,0.0666,0.09314,0.0068,314.6,301.8,94267,310.5,1286.7,12.48,49.254,54.1576
AB_port50,10750,0.96326,0.99906,0.94381,0.0553,0.08755,0.01322,318.6,301.8,94457,311.2,1303.1,12.379,48.564,54.67031
AB_port50,11000,0.93664,0.9799,0.9378,0.043,0.07371,0.01885,323.9,301.8,94914,314.5,1320.2,12.25,47.74,54.99253
AB_port50,11250,0.90033,0.94974,0.90804,0.0439,0.06874,0.02197,328.1,301.8,95943,319.1,1324.8,11.831,45.536,53.64584
AB_port50,11500,0.85155,0.90486,0.85987,0.0497,0.07083,0.02335,329.9,301.8,97001,321.7,1320.7,11.22,42.41,51.0734
AB_port50,11750,0.81274,0.86835,0.81989,0.0558,0.06775,0.02248,328.9,301.6,98136,321.0,1310.9,10.795,40.171,49.42869
AB_port50,12000,0.80625,0.85946,0.80515,0.0632,0.06418,0.02015,325.7,301.4,98734,317.9,1297.0,10.755,39.767,49.97269
AB_port50,12250,0.81181,0.8625,0.80787,0.0633,0.05954,0.01822,323.2,301.3,98618,314.6,1291.9,10.89,40.202,51.57181
AB_port50,12500,0.82309,0.87157,0.81699,0.0626,0.05681,0.01653,321.2,301.2,98276,312.1,1289.4,11.074,40.866,53.49347
AB_port65,4000,0.73093,0.81657,0.77551,0.0503,0.0198,0.05669,354.2,301.5,101981,307.9,1154.2,10.468,44.725,18.73436
AB_port65,4250,0.78818,0.86574,0.82729,0.0444,0.01133,0.05078,348.1,301.8,101427,309.2,1168.9,11.311,48.563,21.6134
AB_port65,4500,0.85393,0.90025,0.84168,0.0651,0.02657,0.01822,315.6,302.0,100934,307.3,1144.3,11.683,50.151,23.6331
AB_port65,4750,0.88771,0.90308,0.82043,0.0915,0.0644,0.00177,309.2,301.7,101146,306.0,1107.2,11.512,49.153,24.44963
AB_port65,5000,0.89554,0.90345,0.81058,0.1028,0.06347,0.00108,310.4,301.7,101127,306.6,1104.2,11.447,48.653,25.47465
AB_port65,5100,0.89223,0.90399,0.81091,0.103,0.05842,0.00208,311.5,301.7,101180,307.0,1110.3,11.467,48.676,25.99643
AB_port65,5200,0.89879,0.9139,0.82154,0.1011,0.05637,0.00368,312.9,301.7,101249,307.3,1119.1,11.618,49.319,26.8563
AB_port65,5250,0.90426,0.92268,0.83428,0.0958,0.05372,0.00503,313.7,301.6,101226,307.3,1128.2,11.795,50.129,27.55986
AB_port65,5300,0.91263,0.93454,0.85198,0.0883,0.05032,0.00636,314.1,301.6,101121,307.0,1138.5,12.039,51.251,28.44506
AB_port65,5400,0.91932,0.94499,0.86931,0.0801,0.05072,0.00839,314.2,301.5,100826,306.5,1149.7,12.277,52.315,29.58344
AB_port65,5500,0.90881,0.93537,0.86204,0.0784,0.05237,0.00782,313.3,301.7,100719,306.6,1152.1,12.181,51.779,29.82256
AB_port65,5600,0.89066,0.91888,0.84947,0.0755,0.04605,0.00768,313.4,301.8,100697,306.8,1156.2,12.007,50.876,29.83524
AB_port65,5700,0.87274,0.90366,0.83858,0.072,0.03753,0.01,315.8,301.9,100875,307.0,1159.7,11.843,50.015,29.85408
AB_port65,5750,0.86096,0.89373,0.8308,0.0704,0.03485,0.01261,318.1,302.0,100959,307.3,1161.6,11.734,49.457,29.77997
AB_port65,5800,0.84557,0.88217,0.82298,0.0671,0.03179,0.01556,320.7,302.1,101075,307.6,1166.6,11.615,48.853,29.67207
AB_port65,5900,0.82537,0.86922,0.81693,0.0602,0.02638,0.02083,325.4,302.1,101302,308.0,1177.6,11.507,48.261,29.81789
AB_port65,6000,0.81589,0.86387,0.81529,0.0562,0.02607,0.02397,328.6,302.2,101454,308.7,1185.3,11.478,48.049,30.19008
AB_port65,6100,0.81342,0.86115,0.81306,0.0558,0.02486,0.02266,328.3,302.3,101464,309.7,1188.2,11.449,47.833,30.55527
AB_port65,6200,0.84804,0.88582,0.82434,0.0694,0.02436,0.01035,317.5,302.2,101026,310.2,1174.8,11.665,48.788,31.67622
AB_port65,6250,0.85887,0.8947,0.83087,0.0713,0.02263,0.00767,316.9,302.2,100873,310.5,1175.3,11.767,49.234,32.22358
AB_port65,6300,0.86847,0.90472,0.83974,0.0718,0.0205,0.0066,317.1,302.2,100785,310.8,1177.3,11.885,49.758,32.82707
AB_port65,6400,0.89927,0.93598,0.86753,0.0731,0.01889,0.00644,317.4,302.1,100738,311.0,1181.5,12.293,51.627,34.60075
AB_port65,6500,0.91399,0.9569,0.89201,0.0678,0.01549,0.01207,320.1,302.0,100726,310.8,1192.8,12.63,53.159,36.18418
AB_port65,6600,0.92681,0.97256,0.91067,0.0636,0.01383,0.01652,321.1,301.8,100629,309.5,1200.4,12.916,54.449,37.63245
AB_port65,6700,0.92557,0.97043,0.91232,0.0599,0.01678,0.01685,320.0,301.6,100619,308.3,1203.6,12.972,54.635,38.33314
AB_port65,6750,0.92238,0.96672,0.91039,0.0583,0.01764,0.01689,319.6,301.6,100636,307.8,1204.9,12.956,54.523,38.54004
AB_port65,6800,0.92031,0.9638,0.90854,0.0573,0.01933,0.01654,318.9,301.6,100637,307.5,1205.0,12.939,54.401,38.73864
AB_port65,6900,0.92477,0.96365,0.90602,0.0598,0.02295,0.01426,316.0,301.6,100551,306.9,1200.9,12.934,54.3,39.23535
AB_port65,7000,0.94461,0.97433,0.9113,0.0647,0.02216,0.00605,310.6,301.6,100437,306.3,1191.6,13.051,54.779,40.1551
AB_port65,7100,0.95868,0.98171,0.91199,0.071,0.02947,0.00134,309.3,301.6,100283,306.0,1180.3,13.095,54.912,40.82764
AB_port65,7200,0.95995,0.98178,0.91168,0.0714,0.03208,0.00093,309.0,301.6,100158,306.0,1180.0,13.093,54.828,41.33934
AB_port65,7250,0.9572,0.97987,0.91231,0.069,0.03102,0.00093,309.0,301.6,100138,306.0,1183.4,13.094,54.79,41.59757
AB_port65,7300,0.95447,0.97843,0.91291,0.067,0.03,0.00124,309.1,301.7,100130,306.1,1187.0,13.1,54.783,41.8791
AB_port65,7400,0.95013,0.97587,0.91266,0.0648,0.02908,0.00318,309.8,301.7,100081,306.2,1190.6,13.095,54.678,42.37141
AB_port65,7500,0.95714,0.98003,0.91479,0.0666,0.03291,0.00341,309.7,301.7,100049,306.2,1189.8,13.126,54.75,43.00055
AB_port65,7600,0.96642,0.98556,0.91921,0.0673,0.03738,0.00137,309.1,301.7,99979,306.2,1188.9,13.206,55.053,43.81504
AB_port65,7700,0.97382,0.9888,0.91969,0.0699,0.04478,7e-05,308.9,301.7,99871,306.2,1185.1,13.231,55.095,44.42542
AB_port65,7750,0.97616,0.98954,0.91884,0.0714,0.04812,7e-05,308.9,301.7,99801,306.3,1183.4,13.23,55.047,44.67494
AB_port65,7800,0.97855,0.98993,0.91729,0.0734,0.05196,0.00014,308.9,301.7,99734,306.3,1181.1,13.219,54.959,44.89129
AB_port65,7900,0.97914,0.99002,0.91744,0.0733,0.05011,0.00029,309.1,301.7,99612,306.5,1183.3,13.236,54.957,45.46516
AB_port65,8000,0.97953,0.98953,0.91417,0.0762,0.05068,0.00038,309.4,301.8,99452,306.7,1181.8,13.21,54.754,45.8706
AB_port65,8100,0.98293,0.99256,0.91807,0.0751,0.05389,0.00037,309.6,301.8,99290,306.8,1186.9,13.261,54.92,46.58479
AB_port65,8200,0.98324,0.99398,0.92098,0.0734,0.0498,0.00033,309.9,301.8,99133,307.0,1190.7,13.291,54.982,47.21315
AB_port65,8250,0.98347,0.99472,0.92272,0.0724,0.0459,0.00031,310.1,301.8,99060,307.2,1192.8,13.315,55.058,47.5667
AB_port65,8300,0.98418,0.99629,0.92531,0.0713,0.04214,0.00026,310.3,301.8,98977,307.3,1195.0,13.35,55.188,47.96797
AB_port65,8400,0.9908,1.00277,0.93322,0.0694,0.03869,5e-05,310.4,301.8,98755,307.4,1197.6,13.45,55.585,48.89512
AB_port65,8500,0.99985,1.01097,0.94321,0.067,0.03666,7e-05,310.5,301.8,98571,307.5,1201.4,13.586,56.154,49.98368
AB_port65,8600,1.00511,1.01535,0.94817,0.0662,0.03686,0.00018,310.7,301.8,98362,307.8,1203.6,13.635,56.307,50.70952
AB_port65,8700,1.00998,1.01888,0.95074,0.0669,0.03888,0.00028,311.1,301.8,98127,308.2,1204.5,13.648,56.29,51.28367
AB_port65,8750,1.0128,1.02108,0.95235,0.0673,0.03979,0.00032,311.3,301.8,98001,308.4,1205.3,13.645,56.233,51.52618
AB_port65,8800,1.01511,1.02366,0.95475,0.0673,0.04003,0.00037,311.5,301.8,97901,308.7,1207.6,13.65,56.217,51.80587
AB_port65,8900,1.01938,1.02831,0.95858,0.0678,0.03964,0.00044,312.0,301.8,97634,309.4,1212.1,13.635,56.067,52.25477
AB_port65,9000,1.03099,1.04054,0.96942,0.0683,0.04193,0.00051,312.1,301.8,97366,309.8,1217.0,13.699,56.288,53.05019
AB_port65,9100,1.04762,1.05548,0.98115,0.0704,0.04913,0.00022,311.9,301.7,97119,310.0,1223.5,13.698,56.204,53.55959
AB_port65,9200,1.05537,1.0647,0.99138,0.0689,0.05156,1e-05,311.8,301.7,96813,310.5,1238.8,13.588,55.601,53.56721
AB_port65,9250,1.05841,1.06762,0.99509,0.0679,0.05365,3e-05,311.8,301.7,96640,310.6,1241.6,13.6,55.615,53.8719
AB_port65,9300,1.05946,1.06855,0.99757,0.0664,0.05503,5e-05,311.8,301.7,96437,310.8,1245.7,13.588,55.52,54.07058
AB_port65,9400,1.05803,1.06769,0.9987,0.0646,0.05808,7e-05,312.0,301.7,95967,311.2,1253.1,13.494,54.989,54.12929
AB_port65,9500,1.05509,1.06527,0.99458,0.0664,0.06113,0.0,312.2,301.8,95502,311.5,1257.4,13.346,54.203,53.92319
AB_port65,9600,1.05167,1.06282,0.98808,0.0703,0.0657,0.0,312.3,301.8,95112,311.6,1258.7,13.186,53.359,53.64232
AB_port65,9700,1.04867,1.06047,0.98101,0.0749,0.07152,1e-05,312.1,301.8,94803,311.3,1258.2,13.029,52.531,53.36002
AB_port65,9750,1.04629,1.05886,0.97796,0.0764,0.07539,7e-05,312.0,301.8,94685,311.1,1258.8,12.954,52.129,53.22463
AB_port65,9800,1.04333,1.05669,0.9754,0.0769,0.07739,0.00016,311.9,301.8,94594,311.0,1259.3,12.908,51.87,53.23177
AB_port65,9900,1.03566,1.05111,0.97081,0.0764,0.0804,0.00047,311.7,301.8,94476,310.6,1263.4,12.814,51.34,53.22549
AB_port65,10000,1.02644,1.04453,0.96545,0.0757,0.08162,0.00137,311.8,301.8,94421,310.3,1267.2,12.731,50.862,53.26256
AB_port65,10250,1.00221,1.02696,0.95599,0.0691,0.08209,0.00543,313.3,301.9,94356,310.1,1278.6,12.597,50.017,53.68712
AB_port65,10500,0.98621,1.01532,0.95739,0.0571,0.0903,0.00787,315.0,301.8,94527,311.5,1295.6,12.566,49.663,54.60732
AB_port65,10750,0.95983,0.99383,0.94322,0.0509,0.08977,0.01118,318.7,301.8,95365,315.4,1308.7,12.311,48.242,54.30782
AB_port65,11000,0.90526,0.94632,0.89333,0.056,0.0766,0.01512,322.3,301.7,96700,318.8,1308.7,11.64,44.829,51.6393
AB_port65,11250,0.85369,0.9,0.84625,0.0597,0.071,0.01742,324.1,301.6,98010,319.5,1306.2,11.089,41.996,49.47537
AB_port65,11500,0.82113,0.8732,0.81843,0.0627,0.07386,0.02035,325.8,301.4,98878,317.7,1299.6,10.843,40.61,48.9057
AB_port65,11750,0.80659,0.86199,0.80986,0.0605,0.06797,0.0226,327.4,301.4,98880,315.1,1299.3,10.823,40.304,49.59234
AB_port65,12000,0.81828,0.87279,0.8212,0.0591,0.06433,0.02158,325.6,301.3,98653,312.3,1296.8,11.057,41.209,51.78476
AB_port65,12250,0.83075,0.88301,0.83386,0.0557,0.05919,0.02248,325.5,301.2,98380,310.9,1298.1,11.275,42.039,53.92834
AB_port65,12500,0.84615,0.89581,0.85061,0.0505,0.05696,0.02164,324.3,301.2,97910,310.3,1301.1,11.525,43.015,56.3065
AB_port80,4000,0.75027,0.83888,0.79854,0.0481,0.01745,0.05968,355.3,301.6,101725,309.1,1157.3,10.766,46.145,19.32917
AB_port80,4250,0.80197,0.87921,0.83833,0.0465,0.01127,0.04725,345.4,302.3,101075,310.7,1168.9,11.454,49.243,21.91604
AB_port80,4500,0.8265,0.87624,0.81972,0.0645,0.02489,0.02113,318.7,302.1,101293,307.3,1146.7,11.367,48.646,22.92389
AB_port80,4750,0.87577,0.89191,0.80859,0.0934,0.06314,0.00115,310.0,301.7,101336,306.5,1106.5,11.346,48.361,24.05567
AB_port80,5000,0.90199,0.91172,0.8156,0.1054,0.06117,0.00143,312.3,301.6,101321,307.6,1104.8,11.518,48.992,25.65215
AB_port80,5100,0.92244,0.93955,0.85193,0.0933,0.05278,0.00368,313.0,301.5,101164,307.3,1123.4,12.023,51.326,27.41172
AB_port80,5200,0.93342,0.95367,0.87293,0.0847,0.05085,0.00449,312.0,301.5,100912,306.7,1136.8,12.319,52.665,28.67834
AB_port80,5250,0.9309,0.94979,0.86938,0.0847,0.05369,0.00418,311.7,301.6,100834,306.6,1138.2,12.281,52.443,28.83205
AB_port80,5300,0.92552,0.94395,0.8646,0.0841,0.05361,0.00419,311.5,301.6,100763,306.6,1139.9,12.217,52.103,28.91793
AB_port80,5400,0.91479,0.93286,0.85489,0.0836,0.05821,0.00398,311.4,301.7,100718,306.7,1141.6,12.087,51.408,29.07054
AB_port80,5500,0.89573,0.91832,0.84499,0.0799,0.05675,0.00538,312.6,301.9,100785,307.0,1147.7,11.943,50.645,29.16943
AB_port80,5600,0.88175,0.90686,0.83466,0.0796,0.04975,0.00578,313.2,301.9,100866,307.3,1150.9,11.806,49.914,29.2711
AB_port80,5700,0.86378,0.89187,0.82299,0.0772,0.04066,0.00908,316.5,302.1,100962,307.9,1153.7,11.632,49.009,29.2536
AB_port80,5750,0.85357,0.88452,0.81859,0.0745,0.03655,0.0119,318.9,302.1,101062,308.2,1157.7,11.558,48.618,29.27477
AB_port80,5800,0.8449,0.88028,0.81924,0.0693,0.03292,0.01487,321.4,302.2,101161,308.5,1164.6,11.548,48.535,29.47893
AB_port80,5900,0.82905,0.87112,0.81598,0.0633,0.02779,0.01961,326.4,302.2,101388,309.6,1175.5,11.483,48.147,29.74746
AB_port80,6000,0.82162,0.86675,0.81134,0.0639,0.02807,0.0216,329.3,302.3,101468,311.1,1179.1,11.406,47.702,29.97205
AB_port80,6100,0.85743,0.89992,0.83718,0.0697,0.02616,0.01648,323.4,302.2,101228,311.9,1175.1,11.803,49.522,31.63418
AB_port80,6200,0.9052,0.94512,0.8785,0.0705,0.02029,0.009,318.5,302.0,100919,311.3,1178.2,12.41,52.341,33.98305
AB_port80,6250,0.90873,0.95173,0.88833,0.0666,0.01529,0.01175,320.6,301.9,100850,311.1,1185.6,12.539,52.918,34.63475
AB_port80,6300,0.91458,0.96032,0.89884,0.064,0.01266,0.01534,322.1,301.8,100819,310.5,1190.5,12.695,53.623,35.37694
AB_port80,6400,0.91818,0.96486,0.90755,0.0594,0.01385,0.01833,322.4,301.7,100825,309.1,1197.4,12.847,54.27,36.3721
AB_port80,6500,0.91025,0.9568,0.90329,0.0559,0.01477,0.01927,322.1,301.7,100826,308.1,1202.6,12.805,53.995,36.75323
AB_port80,6600,0.90294,0.94934,0.89777,0.0543,0.01378,0.01962,321.8,301.7,100799,307.6,1206.9,12.746,53.638,37.07192
AB_port80,6700,0.9019,0.94751,0.89657,0.0538,0.01561,0.0188,320.7,301.8,100738,307.3,1208.2,12.74,53.531,37.55855
AB_port80,6750,0.90057,0.9457,0.89544,0.0531,0.0168,0.01824,320.3,301.8,100714,307.2,1209.3,12.731,53.447,37.77946
AB_port80,6800,0.90229,0.9464,0.89625,0.053,0.01803,0.01733,319.7,301.8,100678,307.1,1209.3,12.747,53.486,38.08708
AB_port80,6900,0.91667,0.95616,0.90181,0.0568,0.02273,0.01518,317.2,301.8,100532,306.9,1204.1,12.859,53.942,38.97667
AB_port80,7000,0.9414,0.97067,0.90787,0.0647,0.02309,0.00751,311.1,301.7,100362,306.5,1191.1,12.998,54.526,39.96965
AB_port80,7100,0.95363,0.97547,0.90752,0.0697,0.03035,0.00253,309.6,301.7,100263,306.4,1180.9,13.025,54.581,40.58153
AB_port80,7200,0.95606,0.97671,0.91071,0.0676,0.03282,0.00161,309.5,301.7,100220,306.4,1182.6,13.064,54.686,41.23227
AB_port80,7250,0.95711,0.9784,0.9145,0.0653,0.03205,0.00125,309.5,301.7,100212,306.5,1186.1,13.111,54.872,41.65982
AB_port80,7300,0.95764,0.97993,0.9188,0.0624,0.03108,0.00094,309.5,301.7,100210,306.6,1190.3,13.165,55.091,42.11455
AB_port80,7400,0.95867,0.98306,0.92422,0.0599,0.0297,0.00169,309.8,301.8,100167,306.7,1195.3,13.244,55.389,42.92239
AB_port80,7500,0.96306,0.98599,0.92357,0.0633,0.03268,0.00232,309.9,301.8,100053,306.9,1193.7,13.235,55.271,43.40974
AB_port80,7600,0.96722,0.9872,0.92222,0.0658,0.03672,0.00134,309.6,301.8,99899,307.0,1191.2,13.229,55.16,43.9002
AB_port80,7700,0.97175,0.9876,0.91929,0.0692,0.04403,0.00049,309.6,301.9,99735,307.2,1186.8,13.208,54.981,44.3335
AB_port80,7750,0.974,0.98807,0.91796,0.071,0.04739,0.00036,309.7,301.9,99654,307.2,1184.9,13.199,54.902,44.55726
AB_port80,7800,0.97665,0.98868,0.91673,0.0728,0.05099,0.00035,309.8,301.9,99577,307.3,1182.9,13.191,54.824,44.78102
AB_port80,7900,0.97908,0.99033,0.91797,0.0731,0.04952,0.00034,310.2,301.9,99439,307.5,1184.8,13.221,54.889,45.4089
AB_port80,8000,0.98652,0.99617,0.92138,0.0751,0.05061,0.00014,310.3,301.9,99230,307.5,1184.1,13.277,55.077,46.1412
AB_port80,8100,0.99588,1.0048,0.93187,0.0726,0.05441,2e-05,310.4,301.8,99004,307.5,1190.3,13.423,55.692,47.23963
AB_port80,8200,0.99762,1.00794,0.93868,0.0687,0.0494,0.00017,310.6,301.8,98744,307.7,1196.9,13.507,56.012,48.09762
AB_port80,8250,0.99796,1.00883,0.94114,0.0671,0.04528,0.00025,310.8,301.9,98624,307.9,1199.3,13.534,56.102,48.46865
AB_port80,8300,0.99772,1.00964,0.94316,0.0658,0.04113,0.00029,311.0,301.9,98496,308.2,1201.7,13.56,56.187,48.83628
AB_port80,8400,0.99985,1.012,0.94626,0.065,0.03761,0.00031,311.6,301.9,98283,308.7,1203.9,13.591,56.255,49.48448
AB_port80,8500,1.00623,1.01777,0.95081,0.0658,0.03558,0.0004,312.0,301.9,98039,309.2,1205.2,13.643,56.422,50.22223
AB_port80,8600,1.02022,1.03081,0.96079,0.0679,0.03647,0.00046,312.2,301.9,97832,309.6,1205.5,13.76,56.902,51.24537
AB_port80,8700,1.04007,1.04841,0.97334,0.0716,0.0398,0.00033,312.0,301.8,97647,309.9,1204.2,13.904,57.51,52.39517
AB_port80,8750,1.0475,1.05591,0.97976,0.0721,0.04061,0.0002,311.9,301.8,97536,310.0,1205.9,13.965,57.758,52.92353
AB_port80,8800,1.05447,1.06247,0.98601,0.072,0.04122,5e-05,311.8,301.8,97408,310.1,1208.2,14.018,57.972,53.42316
AB_port80,8900,1.06243,1.0702,0.99729,0.0681,0.0418,4e-05,311.8,301.8,97060,310.3,1215.7,14.111,58.337,54.37042
AB_port80,9000,1.06369,1.07195,1.00199,0.0653,0.04438,5e-05,311.9,301.8,96579,310.6,1223.2,14.071,58.066,54.72592
AB_port80,9100,1.06579,1.07254,1.00048,0.0672,0.05005,5e-05,312.1,301.9,96091,311.0,1228.2,13.909,57.211,54.51921
AB_port80,9200,1.06212,1.07086,0.99638,0.0695,0.05221,0.0,312.4,301.9,95631,311.4,1240.5,13.582,55.572,53.53927
AB_port80,9250,1.06237,1.07073,0.99332,0.0723,0.05464,0.0,312.3,301.9,95432,311.4,1240.3,13.509,55.182,53.45247
AB_port80,9300,1.06227,1.07071,0.99046,0.075,0.05628,0.0,312.3,301.9,95260,311.3,1241.1,13.421,54.721,53.29244
AB_port80,9400,1.0605,1.0694,0.98524,0.0787,0.06027,0.0,312.0,301.9,94991,311.1,1243.0,13.267,53.908,53.06519
AB_port80,9500,1.05547,1.06604,0.9813,0.0795,0.06265,0.0,311.7,301.9,94825,310.8,1247.0,13.154,53.287,53.01192
AB_port80,9600,1.0497,1.06145,0.97659,0.0799,0.06581,9e-05,311.3,301.9,94716,310.5,1250.3,13.055,52.731,53.01098
AB_port80,9700,1.04189,1.05523,0.97052,0.0803,0.07072,0.00054,311.1,301.9,94621,310.1,1253.1,12.931,52.061,52.88261
AB_port80,9750,1.03689,1.05167,0.96731,0.0802,0.07299,0.00087,311.0,301.9,94582,310.0,1255.1,12.864,51.702,52.78865
AB_port80,9800,1.03263,1.04819,0.96547,0.0789,0.0746,0.00113,310.9,301.9,94543,309.9,1257.1,12.822,51.461,52.81204
AB_port80,9900,1.02461,1.04211,0.96345,0.0755,0.07746,0.0014,310.7,301.9,94513,309.8,1263.5,12.771,51.136,53.014
AB_port80,10000,1.01893,1.03777,0.96392,0.0712,0.07977,0.00192,311.0,301.9,94594,310.1,1270.4,12.749,50.946,53.35053
AB_port80,10250,1.003,1.02674,0.96608,0.0591,0.08114,0.00457,313.4,301.8,95068,312.5,1288.3,12.697,50.494,54.19912
AB_port80,10500,0.965,0.99252,0.92528,0.0677,0.09228,0.00581,314.8,301.7,96255,315.7,1287.7,12.09,47.392,52.11023
AB_port80,10750,0.91085,0.94306,0.87697,0.0701,0.09115,0.00799,316.5,301.5,97715,317.5,1288.4,11.475,44.253,49.81726
AB_port80,11000,0.87212,0.91183,0.8466,0.0715,0.07759,0.01273,319.3,301.4,98826,316.5,1287.4,11.171,42.597,49.06822
AB_port80,11250,0.84611,0.89308,0.8345,0.0656,0.07186,0.01806,323.1,301.3,98990,314.1,1294.0,11.079,41.947,49.41765
AB_port80,11500,0.83073,0.88376,0.83249,0.058,0.07368,0.02218,326.1,301.3,98878,312.3,1300.5,11.115,41.908,50.46885
AB_port80,11750,0.82855,0.88532,0.83792,0.0535,0.06764,0.02665,329.0,301.3,98740,311.3,1303.6,11.241,42.299,52.04711
AB_port80,12000,0.84457,0.8992,0.85608,0.048,0.06502,0.02614,328.0,301.2,98465,310.7,1306.8,11.524,43.436,54.58329
AB_port80,12250,0.85424,0.90743,0.86833,0.0431,0.06006,0.02511,327.2,301.2,98008,310.9,1311.5,11.698,44.056,56.51579
AB_port80,12500,0.85456,0.90474,0.86633,0.0425,0.05629,0.02263,325.5,301.2,97186,311.5,1311.4,11.675,43.733,57.24636
AB_port95,4000,0.77394,0.86393,0.82504,0.045,0.01519,0.06027,356.7,302.0,101479,311.3,1161.8,11.101,47.744,19.99896
AB_port95,4250,0.77868,0.85708,0.81301,0.0514,0.01089,0.04678,345.1,302.4,101548,310.5,1164.3,11.121,47.658,21.21062
AB_port95,4500,0.81478,0.86505,0.80682,0.0673,0.02529,0.0222,319.7,302.0,101597,306.8,1143.8,11.197,47.836,22.54218
AB_port95,4750,0.86204,0.88067,0.79491,0.0974,0.06114,0.00142,312.3,301.7,101576,307.4,1105.2,11.156,47.452,23.60352
AB_port95,5000,0.94139,0.95563,0.87063,0.0889,0.05724,0.00143,311.1,301.4,101082,307.0,1121.4,12.263,52.548,27.51407
AB_port95,5100,0.93526,0.94779,0.86395,0.0885,0.05734,0.00202,310.5,301.6,100904,306.6,1124.1,12.191,52.128,27.84004
AB_port95,5200,0.9229,0.93696,0.85656,0.0858,0.05663,0.0031,311.0,301.7,100803,306.7,1131.4,12.087,51.558,28.07553
AB_port95,5250,0.91696,0.93205,0.85369,0.0841,0.05683,0.00341,311.2,301.8,100804,306.8,1135.4,12.05,51.345,28.22839
AB_port95,5300,0.91112,0.92672,0.84834,0.0846,0.05649,0.00334,311.3,301.8,100783,306.9,1137.2,11.979,50.966,28.28688
AB_port95,5400,0.90186,0.91694,0.83695,0.0872,0.06027,0.003,311.9,301.9,100795,307.3,1136.9,11.83,50.182,28.37725
AB_port95,5500,0.88697,0.9058,0.82695,0.087,0.0604,0.00347,312.4,302.0,100864,307.8,1139.6,11.703,49.499,28.50938
AB_port95,5600,0.87785,0.89882,0.82218,0.0853,0.05339,0.00417,314.0,302.0,100903,308.4,1144.5,11.622,49.036,28.75621
AB_port95,5700,0.86937,0.89466,0.82044,0.083,0.043,0.0084,317.8,302.1,100987,309.4,1148.3,11.584,48.781,29.11751
AB_port95,5750,0.86351,0.89304,0.82175,0.0798,0.03877,0.0113,320.4,302.2,101107,310.0,1153.8,11.59,48.773,29.36811
AB_port95,5800,0.85693,0.89124,0.82342,0.0761,0.03409,0.01424,323.2,302.2,101211,310.8,1159.9,11.593,48.75,29.60951
AB_port95,5900,0.85695,0.89967,0.83687,0.0698,0.0287,0.01937,327.9,302.3,101263,312.2,1171.7,11.749,49.417,30.53212
AB_port95,6000,0.87343,0.923,0.8642,0.0637,0.02592,0.02397,330.8,302.1,101237,312.5,1182.8,12.128,51.147,32.13661
AB_port95,6100,0.89479,0.94626,0.89143,0.0579,0.01934,0.02372,328.5,301.9,101027,310.9,1191.4,12.536,53.018,33.8674
AB_port95,6200,0.90659,0.95523,0.90218,0.0555,0.01546,0.01999,323.1,301.6,100998,308.8,1194.1,12.737,53.898,34.99395
AB_port95,6250,0.90253,0.9505,0.89859,0.0546,0.01387,0.01974,322.7,301.7,100967,308.2,1195.5,12.698,53.674,35.12955
AB_port95,6300,0.89955,0.9471,0.89575,0.0542,0.01225,0.01982,322.7,301.7,100947,307.9,1197.5,12.66,53.458,35.26808
AB_port95,6400,0.89267,0.94032,0.89061,0.0529,0.01282,0.02046,323.1,301.7,100913,307.5,1201.7,12.607,53.128,35.60673
AB_port95,6500,0.88921,0.9362,0.88815,0.0513,0.01417,0.02002,322.7,301.8,100877,307.4,1205.4,12.576,52.901,36.00857
AB_port95,6600,0.8938,0.94013,0.8914,0.0518,0.01392,0.01992,322.1,301.9,100808,307.2,1208.7,12.641,53.133,36.72289
AB_port95,6700,0.89758,0.94271,0.89269,0.0531,0.01535,0.01977,321.6,301.9,100733,307.2,1209.0,12.679,53.238,37.35297
AB_port95,6750,0.89823,0.94288,0.89315,0.0527,0.01698,0.01921,321.2,301.9,100702,307.2,1209.4,12.686,53.234,37.6289
AB_port95,6800,0.90023,0.94345,0.89386,0.0526,0.01862,0.01838,320.6,301.9,100685,307.2,1209.6,12.71,53.309,37.96104
AB_port95,6900,0.91465,0.95355,0.90131,0.0548,0.0228,0.01603,317.6,301.9,100603,307.2,1206.0,12.839,53.846,38.90731
AB_port95,7000,0.94574,0.97492,0.91727,0.0591,0.02266,0.00744,311.3,301.8,100461,306.9,1196.5,13.106,55.042,40.34789
AB_port95,7100,0.963,0.98364,0.92004,0.0647,0.03063,0.00153,309.7,301.8,100326,306.9,1185.9,13.181,55.321,41.13173
AB_port95,7200,0.9634,0.98384,0.91936,0.0655,0.03287,0.00102,309.7,301.8,100213,307.1,1185.2,13.166,55.174,41.60022
AB_port95,7250,0.96206,0.98354,0.92032,0.0643,0.03177,0.00111,309.8,301.9,100156,307.2,1187.9,13.18,55.201,41.90961
AB_port95,7300,0.95979,0.98311,0.92218,0.062,0.03037,0.00104,309.9,301.9,100100,307.3,1191.7,13.196,55.241,42.22922
AB_port95,7400,0.95613,0.9818,0.92281,0.0601,0.02866,0.00235,310.5,302.0,99977,307.6,1196.1,13.205,55.205,42.7798
AB_port95,7500,0.96228,0.98592,0.92515,0.0616,0.03212,0.00276,310.6,302.0,99833,307.7,1196.3,13.237,55.28,43.41681
AB_port95,7600,0.96821,0.98818,0.92425,0.0647,0.03654,0.00132,310.5,302.0,99717,307.9,1193.2,13.234,55.187,43.92169
AB_port95,7700,0.97507,0.99041,0.92257,0.0685,0.04452,0.00014,310.7,302.0,99530,308.0,1188.3,13.23,55.089,44.42058
AB_port95,7750,0.98066,0.99415,0.92501,0.0695,0.04821,4e-05,310.7,302.0,99394,308.0,1186.9,13.269,55.233,44.82589
AB_port95,7800,0.98689,0.99831,0.92804,0.0704,0.05175,7e-05,310.7,301.9,99264,308.0,1186.1,13.325,55.46,45.30051
AB_port95,7900,0.99246,1.00316,0.93447,0.0685,0.05037,0.00022,310.9,301.9,99028,308.2,1189.9,13.421,55.841,46.19648
AB_port95,8000,0.99701,1.00665,0.93621,0.07,0.05047,0.00024,311.1,302.0,98802,308.5,1190.1,13.454,55.921,46.84827
AB_port95,8100,1.00251,1.0116,0.94192,0.0689,0.05381,0.00028,311.6,302.0,98619,309.0,1195.5,13.523,56.168,47.64338
AB_port95,8200,1.00919,1.01923,0.94922,0.0687,0.04856,0.00042,312.1,302.0,98368,309.4,1198.6,13.618,56.544,48.55445
AB_port95,8250,1.01432,1.02553,0.95544,0.0683,0.04373,0.00047,312.2,302.0,98225,309.6,1200.7,13.695,56.87,49.13215
AB_port95,8300,1.0207,1.03273,0.96207,0.0684,0.03953,0.00043,312.3,302.0,98106,309.8,1202.0,13.785,57.262,49.77064
AB_port95,8400,1.03863,1.04977,0.97705,0.0693,0.03657,0.00024,312.2,301.9,97873,310.0,1202.9,13.986,58.142,51.14437
AB_port95,8500,1.05323,1.06316,0.9909,0.068,0.03722,6e-05,312.0,301.9,97633,310.0,1206.2,14.168,58.928,52.45287
AB_port95,8600,1.06194,1.06992,1.00043,0.065,0.03927,4e-05,312.0,301.9,97247,310.2,1210.4,14.255,59.265,53.37346
AB_port95,8700,1.0663,1.07327,1.00287,0.0656,0.04131,5e-05,312.1,302.0,96761,310.6,1212.4,14.24,59.113,53.8556
AB_port95,8750,1.06698,1.07427,1.00236,0.0669,0.04164,4e-05,312.2,302.0,96505,310.8,1213.5,14.198,58.874,53.94612
AB_port95,8800,1.06734,1.07494,1.00106,0.0687,0.04176,2e-05,312.3,302.0,96249,311.0,1214.1,14.148,58.593,53.99543
AB_port95,8900,1.06914,1.07612,0.9983,0.0723,0.0424,0.0,312.5,302.1,95788,311.4,1215.0,14.052,58.055,54.1076
AB_port95,9000,1.06909,1.07705,0.99365,0.0774,0.0459,0.0,312.4,302.1,95431,311.5,1215.4,13.893,57.214,53.92292
AB_port95,9100,1.07139,1.07826,0.99153,0.0804,0.05167,0.0,312.0,302.0,95227,311.2,1220.4,13.724,56.328,53.67775
AB_port95,9200,1.06667,1.0755,0.98902,0.0804,0.05356,1e-05,311.6,302.0,95109,311.0,1231.5,13.487,55.119,53.10284
AB_port95,9250,1.06462,1.07376,0.98616,0.0816,0.05506,0.0001,311.3,302.0,95047,310.7,1232.6,13.422,54.767,53.05048
AB_port95,9300,1.06183,1.07112,0.98278,0.0825,0.05619,0.00022,311.1,302.0,94987,310.6,1234.6,13.341,54.342,52.92333
AB_port95,9400,1.05484,1.06488,0.97596,0.0835,0.05959,0.00022,310.6,302.0,94892,310.2,1238.3,13.194,53.56,52.72263
AB_port95,9500,1.04642,1.058,0.97225,0.081,0.06186,0.0,310.2,302.0,94864,310.0,1243.9,13.086,52.963,52.68959
AB_port95,9600,1.04088,1.05345,0.97193,0.0774,0.0653,1e-05,310.0,302.0,94884,310.0,1250.6,13.042,52.673,52.95268
AB_port95,9700,1.03751,1.05089,0.9736,0.0735,0.06946,0.00016,310.2,301.9,94966,310.3,1257.7,13.005,52.415,53.24219
AB_port95,9750,1.03544,1.04973,0.97542,0.0708,0.07208,0.0004,310.4,301.9,95026,310.6,1261.9,12.99,52.299,53.3982
AB_port95,9800,1.03349,1.04824,0.97628,0.0687,0.07387,0.00067,310.7,301.9,95107,311.0,1265.5,12.969,52.162,53.53144
AB_port95,9900,1.02436,1.04154,0.97205,0.0667,0.07661,0.00121,311.3,301.8,95386,312.1,1271.6,12.861,51.561,53.45461
AB_port95,10000,1.01199,1.03016,0.95828,0.0698,0.08024,0.00162,311.8,301.8,95829,313.4,1272.9,12.623,50.349,52.72535
AB_port95,10250,0.96074,0.983,0.90631,0.078,0.08509,0.0026,312.7,301.6,97348,316.0,1271.0,11.891,46.648,50.07091
AB_port95,10500,0.92258,0.94871,0.87055,0.0824,0.0934,0.00428,313.2,301.4,98651,315.6,1269.9,11.463,44.4,48.82035
AB_port95,10750,0.89923,0.93251,0.85895,0.0789,0.0893,0.00879,315.7,301.2,99133,313.2,1273.7,11.383,43.815,49.32418
AB_port95,11000,0.87846,0.91976,0.8577,0.0675,0.07639,0.01478,319.8,301.3,98989,311.6,1287.7,11.407,43.721,50.36298
AB_port95,11250,0.86104,0.91041,0.85835,0.0572,0.06928,0.02189,325.1,301.3,98860,310.9,1300.9,11.435,43.643,51.4157
AB_port95,11500,0.85455,0.90911,0.86536,0.0481,0.07295,0.02698,328.8,301.3,98768,310.9,1309.8,11.562,44.043,53.03998
AB_port95,11750,0.85522,0.91201,0.87347,0.0423,0.06785,0.02869,330.2,301.2,98512,311.4,1315.0,11.681,44.4,54.6323
AB_port95,12000,0.85584,0.91056,0.87185,0.0425,0.06494,0.0262,328.6,301.3,97963,312.1,1314.3,11.678,44.174,55.51069
AB_port95,12250,0.84965,0.90238,0.86289,0.0438,0.06054,0.02493,327.6,301.3,97550,312.8,1313.2,11.571,43.448,55.73583
AB_port95,12500,0.85593,0.90612,0.86857,0.0414,0.05633,0.02365,326.4,301.3,97263,313.1,1314.3,11.655,43.639,57.12332
S_shipped,4000,0.86627,0.89196,0.89196,0.0,0.00874,0.00029,307.0,298.6,98895,302.3,1192.0,12.492,54.379,22.77822
S_shipped,4250,0.82721,0.85985,0.85985,0.0,0.00647,0.00549,310.5,298.4,98637,302.0,1209.1,12.109,52.368,23.30685
S_shipped,4500,0.85871,0.89421,0.89421,0.0,0.00307,0.00662,310.1,298.0,98167,301.9,1226.3,12.665,54.834,25.83991
S_shipped,4750,0.8405,0.87556,0.87556,0.0,3e-05,0.00776,310.0,297.8,97942,301.0,1232.1,12.46,53.671,26.69697
S_shipped,5000,0.85626,0.88143,0.88143,0.0,0.00161,0.0,304.9,297.4,97558,300.5,1233.3,12.618,54.238,28.39895
S_shipped,5100,0.8578,0.88235,0.88235,0.0,0.00272,0.0,304.7,297.3,97399,300.3,1236.8,12.653,54.333,29.01767
S_shipped,5200,0.85771,0.88152,0.88152,0.0,0.00364,3e-05,304.9,297.1,97237,300.4,1241.1,12.667,54.324,29.58174
S_shipped,5250,0.85862,0.88227,0.88227,0.0,0.00431,9e-05,305.1,297.1,97141,300.4,1243.0,12.686,54.377,29.89532
S_shipped,5300,0.86184,0.88522,0.88522,0.0,0.0049,0.00016,305.2,297.0,97028,300.4,1245.1,12.735,54.575,30.28993
S_shipped,5400,0.87441,0.89845,0.89845,0.0,0.00497,0.00031,305.2,296.7,96752,300.3,1250.4,12.936,55.458,31.36076
S_shipped,5500,0.89453,0.91895,0.91895,0.0,0.0051,0.00026,304.3,296.4,96403,300.0,1254.9,13.25,56.881,32.7611
S_shipped,5600,0.89406,0.9184,0.9184,0.0,0.00588,2e-05,303.2,296.3,96247,299.6,1257.1,13.26,56.85,33.33858
S_shipped,5700,0.88126,0.90548,0.90548,0.0,0.00711,3e-05,302.7,296.3,96211,299.3,1258.3,13.086,55.947,33.39491
S_shipped,5750,0.8713,0.89677,0.89677,0.0,0.00747,0.00017,302.8,296.3,96226,299.2,1259.7,12.959,55.3,33.29826
S_shipped,5800,0.86302,0.88931,0.88931,0.0,0.00683,0.00047,302.9,296.3,96227,299.2,1261.2,12.852,54.754,33.25619
S_shipped,5900,0.85094,0.87827,0.87827,0.0,0.0067,0.00103,303.5,296.2,96177,299.0,1261.8,12.698,53.943,33.3285
S_shipped,6000,0.84049,0.86881,0.86881,0.0,0.00792,0.00174,304.1,296.2,96096,299.0,1262.0,12.58,53.304,33.49189
S_shipped,6100,0.82985,0.85993,0.85993,0.0,0.00789,0.0031,305.5,296.1,96016,299.1,1265.1,12.456,52.638,33.62465
S_shipped,6200,0.81569,0.84754,0.84754,0.0,0.00733,0.0043,306.7,296.0,95965,299.4,1268.5,12.284,51.741,33.59349
S_shipped,6250,0.80818,0.84059,0.84059,0.0,0.00645,0.00496,307.6,296.0,95943,299.5,1270.4,12.188,51.245,33.53977
S_shipped,6300,0.79925,0.83291,0.83291,0.0,0.00508,0.00573,308.6,296.0,95926,299.8,1272.4,12.077,50.674,33.43138
S_shipped,6400,0.78451,0.81965,0.81965,0.0,0.00284,0.00668,310.7,296.0,95856,300.5,1276.2,11.886,49.689,33.30189
S_shipped,6500,0.78662,0.8214,0.8214,0.0,0.00141,0.00623,311.9,295.8,95631,301.1,1279.4,11.91,49.723,33.84537
S_shipped,6600,0.81918,0.85326,0.85326,0.0,0.00174,0.00615,311.2,295.3,95096,300.7,1282.2,12.4,51.985,35.92945
S_shipped,6700,0.84509,0.87859,0.87859,0.0,0.00169,0.00696,309.9,294.9,94600,299.7,1284.8,12.796,53.797,37.74518
S_shipped,6750,0.84465,0.87915,0.87915,0.0,0.00126,0.007,309.6,294.8,94501,299.3,1286.3,12.811,53.828,38.04877
S_shipped,6800,0.84114,0.87577,0.87577,0.0,0.0014,0.00703,309.3,294.7,94439,299.1,1287.9,12.768,53.587,38.159
S_shipped,6900,0.83393,0.86808,0.86808,0.0,0.00161,0.00687,308.8,294.6,94324,298.8,1290.3,12.664,53.011,38.30396
S_shipped,7000,0.83001,0.86416,0.86416,0.0,0.00167,0.00678,308.7,294.5,94161,298.6,1293.2,12.603,52.645,38.5908
S_shipped,7100,0.82293,0.85722,0.85722,0.0,0.00132,0.00679,309.0,294.4,94019,298.5,1295.2,12.519,52.165,38.78521
S_shipped,7200,0.81593,0.84991,0.84991,0.0,0.00092,0.00674,309.5,294.2,93866,298.5,1296.7,12.415,51.59,38.89794
S_shipped,7250,0.81306,0.84725,0.84725,0.0,0.00073,0.00669,309.7,294.1,93767,298.6,1297.4,12.374,51.358,38.99193
S_shipped,7300,0.81022,0.84416,0.84416,0.0,0.00063,0.00665,309.9,294.1,93664,298.7,1298.0,12.33,51.11,39.07125
S_shipped,7400,0.8054,0.83856,0.83856,0.0,0.00013,0.00633,310.0,293.9,93436,298.9,1298.5,12.241,50.605,39.21514
S_shipped,7500,0.80701,0.83833,0.83833,0.0,0.00046,0.00528,309.4,293.6,93100,299.1,1298.1,12.238,50.514,39.6736
S_shipped,7600,0.81204,0.84314,0.84314,0.0,0.00063,0.00386,309.0,293.2,92642,299.3,1298.7,12.311,50.784,40.41747
S_shipped,7700,0.83182,0.86131,0.86131,0.0,0.00043,0.00182,307.8,292.6,91926,299.3,1299.4,12.562,51.902,41.85077
S_shipped,7750,0.84738,0.87589,0.87589,0.0,3e-05,0.00137,307.5,292.2,91461,299.2,1300.0,12.771,52.859,42.89921
S_shipped,7800,0.86671,0.89506,0.89506,0.0,0.0,0.00081,306.5,291.7,90899,298.8,1300.7,13.044,54.121,44.2068
S_shipped,7900,0.9117,0.93762,0.93762,0.0,7e-05,0.0,303.1,290.5,89665,297.2,1301.3,13.687,57.109,47.24548
S_shipped,8000,0.93339,0.95692,0.95692,0.0,0.0,0.0,300.4,289.8,88932,295.7,1300.6,14.0,58.524,49.02895
S_shipped,8100,0.93273,0.95407,0.95407,0.0,0.00034,0.0,299.0,289.6,88696,294.9,1300.4,13.985,58.374,49.51458
S_shipped,8200,0.92382,0.94386,0.94386,0.0,0.00205,0.0,298.4,289.5,88631,294.6,1301.2,13.855,57.676,49.5265
S_shipped,8250,0.91867,0.93832,0.93832,0.0,0.00244,0.0,298.2,289.5,88590,294.5,1301.6,13.782,57.288,49.49328
S_shipped,8300,0.91429,0.93342,0.93342,0.0,0.0028,0.0,298.0,289.4,88512,294.4,1302.4,13.716,56.931,49.48294
S_shipped,8400,0.90671,0.92519,0.92519,0.0,0.0029,0.0,297.7,289.2,88296,294.2,1303.7,13.608,56.339,49.55837
S_shipped,8500,0.90071,0.91903,0.91903,0.0,0.00293,2e-05,297.5,288.9,87972,293.9,1305.4,13.521,55.841,49.70507
S_shipped,8600,0.89775,0.91648,0.91648,0.0,0.00283,5e-05,297.2,288.5,87495,293.5,1307.9,13.473,55.533,50.01246
S_shipped,8700,0.89608,0.91496,0.91496,0.0,0.00268,8e-05,296.8,288.0,86888,293.1,1310.2,13.44,55.298,50.3799
S_shipped,8750,0.89582,0.91485,0.91485,0.0,0.00275,0.0001,296.5,287.7,86532,292.8,1311.3,13.434,55.23,50.60713
S_shipped,8800,0.89565,0.9149,0.9149,0.0,0.00294,0.0001,296.2,287.4,86153,292.5,1312.2,13.425,55.146,50.81891
S_shipped,8900,0.89374,0.91314,0.91314,0.0,0.00344,4e-05,295.5,286.7,85326,292.1,1314.1,13.381,54.855,51.12518
S_shipped,9000,0.88711,0.90603,0.90603,0.0,0.00303,3e-05,295.1,286.1,84631,291.8,1314.6,13.265,54.222,51.10303
S_shipped,9100,0.89092,0.90934,0.90934,0.0,0.00148,0.0,294.6,285.5,83884,291.3,1316.4,13.285,54.234,51.68228
S_shipped,9200,0.90524,0.92144,0.92144,0.0,0.00183,0.0,293.3,284.6,83032,290.2,1318.0,13.429,54.842,52.83598
S_shipped,9250,0.91053,0.92589,0.92589,0.0,0.00238,0.0,292.8,284.3,82745,289.6,1318.9,13.479,55.038,53.31298
S_shipped,9300,0.91201,0.92703,0.92703,0.0,0.00242,0.0,292.4,284.2,82605,289.3,1319.9,13.484,55.025,53.5885
S_shipped,9400,0.90894,0.92382,0.92382,0.0,0.0024,0.0,292.0,284.2,82612,288.8,1322.7,13.404,54.562,53.70896
S_shipped,9500,0.90481,0.91976,0.91976,0.0,0.00219,0.0,291.9,284.1,82613,288.5,1326.9,13.278,53.877,53.59887
S_shipped,9600,0.90284,0.91863,0.91863,0.0,0.00238,0.0,291.5,283.9,82435,288.1,1335.7,13.106,52.976,53.25728
S_shipped,9700,0.89763,0.91344,0.91344,0.0,0.00223,0.0,291.3,283.8,82388,288.0,1340.9,12.95,52.15,52.97301
S_shipped,9750,0.89452,0.91026,0.91026,0.0,0.00228,0.0,291.3,283.8,82370,287.9,1342.9,12.88,51.778,52.86625
S_shipped,9800,0.89181,0.90741,0.90741,0.0,0.00246,0.0,291.4,283.7,82349,287.9,1345.1,12.807,51.387,52.73609
S_shipped,9900,0.88643,0.90236,0.90236,0.0,0.00287,0.0,291.4,283.6,82258,287.7,1349.9,12.667,50.638,52.49771
S_shipped,10000,0.88142,0.89777,0.89777,0.0,0.00317,0.0,291.4,283.5,82122,287.6,1354.5,12.544,49.971,52.32951
S_shipped,10250,0.87287,0.89091,0.89091,0.0,0.00333,1e-05,291.4,282.9,81521,287.0,1364.2,12.325,48.72,52.29495
S_shipped,10500,0.87004,0.88989,0.88989,0.0,0.00344,0.00073,291.3,281.8,80424,286.2,1373.4,12.182,47.831,52.59293
S_shipped,10750,0.86818,0.89075,0.89075,0.0,0.00401,0.00264,292.0,280.5,79147,285.4,1384.0,12.071,47.096,53.01773
S_shipped,11000,0.86435,0.89011,0.89011,0.0,0.00465,0.00304,293.4,279.2,77849,284.8,1392.9,11.94,46.261,53.28885
S_shipped,11250,0.85913,0.88841,0.88841,0.0,0.00525,0.00341,295.3,277.9,76466,284.1,1396.9,11.888,45.807,53.9651
S_shipped,11500,0.86714,0.89775,0.89775,0.0,0.00548,0.00379,295.2,275.0,73646,282.3,1399.5,11.97,45.985,55.37869
S_shipped,11750,0.8677,0.89931,0.89931,0.0,0.0057,0.00405,295.3,272.6,71391,282.0,1403.6,11.92,45.539,56.03379
S_shipped,12000,0.84874,0.88333,0.88333,0.0,0.0057,0.0042,295.3,272.5,71342,283.8,1405.9,11.677,44.17,55.50566
S_shipped,12250,0.82273,0.85811,0.85811,0.0,0.00594,0.00392,294.9,274.0,72689,286.1,1406.5,11.345,42.371,54.35424
S_shipped,12500,0.7953,0.83142,0.83142,0.0,0.00592,0.00393,294.4,275.5,74168,288.0,1406.8,11.026,40.637,53.19371
V2cam,4000,0.71973,0.80193,0.75893,0.0536,0.02109,0.0521,347.9,301.8,101987,306.7,1148.9,10.271,43.785,18.34062
V2cam,4250,0.72695,0.80511,0.76396,0.0511,0.01128,0.04727,348.9,301.8,101797,309.1,1160.7,10.463,44.52,19.81402
V2cam,4500,0.81661,0.87141,0.81787,0.0614,0.02321,0.02848,324.6,301.4,101435,305.4,1150.9,11.332,48.478,22.84472
V2cam,4750,0.88453,0.90207,0.82203,0.0887,0.06363,0.0035,308.9,301.2,101077,304.7,1108.9,11.54,49.284,24.51479
V2cam,5000,0.91056,0.91883,0.83314,0.0933,0.06299,0.00091,308.9,301.1,101038,304.7,1110.9,11.765,50.172,26.27
V2cam,5100,0.92773,0.93728,0.85411,0.0887,0.05989,0.00133,309.1,301.1,100955,304.7,1120.0,12.065,51.529,27.52013
V2cam,5200,0.94019,0.95077,0.86984,0.0851,0.06028,0.00214,309.1,301.1,100816,304.7,1129.2,12.29,52.526,28.60265
V2cam,5250,0.94168,0.95345,0.87212,0.0853,0.06048,0.00237,309.1,301.1,100730,304.7,1132.2,12.329,52.675,28.95959
V2cam,5300,0.94145,0.9532,0.87133,0.0859,0.05971,0.00245,308.9,301.1,100646,304.7,1133.8,12.331,52.647,29.21986
V2cam,5400,0.93079,0.94623,0.86418,0.0867,0.06248,0.00316,309.1,301.2,100559,304.6,1135.7,12.226,52.071,29.44546
V2cam,5500,0.92024,0.93937,0.85643,0.0883,0.06032,0.00327,308.7,301.2,100403,304.6,1137.6,12.124,51.506,29.66533
V2cam,5600,0.90828,0.93126,0.85132,0.0858,0.04946,0.00598,310.7,301.3,100367,304.6,1143.4,12.053,51.092,29.96191
V2cam,5700,0.89117,0.91991,0.84415,0.0824,0.03935,0.01091,314.0,301.4,100472,304.8,1148.5,11.951,50.529,30.16089
V2cam,5750,0.87722,0.91098,0.8387,0.0793,0.03545,0.014,316.2,301.5,100575,305.0,1153.3,11.858,50.052,30.13824
V2cam,5800,0.86024,0.89915,0.8307,0.0761,0.03111,0.01709,318.8,301.5,100702,305.2,1158.9,11.74,49.45,30.03467
V2cam,5900,0.83156,0.87691,0.81557,0.0699,0.02611,0.02196,323.4,301.7,100900,305.6,1169.3,11.517,48.312,29.8494
V2cam,6000,0.81029,0.8596,0.80409,0.0646,0.02567,0.02552,327.3,301.8,101003,306.1,1178.0,11.348,47.427,29.79926
V2cam,6100,0.79879,0.85074,0.79717,0.063,0.02193,0.02545,327.8,301.9,101011,306.8,1183.0,11.252,46.892,29.95416
V2cam,6200,0.8257,0.87274,0.8124,0.0691,0.01761,0.01789,319.5,301.7,100907,306.6,1178.0,11.519,48.093,31.22498
V2cam,6250,0.83538,0.88241,0.82292,0.0674,0.0154,0.01752,319.4,301.6,100830,306.1,1181.1,11.671,48.776,31.92382
V2cam,6300,0.84288,0.88966,0.83189,0.0649,0.01365,0.01773,319.2,301.5,100738,305.8,1184.9,11.801,49.36,32.56449
V2cam,6400,0.8425,0.88869,0.83405,0.0615,0.01221,0.01779,319.6,301.6,100660,305.8,1191.3,11.833,49.436,33.13233
V2cam,6500,0.84005,0.88567,0.83217,0.0604,0.01469,0.01742,319.5,301.7,100634,305.9,1194.5,11.822,49.306,33.56153
V2cam,6600,0.84039,0.88511,0.831,0.0611,0.01436,0.01713,318.9,301.7,100606,306.0,1197.1,11.813,49.188,33.99631
V2cam,6700,0.84359,0.8871,0.8318,0.0623,0.01489,0.01602,317.9,301.8,100556,306.1,1198.4,11.842,49.245,34.55139
V2cam,6750,0.84617,0.88888,0.83305,0.0628,0.01657,0.01513,317.2,301.8,100525,306.1,1197.7,11.87,49.341,34.8771
V2cam,6800,0.84889,0.8905,0.83401,0.0634,0.01783,0.01461,316.8,301.8,100495,306.1,1197.8,11.892,49.41,35.18458
V2cam,6900,0.8607,0.8992,0.83954,0.0663,0.02189,0.01272,314.7,301.8,100398,306.3,1194.5,11.99,49.799,35.98308
V2cam,7000,0.88172,0.91358,0.84966,0.07,0.02275,0.00845,311.6,301.7,100271,306.2,1188.9,12.16,50.531,37.04116
V2cam,7100,0.9131,0.93126,0.85683,0.0799,0.03237,0.00105,309.5,301.6,100099,305.8,1169.9,12.302,51.132,38.01717
V2cam,7200,0.92206,0.93506,0.85486,0.0858,0.03953,9e-05,309.8,301.6,99979,306.0,1161.1,12.293,51.011,38.46139
V2cam,7250,0.923,0.93562,0.85394,0.0873,0.03943,4e-05,310.2,301.6,99934,306.3,1161.3,12.274,50.883,38.6313
V2cam,7300,0.92343,0.93653,0.85431,0.0878,0.03858,0.0,310.6,301.6,99893,306.7,1162.5,12.28,50.869,38.88702
V2cam,7400,0.92856,0.94401,0.85959,0.0894,0.03696,0.0,311.5,301.6,99825,307.4,1164.9,12.351,51.133,39.6243
V2cam,7500,0.94972,0.9651,0.87574,0.0926,0.03837,0.0,311.5,301.4,99675,307.5,1165.3,12.581,52.147,40.95616
V2cam,7600,0.97533,0.99031,0.89755,0.0937,0.04199,0.0,311.0,301.1,99563,307.3,1165.4,12.919,53.685,42.72629
V2cam,7700,0.99738,1.01037,0.91429,0.0951,0.04932,0.0,309.7,300.8,99582,306.5,1163.4,13.206,54.975,44.32866
V2cam,7750,1.0028,1.0138,0.91707,0.0954,0.05324,1e-05,309.1,300.7,99641,306.2,1162.3,13.272,55.25,44.83969
V2cam,7800,1.00192,1.01287,0.91766,0.094,0.05297,5e-05,308.7,300.7,99665,305.9,1163.7,13.294,55.316,45.18289
V2cam,7900,0.99522,1.00618,0.9143,0.0913,0.04913,0.00014,308.1,300.7,99649,305.5,1166.4,13.273,55.136,45.61324
V2cam,8000,0.99051,1.00028,0.91011,0.0901,0.05043,0.00011,307.7,300.7,99584,305.1,1169.3,13.219,54.801,45.90998
V2cam,8100,0.98514,0.99509,0.9075,0.088,0.05481,9e-05,307.5,300.8,99488,304.9,1174.1,13.186,54.563,46.28197
V2cam,8200,0.98052,0.99173,0.90705,0.0854,0.04962,0.00016,307.5,300.8,99384,304.8,1177.6,13.174,54.426,46.73571
V2cam,8250,0.97937,0.99063,0.90693,0.0845,0.04558,0.00019,307.4,300.9,99329,304.8,1179.1,13.176,54.396,46.99477
V2cam,8300,0.97693,0.98923,0.9066,0.0835,0.04189,0.00015,307.4,300.9,99271,304.7,1180.8,13.173,54.342,47.23265
V2cam,8400,0.97331,0.9862,0.9058,0.0815,0.03835,0.00024,307.5,301.0,99139,304.8,1183.9,13.159,54.198,47.67505
V2cam,8500,0.97244,0.98473,0.90454,0.0814,0.03784,0.00029,307.5,301.0,98988,304.8,1184.7,13.136,54.008,48.07349
V2cam,8600,0.97268,0.98406,0.90369,0.0817,0.03627,0.00028,307.6,301.1,98811,304.9,1185.2,13.119,53.846,48.49316
V2cam,8700,0.97512,0.98471,0.90338,0.0826,0.03848,0.00025,307.6,301.2,98581,305.0,1184.9,13.101,53.679,48.90489
V2cam,8750,0.97618,0.98482,0.90252,0.0836,0.03969,0.00025,307.7,301.2,98422,305.1,1185.0,13.073,53.508,49.02927
V2cam,8800,0.97609,0.98455,0.90228,0.0836,0.04041,0.00025,307.8,301.3,98221,305.3,1186.6,13.043,53.325,49.14079
V2cam,8900,0.97642,0.98457,0.90309,0.0828,0.04019,9e-05,307.9,301.4,97690,305.6,1191.3,12.991,52.995,49.39165
V2cam,9000,0.97276,0.98124,0.90169,0.0811,0.04187,3e-05,308.0,301.6,97207,305.8,1196.6,12.905,52.502,49.48197
V2cam,9100,0.96418,0.97242,0.89181,0.0829,0.04728,8e-05,308.3,301.7,96775,306.0,1201.7,12.631,51.115,48.71003
V2cam,9200,0.9552,0.96531,0.88768,0.0804,0.04894,0.0,308.7,301.9,96458,306.1,1220.3,12.286,49.392,47.58533
V2cam,9250,0.95721,0.96749,0.88979,0.0803,0.05085,0.0,308.7,301.9,96352,306.0,1222.6,12.281,49.324,47.77807
V2cam,9300,0.9594,0.96927,0.89108,0.0807,0.05306,0.0,308.7,301.8,96297,306.0,1225.1,12.259,49.181,47.89707
V2cam,9400,0.96118,0.97157,0.89454,0.0793,0.05652,0.0,308.7,301.8,96272,305.9,1232.0,12.234,48.979,48.21325
V2cam,9500,0.9615,0.97319,0.89861,0.0766,0.05876,8e-05,308.8,301.7,96262,305.9,1240.0,12.216,48.811,48.55902
V2cam,9600,0.96185,0.97523,0.90281,0.0743,0.06148,0.0003,309.0,301.6,96279,305.9,1247.4,12.215,48.729,48.98773
V2cam,9700,0.96289,0.97762,0.9071,0.0721,0.0646,0.00071,309.4,301.6,96265,305.9,1252.8,12.239,48.758,49.52748
V2cam,9750,0.96353,0.979,0.90976,0.0707,0.06645,0.001,309.6,301.5,96249,306.0,1256.0,12.243,48.739,49.76338
V2cam,9800,0.96336,0.97969,0.9118,0.0693,0.06914,0.00135,309.8,301.5,96230,306.0,1259.6,12.239,48.678,49.95597
V2cam,9900,0.96481,0.98276,0.91705,0.0669,0.07369,0.00213,310.4,301.5,96203,306.2,1265.3,12.272,48.756,50.54659
V2cam,10000,0.96473,0.98467,0.92112,0.0645,0.07645,0.00333,311.3,301.4,96151,306.4,1271.5,12.287,48.742,51.0425
V2cam,10250,0.96354,0.9892,0.93154,0.0583,0.07886,0.0072,314.2,301.3,96017,307.4,1284.6,12.367,48.922,52.51177
V2cam,10500,0.96356,0.99507,0.94467,0.0506,0.08508,0.01116,317.3,301.2,95951,308.7,1298.3,12.5,49.35,54.26316
V2cam,10750,0.95989,0.99752,0.95458,0.0431,0.08606,0.01635,322.1,301.0,95958,311.0,1312.3,12.601,49.626,55.86584
V2cam,11000,0.9508,0.99556,0.95873,0.037,0.07217,0.0226,328.2,301.0,95922,313.7,1322.9,12.619,49.502,57.02221
V2cam,11250,0.93917,0.99113,0.95721,0.0342,0.06798,0.0288,334.5,300.9,95932,316.9,1331.3,12.567,49.045,57.77978
V2cam,11500,0.9284,0.98488,0.95243,0.033,0.07321,0.03251,339.3,300.8,95961,320.4,1335.8,12.494,48.484,58.38817
V2cam,11750,0.92071,0.97787,0.94543,0.0332,0.06718,0.03171,341.0,300.8,95882,323.9,1337.6,12.395,47.803,58.81954
V2cam,12000,0.91095,0.96629,0.93216,0.0353,0.0648,0.02827,340.4,300.8,95660,326.8,1337.5,12.207,46.696,58.67992
V2cam,12250,0.89544,0.94894,0.91162,0.0393,0.06111,0.0247,339.1,300.8,95564,329.1,1334.7,11.944,45.228,58.01925
V2cam,12500,0.87826,0.92894,0.88727,0.0449,0.05622,0.01923,335.6,300.7,95746,330.3,1327.7,11.655,43.636,57.11939
