engine,variant,RMSE WOT 6-13.5k,bias WOT 6-13.5k,RMSE peak 7-11.5k,bias peak 7-11.5k,RMSE high 10.5k+,bias high 10.5k+,RMSE 6-8.5k,bias 6-8.5k,ECU VE corr,VE peaks,VE troughs,VE mean,P peak kW(wheel),max |nonc|/cyc g,min conv
sdm25,cam_only,3.934599089252257,0.19627414588581463,2.2843784059586008,-1.540525126889559,2.385480783118652,-1.3465827665674766,5.390531399330215,2.512078452591974,0.04792793010055477,"[4650, 5870, 6150, 7760, 8590, 9650, 11100]","[4490, 5260, 5880, 6660, 8150, 9140, 10420]",0.8176135742567923,50.17829925439768,0.0008879421578974686,30
sdm25,f1_dir,4.424361956048147,0.36527891077978,2.5356424249579845,-1.596992303342395,2.7797332673766544,-1.5876339156058592,6.014417908567838,3.3432858398279333,0.016618632539328514,"[4690, 5840, 7070, 7950, 8560, 9810, 11330]","[4540, 5300, 6720, 7180, 8200, 9240, 10590]",0.8288567539668193,50.30709531316621,0.0017856751516911974,30
sdm25,shipped,4.352983394910812,0.7255649762824026,2.231458513077377,-1.1911261884833546,2.392459973676001,-0.889725483909541,6.081445471243573,3.4791572559969826,-0.004857028101546991,"[4710, 5830, 7030, 7950, 8560, 9790, 11210]","[4530, 5300, 6710, 7210, 8210, 9190, 10500]",0.833037359219714,50.90100851745601,0.0010204334994878394,30
sdm25,v2,5.031532930530346,3.625683456284154,3.2017361352677645,2.048451176968363,5.084641488211704,4.463653976779717,5.912461150888958,3.8435171685339182,0.29218262727452077,"[4790, 6290, 7410, 9250, 11100]","[4400, 5270, 6510, 8220, 9910]",0.9172315217065582,57.444715466850504,0.00235675943792825,30
sdm25,v2cam,3.705969825939682,0.8095402958964579,2.2121393005376584,-0.7069151680369348,1.8529554700889046,0.472028492272473,5.329665808110525,1.7539809309416328,0.3310199272396748,"[4770, 6230, 7010, 9220, 11100]","[4380, 5260, 6430, 7980, 9770]",0.903528590946413,52.88021039988456,0.0025713331619159558,30
sdm25,v2cam_noventuri,6.6320942438548505,-4.3256035438936715,6.482099302853203,-6.016904043797157,7.734158341503234,-7.69722963909706,5.81258338849592,-0.7060732197203782,0.30604865167485346,"[4740, 5780, 7060, 9000, 9750, 10520]","[4380, 5210, 6350, 8070, 9530, 9960]",0.8188966500721556,43.73502090682831,0.00262899392601372,30
sdm26,cam_only,2.612711995639646,0.05201215367159784,2.446286292269004,0.9101051526647079,3.216689848659243,0.8941419811688078,2.3984765034459374,-0.4946793580231361,-0.3768682047913251,"[5120, 5500, 6870, 8070, 9280, 11420]","[4270, 5130, 6460, 6880, 8800, 11150]",0.8241994818102012,46.671822137228766,0.0016955898868267934,30
sdm26,f1_dir,1.8066489999222657,0.21140970328341568,1.8714696404179723,0.6411486519727134,2.1229670128140663,0.7219344795151496,1.6805807668753645,0.2272323352015396,-0.3041627457035999,"[4540, 5550, 6830, 8220, 9440]","[4270, 4740, 6440, 7430, 8980]",0.8378992906351801,44.948306642170195,0.0025226136171444284,30
sdm26,f2_venturi,9.645766273569908,8.173482959657367,8.245572918618096,7.193328986027493,13.748431413572025,13.564486456881403,4.046891764692574,3.628033247658809,-0.03101103952149185,"[5540, 6840, 8310, 9130, 11320, 11880]","[4270, 6450, 7270, 9100, 9570, 11430]",0.9354140129186239,59.22125019412195,0.002903856763819242,30
sdm26,f4_collector_ec,2.5912121530142436,1.1219385242820625,2.74835424195945,1.5598791262074996,3.37553579103333,2.217922501185469,2.1060035603245426,0.561286817155232,-0.3385623536936073,"[4530, 5520, 6830, 8090, 9330, 11620]","[4260, 4760, 6440, 7410, 8950, 11220]",0.8475422478369535,47.69813573815457,0.0025176953408745633,30
sdm26,f4_runner_ec,2.9615381197071478,1.0567517310446772,3.288457719864907,2.071203145768506,3.576693383699603,1.5637225458046455,2.9065079230943898,0.9069931210797595,-0.3384623781243071,"[4230, 5260, 6310, 7620, 8520, 9220, 11100]","[4610, 6040, 7030, 8240, 8680, 10530]",0.8469084146248449,47.668300856602315,0.0018574080637891047,30
sdm26,f5_open_end,2.8498717572711993,1.4428093989163897,2.9575035664979716,1.570755417137314,3.7299964471029257,2.872629212611432,2.2485073270864966,0.9186003095556821,-0.2747829394459805,"[4590, 5520, 6790, 8080, 9320, 11550]","[4160, 4760, 6370, 7410, 8940, 11270]",0.848311155838602,48.37672193638611,0.002871115341315702,30
sdm26,f7_fuel,3.2549447380689833,-2.300675630313936,2.7870043877979405,-1.7260100316491958,3.3509810971557057,-1.9172154326820876,2.7278681513146203,-1.9377053801372235,-0.3544905921703657,"[4570, 5520, 6820, 8080, 9320, 11610]","[4260, 4760, 6420, 7400, 8940, 11220]",0.8462466030544226,43.570635613555865,0.002633919497182645,30
sdm26,shipped,2.56406193462065,1.0369568283465909,2.710086588674789,1.4745979758836298,3.3365259806332315,2.1268115670756194,2.0815624259572028,0.4946658221228238,-0.33301631225399725,"[4530, 5530, 6820, 8090, 9330, 11630]","[4260, 4760, 6440, 7410, 8940, 11220]",0.8469391613039378,47.628453487498724,0.002230176791355302,30
sdm26,v2,5.743097796553833,4.1672843184696555,5.074921789081669,3.5598682661486434,8.303967069013082,8.028799473706682,2.6509458849962697,1.5303745639709547,-0.08517017371917263,"[5300, 6530, 7870, 8890, 10650, 11630]","[6040, 7010, 8800, 9340, 11350]",0.9290073854295449,53.265363297088925,0.0028481998363187816,30
sdm26,v2cam,4.021586930754114,1.1934042219687846,4.034855505094455,1.0878805351145897,5.298815641083409,4.541402613724175,2.494509097591962,-0.7793167728942484,-0.12579694833001426,"[5270, 7830, 8760, 10000, 10380]","[6060, 8540, 9320, 10370]",0.9025227526958534,49.99663486780568,0.0024732798838459323,30
sdm26,v2cam_noventuri,5.734985316007498,-4.957734596672344,4.925915056419438,-4.1093413270059145,6.030969597136623,-5.153631490200399,4.293077257391932,-3.5653162048159825,-0.26138670608330405,"[5250, 6560, 7770, 9060]","[6090, 6660, 8640]",0.8153164427337684,40.253557407708456,0.002433041437116361,30
