geometry,points,Cd_choked,Cd_fit,R_fit,R_onset,choke_onset,fit_rms_pct,fit_max_pct,attached_down_to,R_1D,Cd_1D
A,20,0.9736,0.9741,0.724,0.7551,0.8845,0.0775,0.1766,0.7807,0.572,0.95
A_NOZ,20,0.9787,0.9795,0.7446,0.7552,0.8845,0.1148,0.2614,0.8019,0.5883,0.9552
A_SMOOTH,20,0.9848,0.9873,0.787,0.8246,0.9173,0.8042,2.1802,0.8959,0.6218,0.9629
B,20,0.9787,0.9744,0.6786,0.6748,0.8466,0.5076,0.8448,0.987,0.5362,0.9503
B_SMOOTH,20,0.9895,0.9887,0.7573,0.7766,0.8946,0.4038,1.3982,0.987,0.5984,0.9642
C,20,0.9787,0.9759,0.6828,0.6753,0.8468,0.349,0.5944,0.9097,0.5395,0.9518
D,20,0.9787,0.9714,0.6622,0.6179,0.8198,0.6682,0.9249,0.9867,0.5232,0.9474
E,20,0.9787,0.9643,0.5656,0.5179,0.7726,1.0231,1.4622,0.9858,0.4469,0.9405
F,20,0.9787,0.9779,0.7262,0.744,0.8792,0.132,0.2968,0.7944,0.5737,0.9537
G,20,0.9787,0.9766,0.712,0.6891,0.8534,0.2677,0.5051,0.7891,0.5625,0.9525
