reference,mode,geometry,top_10p5_12p5k,p1_6_12k,low_4_6k
A_CAD_KS200,ratio,A_CAD,2.07,1.35,0.53
A_CAD_KS200,ratio,A_CAD_KS120,0.86,0.56,0.21
A_CAD_KS200,ratio,A_CAD_KS20,3.33,2.07,0.86
A_CAD_KS200,ratio,A_CAD_KS200,0.0,0.0,0.0
A_CAD_KS200,ratio,A_CAD_SMOOTH,4.03,2.46,1.08
A_CAD_KS200,ratio,G,2.82,1.83,0.72
A_CAD_KS200,ratio,L127,3.31,2.06,0.84
A_CAD_KS200,ratio,L140,3.71,2.29,0.99
A_CAD_KS200,absolute,A_CAD,3.35,2.07,0.89
A_CAD_KS200,absolute,A_CAD_KS120,2.04,1.33,0.53
A_CAD_KS200,absolute,A_CAD_KS20,4.68,2.84,1.3
A_CAD_KS200,absolute,A_CAD_KS200,1.11,0.73,0.28
A_CAD_KS200,absolute,A_CAD_SMOOTH,5.39,3.25,1.56
A_CAD_KS200,absolute,G,4.12,2.51,1.12
A_CAD_KS200,absolute,L127,4.62,2.79,1.26
A_CAD_KS200,absolute,L140,5.08,3.05,1.45
A_CAD_KS200,absolute,A,4.36,2.62,1.2
A_CAD_KS200,absolute,A_KS20,5.52,3.32,1.6
A_CAD_KS200,absolute,A_NOZ,4.98,3.0,1.4
A_CAD_KS200,absolute,A_SMOOTH,6.16,3.68,1.86
A_CAD_KS200,absolute,B,3.22,2.0,0.83
A_CAD_KS200,absolute,B_KS20,4.62,2.81,1.26
A_CAD_KS200,absolute,B_SMOOTH,5.47,3.31,1.57
A_CAD_KS200,absolute,C,3.38,2.1,0.87
A_CAD_KS200,absolute,D,2.75,1.79,0.71
A_CAD_KS200,absolute,E,0.26,0.17,0.04
A_CAD_KS200,absolute,F,4.5,2.71,1.23
