rpm_lo,rpm_hi,frac
3000,3250,0.027917957798435887
3250,3500,0.03305297329201712
3500,3750,0.022635384388372436
3750,4000,0.013634351482957061
4000,4250,0.019330087059170723
4250,4500,0.027209679799321235
4500,4750,0.02732772613250701
4750,5000,0.023373173970783534
5000,5250,0.028390143131178987
5250,5500,0.024317544636269735
5500,5750,0.022812453888151098
5750,6000,0.02977718754611185
6000,6250,0.036771432787369045
6250,6500,0.03745019920318725
6500,6750,0.03464659879002509
6750,7000,0.03712557178692637
7000,7250,0.03712557178692637
7250,7500,0.03240371845949535
7500,7750,0.03151837096060204
7750,8000,0.023373173970783534
8000,8250,0.027593330382175003
8250,8500,0.029747675962815405
8500,8750,0.03697801387044415
8750,9000,0.03441050612365353
9000,9250,0.03966356795042054
9250,9500,0.045034676110373324
9500,9750,0.03750922236978014
9750,10000,0.03762726870296591
10000,10250,0.040607938615906745
10250,10500,0.03213811420982736
10500,10750,0.01782499631105209
10750,11000,0.019625202892135162
11000,11250,0.009679799321233584
11250,11500,0.008086173823225616
11500,11750,0.00734838424081452
11750,12000,0.0029511583296443853
12000,12250,0.0015050907481186366
12250,12500,0.0008263243323004279
12500,12750,0.0005312084993359894
12750,13000,0.00011804633318577541
