file,user,lap,raw,cones,off,assists,model,in_model,above,wot,rpm_med,t0,t1
20260929-220712-autocross-magh,c8a553a2,1,37.54,0,0,0,2,0.43,0.57,0.63,12746,1.58,39.12
20260928-172956-autocross-arm0,cad652ea,1,37.572,0,0,0,3,0.48,0.49,0.63,12448,0.16,37.73
20260929-220007-autocross-5dgr,c8a553a2,1,37.668,0,0,0,2,0.44,0.56,0.63,12723,1.35,39.01
20260929-212728-autocross-3hfo,c8a553a2,1,37.674,0,0,0,2,0.48,0.52,0.61,12591,2.79,40.46
20260928-165650-autocross-q6hx,cad652ea,1,37.718,0,0,0,2,0.46,0.51,0.64,12529,0.17,37.88
20260928-154827-autocross-sm9o,cad652ea,1,37.738,0,0,0,2,0.44,0.53,0.61,12644,0.16,37.9
20260928-172726-autocross-9nua,cad652ea,1,37.738,0,0,0,3,0.46,0.51,0.6,12536,0.16,37.9
20260928-155333-autocross-bdxn,cad652ea,1,37.754,0,0,0,2,0.49,0.48,0.63,12443,0.17,37.92
20260928-172030-autocross-mbkc,cad652ea,1,37.782,0,0,0,3,0.5,0.47,0.63,12371,0.16,37.94
20260928-152020-autocross-ifkc,cad652ea,1,37.812,0,0,0,2,0.43,0.54,0.65,12672,0.16,37.97
20260924-193803-autocross-427l,c8a553a2,1,37.868,0,0,0,3,0.45,0.55,0.63,12704,0.81,38.67
20260923-001912-autocross-xu5e,cad652ea,1,38.05,0,0,0,3,0.53,0.45,0.63,12323,0.18,38.23
20260923-222648-autocross-0dau,cad652ea,1,38.492,0,0,0,3,0.44,0.53,0.62,12653,0.17,38.66
20260928-235001-autocross-fosm,56d0ab67,1,38.752,3,0,0,2,0.47,0.53,0.63,12664,1.52,40.27
20260923-001559-autocross-bnou,cad652ea,1,38.759,2,0,0,3,0.47,0.47,0.58,12389,0.78,39.54
20260923-222123-autocross-c6c4,cad652ea,1,38.8,0,0,0,3,0.49,0.48,0.6,12399,0.53,39.33
20260928-224849-autocross-7hf6,251b20c6,1,39.014,0,0,0,2,0.9,0.07,0.54,10611,0.22,39.23
20260928-234716-autocross-871q,56d0ab67,1,39.102,3,0,0,2,0.46,0.54,0.58,12619,1.24,40.34
20260928-234903-autocross-sok8,56d0ab67,1,39.154,1,0,0,2,0.5,0.5,0.61,12490,1.26,40.41
20260928-223540-autocross-maqq,251b20c6,1,39.168,0,0,0,2,0.93,0.04,0.5,10670,0.17,39.33
20260927-215507-autocross-bkqm,56d0ab67,1,39.21,2,0,0,3,0.68,0.3,0.6,11771,0.18,39.38
20260927-220621-autocross-pdsz,56d0ab67,1,39.216,2,0,0,3,0.79,0.21,0.57,11555,8.56,47.77
20260928-234418-autocross-s4ed,56d0ab67,1,39.266,0,0,0,2,0.47,0.53,0.56,12612,1.43,40.69
20260927-221753-autocross-jrgn,56d0ab67,1,39.374,2,0,0,3,0.67,0.33,0.58,11900,1.17,40.53
20260927-211919-autocross-abh7,251b20c6,1,39.374,1,0,0,3,0.96,0.0,0.54,10284,0.51,39.88
20260928-224638-autocross-c1t3,251b20c6,1,39.394,0,0,0,2,0.93,0.03,0.53,10744,0.27,39.66
20260924-230034-autocross-qtwa,8e956620,1,39.4,0,0,0,2,0.47,0.52,0.56,12601,0.72,40.12
20260927-223013-autocross-c7z7,56d0ab67,1,39.478,2,0,0,3,0.66,0.34,0.58,11957,1.13,40.61
20260924-090215-autocross-rknr,251b20c6,1,39.614,2,0,0,3,0.87,0.09,0.54,11102,0.4,40.01
20260924-084431-autocross-en8i,251b20c6,1,39.614,2,0,0,3,0.76,0.21,0.53,11537,0.58,40.19
20260929-143003-autocross-5vil,8e956620,1,39.616,0,0,0,2,0.48,0.52,0.51,12573,1.49,41.1
20260924-225337-autocross-70xa,8e956620,1,39.686,0,0,0,2,0.47,0.52,0.55,12578,0.81,40.49
20260923-222033-autocross-d3mo,cad652ea,1,39.724,0,0,0,3,0.47,0.49,0.61,12452,0.35,40.07
20260924-141551-autocross-3zwu,8e956620,1,39.732,0,0,0,3,0.48,0.49,0.52,12442,0.65,40.37
20260928-233100-autocross-zelp,56d0ab67,1,39.756,2,0,0,2,0.66,0.34,0.57,11906,1.27,41.02
20260924-090131-autocross-plbo,251b20c6,1,39.768,4,0,0,3,0.9,0.07,0.5,11045,0.61,40.38
20260927-223153-autocross-2h4k,56d0ab67,1,39.818,3,0,0,3,0.65,0.35,0.58,11909,1.01,40.83
20260927-211159-autocross-ao4u,251b20c6,1,39.876,0,0,0,3,0.93,0.02,0.54,10070,0.68,40.56
20260923-005527-autocross-2uiw,e0243d5f,1,39.918,0,0,0,2,0.52,0.46,0.51,12313,0.18,40.09
20260924-090300-autocross-ww6w,251b20c6,1,39.958,5,0,0,3,0.84,0.12,0.5,11208,0.78,40.74
20260924-130449-autocross-039v,5c438ca3,1,39.998,0,0,0,2,0.86,0.12,0.52,11277,0.72,40.72
20260929-142903-autocross-zm06,8e956620,1,40.046,2,0,0,2,0.51,0.48,0.53,12365,0.69,40.73
20260924-141035-autocross-kfn6,8e956620,1,40.066,0,0,0,3,0.46,0.52,0.54,12558,0.6,40.66
20260923-224613-autocross-36pu,e0243d5f,1,40.068,0,0,0,2,0.46,0.51,0.53,12561,0.17,40.23
20260924-125805-autocross-i2e7,e0243d5f,1,40.068,0,0,0,2,0.46,0.5,0.54,12517,0.22,40.29
20260927-210559-autocross-ykna,251b20c6,1,40.07,0,0,0,3,0.95,0.0,0.53,9865,0.47,40.53
20260923-002230-autocross-hx88,cad652ea,1,40.109,3,0,0,3,0.58,0.39,0.58,12048,11.14,51.25
20260928-174726-autocross-h8qs,e0243d5f,1,40.11,0,0,0,2,0.49,0.47,0.51,12352,0.17,40.28
20260924-125428-autocross-n98p,5c438ca3,1,40.122,0,0,0,2,0.9,0.08,0.5,10824,0.61,40.73
20260924-131005-autocross-x0r1,5c438ca3,1,40.138,0,0,0,2,0.95,0.03,0.51,10986,0.65,40.79
20260927-211714-autocross-24p0,251b20c6,1,40.212,0,0,0,3,0.97,0.0,0.54,10214,0.52,40.73
20260928-174135-autocross-basy,e0243d5f,1,40.256,2,0,0,2,0.43,0.53,0.53,12632,0.17,40.42
20260924-134458-autocross-wr5j,8e956620,1,40.288,0,0,0,3,0.49,0.49,0.55,12469,1.28,41.57
20260924-131010-autocross-ddyu,e0243d5f,1,40.316,0,0,0,3,0.49,0.48,0.51,12430,0.19,40.5
20260924-124207-autocross-ovbk,5c438ca3,1,40.336,7,0,0,3,0.93,0.06,0.54,10475,0.77,41.11
20260924-130502-autocross-tbv1,e0243d5f,1,40.47,0,0,0,3,0.51,0.46,0.49,12261,0.17,40.64
20260924-130652-autocross-sxe0,e0243d5f,1,40.616,1,0,0,3,0.54,0.43,0.52,12171,0.17,40.78
20260924-123921-autocross-twzi,5c438ca3,1,40.638,3,0,0,3,0.85,0.13,0.5,11192,0.69,41.33
20260926-191307-autocross-g3h7,e0243d5f,1,41.07,1,0,0,3,0.51,0.46,0.49,12318,2.94,44.01
20260924-123718-autocross-qnqw,5c438ca3,1,41.094,0,0,0,3,0.94,0.04,0.5,10962,0.67,41.77
20260922-233658-autocross-yc7y,e0243d5f,1,41.333,0,0,0,3,0.52,0.46,0.51,12328,0.17,41.51
20260927-132535-autocross-2s8k,f4c2be5f,1,41.338,0,0,0,2,0.73,0.27,0.49,11662,1.23,42.57
20260927-130304-autocross-qagt,f4c2be5f,1,41.418,1,0,0,2,0.76,0.22,0.52,11461,1.41,42.83
20260927-142350-autocross-udat,5c438ca3,1,41.442,3,0,0,3,0.73,0.27,0.53,11771,0.65,42.1
20260927-131227-autocross-n64p,f4c2be5f,1,41.742,0,0,0,2,0.67,0.31,0.53,11839,0.75,42.49
20260924-085659-autocross-ay3s,251b20c6,1,41.932,0,0,0,3,0.91,0.05,0.45,10913,0.58,42.51
20260924-123527-autocross-vi8l,5c438ca3,1,41.942,0,0,0,3,0.89,0.1,0.51,11276,0.85,42.79
20260927-142304-autocross-1ucy,5c438ca3,1,41.944,0,0,0,3,0.75,0.25,0.48,11744,0.76,42.7
20260924-175437-autocross-9jlv,5c438ca3,1,41.948,1,0,0,3,0.83,0.17,0.52,11325,0.93,42.87
20260929-170117-autocross-gzio,251b20c6,1,41.998,1,0,0,2,0.85,0.08,0.47,10504,0.41,42.41
20260926-191538-autocross-j3pm,e0243d5f,1,42.574,3,0,0,3,0.96,0.0,0.52,9736,0.24,42.8
20260924-123401-autocross-vhf5,5c438ca3,1,42.584,0,0,0,3,0.84,0.14,0.49,11218,0.97,43.55
20260927-142217-autocross-apld,5c438ca3,1,43.106,2,0,0,3,0.8,0.2,0.47,11506,2.43,45.53
20260927-024600-autocross-hmwc,f4c2be5f,1,43.126,0,0,0,2,0.64,0.33,0.53,11926,0.2,43.32
20260926-222724-autocross-6kv7,e0243d5f,1,43.186,3,0,0,3,0.96,0.0,0.57,9803,0.22,43.4
20260929-165912-autocross-0n8u,251b20c6,1,43.602,1,0,0,2,0.82,0.1,0.44,9547,0.7,44.3
20260926-183933-autocross-3vt8,f4c2be5f,1,43.734,3,0,0,3,0.69,0.26,0.49,11472,1.15,44.88
20260926-184037-autocross-sl30,f4c2be5f,1,44.542,0,0,0,3,0.64,0.31,0.42,11810,0.52,45.07
20260929-171258-autocross-upc2,251b20c6,1,45.114,0,0,0,2,0.89,0.05,0.34,9870,0.57,45.68
20260926-222634-autocross-5kj3,e0243d5f,1,46.116,3,0,0,3,0.92,0.0,0.49,9628,2.87,48.99
20260928-175238-autocross-i16f,e0243d5f,1,78.56,16,5,0,2,0.6,0.29,0.89,11063,0.2,78.76
