rpm,runner_length_mm,extension_mm,plate_position_mm,follow_extension_mm,dp_extension_mm,torque_table,torque_follow,torque_dp,torque_fixed_short,torque_fixed_long,torque_failsafe,torque_baseline
4000,439.1,111.0,36.0,111.0,200.0,46.5892,46.5892,45.0307,43.9985,45.0307,43.8035,44.3537
4250,513.1,185.0,110.0,121.4,190.0,45.4877,41.3126,45.3455,43.1520,44.8035,42.6707,47.9386
4500,481.1,153.0,78.0,131.8,180.0,47.6959,44.3446,46.3601,45.3534,45.7584,45.0340,46.2385
4750,457.1,129.0,54.0,129.0,183.0,47.5198,47.5198,45.5126,44.1039,45.4333,43.9272,45.0769
5000,431.1,103.0,28.0,118.6,193.0,47.5315,46.7441,47.0176,42.8318,47.0956,43.8870,43.8888
5250,528.1,200.0,125.0,129.0,200.0,48.6350,45.8932,48.6350,47.0442,48.6350,47.8825,43.2794
5500,505.1,177.0,102.0,139.4,190.0,49.2275,48.9458,48.4786,48.6930,48.3075,48.1493,45.6590
5750,528.1,200.0,125.0,149.8,200.0,50.6167,49.1249,50.6167,49.1491,50.6167,48.7918,46.4024
6000,528.1,200.0,125.0,160.2,200.0,52.5806,49.0188,52.5806,49.2112,52.5806,49.4476,46.0081
6250,528.1,200.0,125.0,170.7,197.0,55.4699,52.3890,55.0166,48.9581,55.4699,48.7026,50.0582
6500,523.1,195.0,120.0,181.1,187.0,56.3174,55.9208,56.2036,48.4664,56.3058,48.6632,50.7855
6750,505.1,177.0,102.0,177.0,177.0,56.1777,56.1777,56.1777,49.4618,55.0330,49.6638,49.8400
7000,485.1,157.0,82.0,166.6,167.0,55.9656,55.8153,55.8015,49.7409,51.3763,50.2435,49.3896
7250,467.1,139.0,64.0,156.2,157.0,55.6050,55.0172,54.9619,51.1802,49.4639,52.5772,49.2075
7500,441.1,113.0,38.0,145.8,147.0,55.0172,53.5618,53.3606,52.7358,49.3938,53.1218,49.0686
7750,427.1,99.0,24.0,135.3,157.0,54.7055,52.1976,48.9226,53.5388,50.0945,54.2693,48.9346
8000,411.1,83.0,8.0,124.9,167.0,54.0229,50.4237,48.5935,53.8513,50.8351,54.0038,48.8065
8250,403.1,75.0,0.0,114.5,177.0,53.5349,49.1966,50.3310,53.5349,50.8657,53.3646,50.3145
8500,403.1,75.0,0.0,104.1,183.0,52.3627,47.7214,50.3293,52.3627,50.7635,51.5098,50.1369
8750,528.1,200.0,125.0,114.5,193.0,51.0065,46.1198,50.5993,50.1745,51.0065,47.9119,50.4981
9000,528.1,200.0,125.0,124.9,183.0,50.5677,47.0146,49.8093,46.1630,50.5677,44.9368,50.7669
9250,521.1,193.0,118.0,135.3,173.0,49.7776,47.7640,49.2044,44.0980,49.7060,44.4021,50.0841
9500,505.1,177.0,102.0,145.8,163.0,48.9094,47.7298,48.6021,43.9770,47.2076,44.5965,49.1797
9750,489.1,161.0,86.0,156.2,153.0,47.9244,47.8869,47.8065,43.6811,43.3184,44.6824,47.9134
10000,475.1,147.0,72.0,147.0,143.0,47.0017,47.0017,46.9793,44.1079,38.6639,45.3521,46.8511
10250,459.1,131.0,56.0,136.6,133.0,45.8606,45.8018,45.8549,44.4595,33.7219,44.4103,46.0136
10500,449.1,121.0,46.0,126.2,123.0,45.0573,44.9263,45.0276,43.6139,30.4148,43.5045,43.7741
10750,435.1,107.0,32.0,115.8,113.0,44.0860,43.8546,43.9689,42.8664,28.0794,43.4662,40.9119
11000,423.1,95.0,20.0,105.3,103.0,43.6473,43.3216,43.4500,43.0961,26.7377,43.5111,39.0447
11250,413.1,85.0,10.0,94.9,93.0,42.8143,42.4876,42.5927,42.7177,27.1701,42.8143,38.4977
11500,403.1,75.0,0.0,84.5,83.0,42.0813,41.6733,41.7631,42.0813,27.0890,41.6409,38.4845
11750,403.1,75.0,0.0,75.0,75.0,40.9990,40.9990,40.9990,40.9990,27.0353,40.0046,38.5282
12000,403.1,75.0,0.0,75.0,75.0,39.2901,39.2901,39.2901,39.2901,28.6146,37.6568,39.1437
12250,403.1,75.0,0.0,75.0,75.0,37.1690,37.1690,37.1690,37.1690,30.6520,35.1617,39.5245
12500,403.1,75.0,0.0,75.0,75.0,34.7840,34.7840,34.7840,34.7840,32.4875,32.3372,39.1603
